الرقم,السؤال,الجواب,Family_Law_Category
1,ما تعريف النفقة في نظام الأحوال الشخصية؟,"النفقة هي ما يُصرف للمنفَق عليه من مال لتأمين حاجاته الأساسية، مثل الطعام، الكسوة، السكن، والحاجيات الأخرى الضرورية، وفقًا للعرف المعمول به في المجتمع والأحكام المنصوص عليها في نظام الأحوال الشخصية.",Alimony and Maintenance 
2,على من تجب النفقة من الزوجين؟,"النفقة واجبة على كل شخص في ماله حسب قدرته المالية، وفقًا للمادة 44 من نظام الأحوال الشخصية. أما بالنسبة للزوجة، فإن نفقتها واجبة على زوجها حتى لو كانت موسرة، بينما النفقة على الزوج لا تُلزم الزوجة إلا في حالات استثنائية يقررها القاضي.",Alimony and Maintenance 
3,ما الأمور التي تشملها النفقة وفق النظام؟,"تشمل النفقة، وفقًا للمادة 45 من نظام الأحوال الشخصية، الطعام، الكسوة، السكن، والحاجيات الأساسية الأخرى الضرورية، وفق العرف المعمول به في المجتمع، مع مراعاة احتياجات المنفق عليه وقدرة المنفق ماليًا. ",Alimony and Maintenance 
4,هل يمكن أن تكون النفقة نقدًا فقط؟,"لا، النفقة ليست مقتصرة على النقد فقط، بل يجوز أن تكون نقدًا أو عينًا (مثل توفير السكن أو الطعام) أو منفعة (مثل الخدمات)، وفقًا للمادة 47 من نظام الأحوال الشخصية، حسب الاتفاق أو تقدير المحكمة. ",Alimony and Maintenance 
5,كيف يتم تقدير النفقة؟,"يتم تقدير النفقة بناءً على حال المنفق عليه من حيث احتياجاته الأساسية وسعة حال المنفق من حيث قدرته المالية، وذلك وفق المادة 46 من نظام الأحوال الشخصية، مع مراعاة العرف المعمول به في المجتمع.",Alimony and Maintenance 
6,هل يجوز زيادة النفقة أو إنقاصها؟,"نعم، يجوز زيادة النفقة أو إنقاصها تبعًا لتغير الأحوال المالية أو الاجتماعية للمنفق أو المنفق عليه، وذلك برفع دعوى أمام المحكمة. وفقًا للمادة 48 من نظام الأحوال الشخصية، لا تُسمع دعوى الزيادة أو النقصان قبل مرور سنة من تاريخ صدور الحكم، إلا في الظروف الاستثنائية التي تقدرها المحكمة بناءً على تقديرها. ",Alimony and Maintenance 
7,من أي تاريخ تستحق النفقة المستمرة؟,"تستحق النفقة المستمرة للزوجة والأولاد والوالدين من تاريخ إقامة الدعوى للمطالبة بها، وفقًا للمادة 49 من نظام الأحوال الشخصية. كما أنها تُعتبر دينًا ممتازًا يقدم على سائر الديون، باستثناء النفقة الماضية التي تخضع لأحكام الديون الأخرى.",Alimony and Maintenance 
8,هل تعتبر النفقة دينًا في ذمة المنفق؟,"نعم، تعتبر النفقة دينًا في ذمة المنفق، وهي دين ممتاز يقدم على سائر الديون باستثناء النفقة الماضية التي تخضع لأحكام الديون الأخرى، وفقًا للمادة 49 من نظام الأحوال الشخصية. ",Alimony and Maintenance 
9,ما الإجراءات المتبعة للمطالبة بالنفقة؟,"تتم المطالبة بالنفقة برفع دعوى أمام محكمة الأحوال الشخصية المختصة، ويمكن للمحكمة، بناءً على طلب المدعي، الحكم بنفقة مؤقتة أثناء نظر الدعوى إذا اقتضت الحاجة، وذلك وفق المادة 50 من نظام الأحوال الشخصية. ",Alimony and Maintenance 
10,هل تسقط النفقة بالتقادم؟,"النفقة لا تسقط إلا بالأداء (دفع المبلغ المستحق) أو الإبراء (تنازل المنفق عليه عن حقه). ومع ذلك، لا تُسمع دعوى النفقة السابقة عن مدة تزيد على سنتين من تاريخ إقامة الدعوى، مما يعني أن المطالبة بأثر رجعي محدودة بمدة سنتين فقط، ما لم يقرر القاضي خلاف ذلك في ظروف استثنائية. ",Alimony and Maintenance 
11,متى تجب النفقة للزوجة؟,"تجب النفقة للزوجة بمجرد إبرام عقد الزواج الصحيح، شريطة أن تُمكّن نفسها للزوج حقيقةً (بإتمام العلاقة الزوجية) أو حكمًا (بغياب عذر شرعي يمنع ذلك)، وفقًا للمادة 51 من نظام الأحوال الشخصية. ",Alimony and Maintenance 
12,متى يسقط حق الزوجة في النفقة؟,"يسقط حق الزوجة في النفقة إذا منعت نفسها عن الزوج، أو امتنعت عن الانتقال إلى بيت الزوجية، أو المبيت فيه، أو امتنعت من السفر مع الزوج دون عذر مشروع، وفقًا لأحكام القانون السعودي. ",Alimony and Maintenance 
13,هل تستحق المطلقة نفقة بعد الطلاق؟,"تستحق المعتدة من طلاق رجعي النفقة حتى انتهاء عدتها، أما المعتدة من طلاق بائن فلا تستحق النفقة إلا إذا كانت حاملًا، فتنفق حتى تضع حملها. ",Alimony and Maintenance 
14,هل للمعتدة من وفاة زوجها نفقة؟,"لا تستحق المعتدة من الوفاة نفقة، إلا إذا كانت حاملًا، فتنفق من مال الحمل، أو على من يرثه إن لم يكن له مال. ",Alimony and Maintenance 
15,هل يمكن للزوجة المطالبة بالنفقة عن مدة سابقة؟,"نعم، يحق للزوجة المطالبة بالنفقة عن مدة سابقة  لكن أي مطالبة بنفقة عن فترة مضى عليها أكثر من سنتين قبل رفع الدعوى تسقط ولا تنظرها المحكمة. ",Alimony and Maintenance 
16,على من تجب نفقة الأولاد؟,"تجب نفقة الأولاد على الأب منفردًا إذا كان موسرًا أو قادرًا على التكسب، وفق القانون السعودي.",Alimony and Maintenance 
17,حتى متى تجب نفقة الأولاد؟,"تجب نفقة الابن حتى يصل إلى الحد الذي يقدر فيه أمثاله على التكسب، وللبنت حتى تتزوج، وفق أحكام القانون السعودي.",Alimony and Maintenance 
18,ماذا لو امتنع الأب عن الإنفاق على أولاده؟,"إذا كان الأب موسرًا وامتنع عن الإنفاق، يمكن للمحكمة إصدار حكم تنفيذي يتيح اقتطاع النفقة مباشرة من راتبه أو أي دخل له، وفقًا لأحكام النظام الأساسي للتنفيذ. وإذا لم يكن له مال يمكن الإنفاق منه، تتولى الأم الإنفاق إن كانت موسرة، وإلا فينفق من تجب عليه النفقة بعد الأب، وتكون نفقة الأب دينًا على الأب يرجع به المنفق إذا نوى الرجوع.",Alimony and Maintenance 
19,هل تسقط نفقة الأولاد إذا أنفق عليهم غير الأب؟,"نعم، إذا أنفق عليهم شخص آخر دون نية الرجوع على الأب، تسقط النفقة عن الأب، وفق القانون السعودي.",Alimony and Maintenance 
20,هل يجب على الأب دفع أجرة إرضاع طفله؟,"نعم، إذا تعذر على الأم إرضاعه أو لم تكن زوجته، يجب على الأب دفع أجرة الإرضاع، وتعد من النفقة الواجبة، وفق القانون السعودي.",Alimony and Maintenance 
21,هل تجب النفقة على الوالدين؟,"نعم، إذا كان الوالدان غير موسرين، يجب على الأولاد الموسرين الإنفاق عليهما بقدر إرثهم منهما، وفق أحكام القانون السعودي.",Alimony and Maintenance 
22,هل يحق للابن المطالبة بإعانة إخوته في نفقة والديه؟,"نعم، إذا أنفق الابن على والديه ولم ينوِ التبرع، فله الرجوع على إخوته بما زاد عن نصيبه، وفق القانون السعودي.",Alimony and Maintenance 
23,هل تسقط نفقة الوالدين بمضي المدة؟,"لا، ولكن لا تسمع دعوى الرجوع بالنفقة عن مدة تزيد على 180 يومًا من تاريخ إقامة الدعوى، وفق القانون السعودي.",Alimony and Maintenance 
24,هل تجب النفقة على الأقارب؟,"نعم، تجب النفقة لكل مستحق للنفقة غير قادر على التكسب، على وارثيه الموسرين وفق أنصبتهم في الإرث، وفق أحكام القانون السعودي.",Alimony and Maintenance 
25,ما الأولوية في الإنفاق عند تعدد المستحقين؟,"عند تعدد المستحقين للنفقة، تحدد أولويات الإنفاق كالتالي: تقدم نفقة الزوجة (بما في ذلك المعتدة من الطلاق الرجعي أثناء العدة)، ثم نفقة الأولاد (بما في ذلك نفقة الإرضاع إن وجدت)، ثم نفقة الوالدين إذا كانا غير موسرين، ثم نفقة الأقارب الأقرب فالأقرب من حيث القرابة، وفق أنصبتهم في الإرث إذا كانوا موسرين. إذا لم يكن هناك كفاية مالية لتغطية جميع النفقات، يقوم القاضي بتقدير الأولويات بناءً على الظروف والاحتياجات، مع مراعاة الأحكام القانونية.",Alimony and Maintenance 
26,متى تسقط نفقة القريب؟,"تسقط نفقة القريب إذا لم ينفق عليه من وجبت عليه النفقة ولم يطالب بها خلال المدة القانونية المحددة، أو إذا لم يُقدم المستحق دعوى للمطالبة بالنفقة خلال 180 يومًا من تاريخ إقامة الدعوى،  أو إذا أصبح القريب المستحق قادرًا على التكسب أو توفرت له موارد مالية تجعله غير بحاجة للنفقة.",Alimony and Maintenance 
27,هل يمكن إلزام الزوج بالنفقة قبل إثبات دعوى الطلاق؟,"نعم، يمكن إلزام الزوج بالنفقة قبل إثبات دعوى الطلاق، حيث يمكن للمحكمة الحكم بنفقة مؤقتة للزوجة أثناء نظر دعوى الطلاق، وذلك لضمان استمرار حقوقها المالية حتى يتم الفصل في الدعوى. ",Alimony and Maintenance 
28,هل يجوز تنفيذ حكم النفقة بأثر رجعي؟,"نعم، يجوز تنفيذ حكم النفقة بأثر رجعي، ولكن لا يجوز المطالبة بها عن مدة تزيد على سنتين سابقة لإقامة الدعوى. ",Alimony and Maintenance 
29,هل النفقة تعتبر من الديون التي لا تقبل التأجيل؟,"نعم، النفقة تُعتبر دينًا ممتازًا مقدمًا على باقي الديون، مما يعني أنها تُدفع على الفور دون تأجيل طالما ثبتت الحاجة وحضر من يجب عليه الإنفاق. ",Alimony and Maintenance 
30,هل يمكن إجبار المنفق على الدفع مباشرة؟,"نعم، يمكن إجبار المنفق على دفع النفقة مباشرة إذا ثبتت مسؤوليته عن النفقة وامتنع عن الدفع رغم قدرته المالية، حيث يمكن للمحكمة إصدار حكم تنفيذي يتيح التنفيذ الجبري، وفق النظام الأساسي للتنفيذ. ",Alimony and Maintenance 
31,ما حكم الزوج الذي يربط دفع النفقة بالسماح له بزيارة أبنائه؟,"حق النفقة هو حق مستقل عن حق الزيارة، ويجب على الزوج دفع النفقة لأبنائه بغض النظر عن حقه في زيارة أبنائه. ",Alimony and Maintenance 
32,كيف يتم التعامل مع امتناع الأب عن دفع النفقة بحجة فقره؟,"يتم التحقق من حالة الأب المالية من قبل المحكمة من خلال تقديم الأدلة المالية، فإذا ثبت إعساره الحقيقي تنتقل مسؤولية النفقة إلى من يليه في الأولوية، وإذا تبين أنه موسر يمكن للمحكمة إجباره على الدفع من خلال التنفيذ الجبري. ",Alimony and Maintenance 
33,هل يحق للزوجة طلب زيادة النفقة في حال ارتفاع تكاليف المعيشة؟,"نعم، يحق للزوجة طلب زيادة النفقة إذا طرأت تغييرات في ظروفها المالية أو الاجتماعية، مثل ارتفاع تكاليف المعيشة. ",Alimony and Maintenance 
34,كيف تتعامل المحكمة مع تهرب الزوج من دفع النفقة؟,"إذا ثبت تهرب الزوج من دفع النفقة رغم قدرته المالية، يمكن للمحكمة اللجوء إلى الجهات التنفيذية لإجباره على السداد، بما في ذلك الحجز على ممتلكاته أو الاستقطاع من دخله، وفق النظام الأساسي للتنفيذ. ",Alimony and Maintenance 
35,هل تسقط نفقة الأبناء البالغين؟,"نعم، تسقط نفقة الأبناء البالغين إذا ثبت أنهم قادرون على التكسب ولا توجد ظروف تمنعهم من ذلك. ",Alimony and Maintenance 
36,هل يجوز للزوجة المطالبة بنفقة عن مدة لم تكن فيها عند زوجها؟,لا يجوز للزوجة المطالبة بنفقة عن مدة لم تكن مقيمة في بيت الزوجية دون عذر مشروع.,Alimony and Maintenance 
37,هل تعتبر مصاريف التعليم جزءًا من النفقة الواجبة على الزوج؟,"نعم، قد تعتبر مصاريف التعليم جزءًا من النفقة الواجبة على الزوج إذا كانت الزوجة غير قادرة على تحمل تكاليف تعليمها وكان العرف يدعم ذلك. ",Alimony and Maintenance 
38,هل تشمل النفقة مصاريف العلاج والدواء؟,"نعم، تشمل النفقة مصاريف العلاج والدواء خصوصاً في العلاجات الضرورية التي لا غنى عنها لحفظ صحتها. ",Alimony and Maintenance 
39,"إذا كانت الزوجة تملك مصدر دخل، هل يسقط حقها في النفقة؟","لا، لا يسقط حق الزوجة في النفقة حتى لو كانت تملك مصدر دخل، طالما استمر عقد الزواج ولم تمنع نفسها عن الزوج دون عذر مشروع. ",Alimony and Maintenance 
40,هل يحق للزوجة طلب نفقة أعلى إذا كان الزوج ميسور الحال؟,"نعم، يحق للزوجة طلب نفقة أعلى إذا تغيرت الظروف المالية للزوج وأصبح ميسورًا. ",Alimony and Maintenance 
41,هل يمكن للزوجة إثبات عدم إنفاق الزوج عليها بشهادة الشهود؟,"نعم، يمكن للزوجة إثبات عدم الإنفاق بشهادة شهود عدول، بشرط أن تكون الشهادات موثوقة ومدعومة بأدلة مثل الفواتير أو الوثائق، وفق قانون الإثبات الشرعي. ",Alimony and Maintenance 
42,ماذا تفعل الزوجة إذا امتنع الزوج عن دفع النفقة رغم صدور حكم قضائي؟,"يمكن للزوجة اللجوء إلى محكمة التنفيذ لاتخاذ إجراءات مثل الحجز على راتب الزوج أو أملاكه، وفق النظام الأساسي للتنفيذ. ",Alimony and Maintenance 
43,هل تؤثر ديون الزوج على التزامه بدفع النفقة؟,"لا، لا تؤثر ديون الزوج على التزامه بدفع النفقة، فالنفقة تُعتبر دينًا ممتازًا مقدمًا على سائر الديون. ",Alimony and Maintenance 
44,هل يحق للزوجة التنازل عن نفقتها ثم الرجوع للمطالبة بها؟,"لا، لا يحق للزوجة الرجوع للمطالبة بالنفقة بعد تنازلها عنها إذا كان التنازل برضاها الحرة، وفق القوانين العامة للالتزامات. ",Alimony and Maintenance 
45,كيف يتم تحديد مقدار النفقة عند حدوث نزاع بين الزوجين؟,"تأخذ المحكمة بعين الاعتبار دخل الزوج، مستوى معيشة الزوجة السابقة، واحتياجاتها الأساسية. ",Alimony and Maintenance 
46,هل يحق للزوجة رفع دعوى نفقة مستقلة عن دعوى الطلاق؟,"نعم، يحق للزوجة رفع دعوى نفقة مستقلة عن دعوى الطلاق طالما استمر الزواج. ",Alimony and Maintenance 
47,هل يحق للزوجة طلب النفقة حتى لو لم تكن تعيش مع زوجها في نفس المسكن؟,"نعم، يحق للزوجة طلب النفقة حتى لو لم تكن تعيش مع زوجها إذا كان لديها سبب شرعي وعذر مشروع للعيش منفصلة.",Alimony and Maintenance 
48,هل يحق للزوج خصم ديونه على زوجته من نفقتها؟,"لا، لا يحق للزوج خصم ديونه على زوجته من نفقتها، فالنفقة واجبة بصرف النظر عن ديون الزوج. ",Alimony and Maintenance 
49,هل يحق للزوجة المطالبة بنفقة المواصلات؟,"نعم، يحق للزوجة المطالبة بنفقة المواصلات إذا كانت بحاجة لها كجزء من متطلباتها الأساسية وكان ذلك معتادًا في مجتمعها. ",Alimony and Maintenance 
50,هل يحق للزوجة رفض استلام النفقة إن كانت أقل من الحد الكافي للمعيشة؟,"نعم، يحق للزوجة رفض استلام النفقة إذا كانت أقل من الحد الكافي للمعيشة، ويمكنها رفع دعوى للمطالبة بزيادة النفقة. ",Alimony and Maintenance 
51,هل تتوقف نفقة الابن عند بلوغه سن الرشد؟,"نعم، تتوقف نفقة الابن عند بلوغه سن الرشد إذا كان قادرًا على العمل وكسب رزقه. ",Alimony and Maintenance 
52,هل تسقط نفقة البنت بعد زواجها؟,"نعم، تسقط نفقة البنت بعد زواجها، حيث تنتقل مسؤولية الإنفاق إلى زوجها. ",Alimony and Maintenance 
53,هل يحق للأم المطالبة بالنفقة بعد وفاة الأب؟,"نعم، يحق للأم المطالبة بالنفقة إذا كانت غير موسرة، من أموال تركة الأب أو من الورثة الموسرين. ",Alimony and Maintenance 
54,"إذا حصل الابن على منحة دراسية، هل تسقط عنه النفقة؟",لا تسقط النفقة إلا إذا كانت المنحة تغطي جميع نفقاته. ,Alimony and Maintenance 
55,هل يحق للأب دفع النفقة مباشرة للأبناء دون إعطائها للأم؟,"لا، إذا كانت الحضانة مع الأم، يجب دفع النفقة لها كحاضنة. ",Alimony and Maintenance 
56,هل يحق للأب تقليل النفقة إذا تزوجت الأم بزوج آخر؟,"لا، لا يحق للأب تقليل النفقة إلا إذا ثبت أن الزوج الجديد ينفق على الأبناء فعليًا. ",Alimony and Maintenance 
57,هل يحق للأب وقف النفقة إذا رفض الابن زيارته؟,"لا، النفقة حق مستقل عن حق الزيارة، ويجب دفعها حتى لو رفض الابن الزيارة. ",Alimony and Maintenance 
58,هل تشمل النفقة شراء أجهزة إلكترونية وتعليمية للأبناء؟,"نعم، تشمل النفقة أجهزة إلكترونية إذا كانت ضرورية لتعليم الأبناء أو تربيتهم. ",Alimony and Maintenance 
59,هل يحق للأب اقتطاع جزء من النفقة في حال إسراف الأم؟,"لا، لا يحق للأب اقتطاع النفقة مباشرة، لكنه يمكنه التقدم للمحكمة لإثبات إسراف الأم وطلب إعادة النظر في النفقة. ",Alimony and Maintenance 
60,هل يشمل حق الأبناء في النفقة تأمين صحي؟,"نعم، يشمل التأمين الصحي إذا كان ضروريًا لصحة الأبناء وكان الأب قادرًا عليه. ",Alimony and Maintenance 
61,هل يجوز مطالبة الجد بنفقة الأحفاد في حال وفاة الأب؟,"نعم، يجوز مطالبة الجد إذا توفي الأب ولم يكن هناك من يعيل الأحفاد وكان الجد موسرًا. ",Alimony and Maintenance 
62,هل تجب نفقة الوالدين على جميع الأبناء أم على الابن الأكبر فقط؟,"تجب نفقة الوالدين على جميع الأبناء الموسرين بحسب قدراتهم المالية، وليس على الابن الأكبر فقط. ",Alimony and Maintenance 
63,هل يحق للأبناء تقسيم النفقة بينهم بالتساوي؟,"نعم، يحق للأبناء تقسيم النفقة بالتساوي بينهم إذا اتفقوا، بشرط أن يساهم كل واحد وفق استطاعته. ",Alimony and Maintenance 
64,"إذا كان الأب قادرًا على العمل لكنه لا يعمل، هل تسقط عنه النفقة؟","لا، لا تسقط نفقة الأب إذا كان قادرًا على العمل لكنه لا يعمل وغير موسر، وتجب على الأبناء. ",Alimony and Maintenance 
65,هل تسقط النفقة عن الأب إذا كان لديه مدخرات مالية؟,"نعم، تسقط النفقة عن الأب إذا كانت مدخراته كافية لمعيشته. ",Alimony and Maintenance 
66,هل يحق للأب طلب النفقة من الأبناء المتزوجين فقط؟,"لا، النفقة واجبة على جميع الأبناء الموسرين، سواء كانوا متزوجين أو غير متزوجين. ",Alimony and Maintenance 
67,ما الأساس القانوني لوجوب النفقة على الزوجة؟,"تستند إلى المادة 44 التي تنص على وجوب نفقة الزوجة على الزوج طالما استمر الزواج، حتى لو كانت موسرة. ",Alimony and Maintenance 
68,ما حدود النفقة التي يجب على الزوج دفعها للزوجة؟,"تشمل الطعام، الكسوة، السكن، والحاجيات الأساسية، وتُحدد حسب العرف وقدرة الزوج، وفق المادة 45. ",Alimony and Maintenance 
69,كيف يتم تحديد مقدار النفقة في حال النزاع بين الزوجين؟,"تراعي المحكمة دخل الزوج وحاجة الزوجة، وتختلف حسب سعة الزوج وظروف الزوجة، وفق المادة 46. ",Alimony and Maintenance 
70,هل يجوز دفع النفقة على شكل مبلغ نقدي فقط؟,"لا، يجوز أن تكون نقدًا أو عينًا مثل سكن أو طعام، ويُعتبر توفير المنفعة إنفاقًا، وفق المادة 47. ",Alimony and Maintenance 
71,هل يمكن زيادة النفقة أو إنقاصها بعد الحكم بها؟,"نعم، تُعدل إذا تغيرت الأحوال مثل زيادة الدخل أو الحاجة، ولا تُسمع الدعوى قبل سنة إلا في ظروف استثنائية، وفق المادة 48. ",Alimony and Maintenance 
72,متى يبدأ استحقاق الزوجة للنفقة؟,"تبدأ بمجرد عقد الزواج الصحيح إذا مكنت نفسها من الزوج حقيقـة ً أو حكماً، وفق المادة 51. ",Alimony and Maintenance 
73,متى تسقط نفقة الزوجة؟,"تسقط إذا منعت نفسها دون عذر، أو امتنعت عن الانتقال أو السفر مع الزوج دون سبب مشروع، وفق المادة 55.",Alimony and Maintenance 
74,هل يمكن تنفيذ حكم النفقة بشكل فوري؟,"نعم، يمكن الحكم بنفقة مؤقتة فورية لحين الفصل في الدعوى، ويُنفذ الحكم عبر التنفيذ الجبري إذا امتنع الزوج، وفق المادة 50. ",Alimony and Maintenance 
75,كيف تتعامل المحكمة مع الزوج الذي يتهرب من دفع النفقة؟,"إذا امتنع الزوج عن الدفع، تُجبره محكمة التنفيذ بالحجز على راتبه أو ممتلكاته، وإذا ثبت عجزه تنتقل النفقة للأقارب الموسرين، وفق النظام الأساسي للتنفيذ. ",Alimony and Maintenance 
76,هل تعتبر النفقة دينًا في ذمة الزوج؟,"نعم، النفقة دين ممتاز يقدم على الديون باستثناء النفقة الماضية التي تُعامل كدين عادي إذا لم تُطالب خلال سنتين، وفق المادة 49. ",Alimony and Maintenance 
77,من المسؤول عن نفقة الأولاد؟,"الأب مسؤول إذا لم يكن للأولاد مال وكان قادرًا على التكسب، وإذا كان معسرًا تنتقل للأقارب الموسرين. ",Alimony and Maintenance 
78,إلى متى تستمر نفقة الأولاد؟,"للابن حتى يصل سن التكسب، وللبنت حتى تتزوج، وتستمر إذا كان الابن عاجزًا عن التكسب. ",Alimony and Maintenance 
79,ماذا يحدث إذا امتنع الأب عن دفع النفقة؟,"إذا كان موسرًا وامتنع، تُجبره محكمة التنفيذ بالاستقطاع من راتبه، وإذا كان معسرًا تنتقل النفقة للأقارب الموسرين، وفق النظام الأساسي للتنفيذ. ",Alimony and Maintenance 
80,هل يمكن للأم أن تطالب بالنفقة نيابة عن أبنائها؟,"نعم، إذا كانت حاضنة، يحق لها المطالبة بنفقة الأطفال والأحكام القضائية. ",Alimony and Maintenance 
81,"إذا كانت الأم موسرة، هل تسقط النفقة عن الأب؟","لا، نفقة الأولاد واجبة على الأب حتى لو كانت الأم موسرة، وإذا كان الأب معسرًا تنتقل النفقة للأم الموسرة. ",Alimony and Maintenance 
82,هل يحق للأب تقليل النفقة إذا تزوجت الأم؟,"لا، زواج الأم لا يؤثر على نفقة الأبناء، وإذا أثبت أن الزوج الجديد ينفق على الأبناء قد تُخفض بقرار المحكمة، وفق المادة 58. ",Alimony and Maintenance 
83,هل يجوز للأب دفع النفقة مباشرة للأطفال بدلًا من الأم؟,"لا، إذا كانت الحضانة عند الأم، يجب دفع النفقة لها، وإذا أمرت المحكمة بدفعها للأطفال يجوز ذلك. ",Alimony and Maintenance 
84,هل تشمل نفقة الابن مصاريف العلاج؟,"نعم، تشمل العلاج إذا كان الأب قادرًا، وإذا كان معسرًا قد لا يُلزم بها. ",Alimony and Maintenance 
85,هل تسقط النفقة عن الابن إذا كان يعمل؟,"نعم، تسقط إذا كان الابن قادرًا على التكسب ولا يحتاجها، وتستمر إذا كان دخله غير كافٍ، وفق المادة 58/2. ",Alimony and Maintenance 
86,هل تسقط نفقة البنت إن كان الأب عاجزا عن الكسب؟,"نعم، تسقط نفقة البنت عند عجز أبيها عاجز الكسب",Alimony and Maintenance 
87,هل تجب نفقة الوالدين على جميع الأبناء؟,"نعم، تجب على الأبناء الموسرين إذا كان الوالدان محتاجين، وإذا كان أحدهم معسرًا يُوزع العبء على الموسرين، وفق المادة 62. ",Alimony and Maintenance 
88,هل يمكن للأب أن يرفع دعوى ضد أبنائه للمطالبة بالنفقة؟,"نعم، إذا امتنع الأبناء الموسرون عن الإنفاق يمكنه رفع دعوى، وإذا كان موسرًا تُرفض الدعوى، وفق المادة 62. ",Alimony and Maintenance 
89,هل تسقط النفقة عن الأب إذا كان لديه مصدر دخل؟,"نعم، تسقط إذا كان دخله كافيًا لمعيشته، وتستمر إذا كان الدخل غير كافٍ، وفق المادة 62. ",Alimony and Maintenance 
90,كيف يتم تحديد مقدار النفقة للوالدين؟,"تُحدد بناءً على دخل الأبناء وتُوزع حسب نسبة إرثهم، وتُعدل حسب حاجة الوالدين وقدرة الأبناء، وفق المادة 62. ",Alimony and Maintenance 
91,هل يمكن فرض النفقة بأمر مستعجل في المحكمة؟,"نعم، تُفرض نفقة مؤقتة إذا كانت هناك حاجة ملحة، وتُنفذ فورًا إذا أمرت المحكمة بذلك، وفق المادة 50. ",Alimony and Maintenance 
92,هل يمكن تعديل حكم النفقة بعد صدوره؟,"نعم، تُزاد أو تُنقص إذا تغيرت الأحوال، ولا تُسمع الدعوى قبل سنة إلا في ظروف استثنائية، وفق المادة 48. ",Alimony and Maintenance 
93,هل يمكن تنفيذ حكم النفقة على الزوج إذا كان خارج البلاد؟,"نعم، يُنفذ عبر الوسائل الدبلوماسية أو وكيله القانوني، وإذا لم يُنفذ تُتخذ إجراءات قانونية إضافية، وفق النظام الأساسي للتنفيذ. ",Alimony and Maintenance 
94,ما العقوبات التي يمكن أن تفرض على الزوج الممتنع عن دفع النفقة؟,"تُفرض غرامات، حجز راتب أو أملاك، أو السجن، وإذا ثبت عجزه قد يُعفى مؤقتًا، وفق النظام الأساسي للتنفيذ. ",Alimony and Maintenance 
95,هل يمكن للزوجة طلب زيادة النفقة عند ارتفاع تكاليف المعيشة؟,"نعم، تُطالب بالزيادة إذا ثبت تغير الظروف، وتُرفض إذا لم تثبت الحاجة، وفق المادة 48/1. ",Alimony and Maintenance 
96,هل يمكن المطالبة بنفقة متأخرة لم تُدفع؟,"نعم، تُطالب بمدة لا تتجاوز سنتين من إقامة الدعوى، وتُرفض إذا تجاوزت المدة دون دعوى، وفق المادة 52. ",Alimony and Maintenance 
97,هل تسقط النفقة إذا قدم الزوج دليلًا على أنه كان ينفق بالفعل؟,"نعم، تسقط إذا أثبت الإنفاق بوثائق مثل إيصالات أو شهود، وتستمر إذا لم يُثبت الإنفاق الكافي، وفق اجتهادات القضاء. ",Alimony and Maintenance 
98,هل يمكن للزوج الاتفاق مع الزوجة على مبلغ معين للنفقة خارج المحكمة؟,"نعم، يجوز للزوج والزوجة الاتفاق على مبلغ معين للنفقة خارج المحكمة طالما تم التوثيق أو الاتفاق برضاهما، لكن إذا نشأ نزاع يحق للمحكمة تعديل المبلغ. ",Alimony and Maintenance 
99,هل يمكن التنازل عن النفقة في عقد الزواج؟,"لا، لا يجوز التنازل عن النفقة مسبقًا في عقد الزواج، لأنها حق شرعي وقانوني واجب على الزوج بموجب المادة 44، إلا إذا حدث تنازل لاحق برضاها وتم توثيقه. ",Alimony and Maintenance 
100,هل تسقط النفقة إذا كانت الزوجة تعمل ولديها دخل خاص؟,"لا، النفقة لا تسقط إذا كانت الزوجة تعمل أو لديها دخل، وفق المادة 44 التي تجعل النفقة واجبة على الزوج حتى لو كانت موسرة. ",Alimony and Maintenance 
101,هل للزوجة المطلقة حق في النفقة أثناء العدة؟,"نعم، إذا كان الطلاق رجعيًا تستحق النفقة أثناء العدة، وفق المادة 53. ",Alimony and Maintenance 
102,ماذا لو كانت المطلقة بائنًا؟ هل تستحق النفقة؟,"لا، المطلقة بائنًا لا تستحق النفقة إلا إذا كانت حاملًا، فتستحق حتى تضع حملها، وفق المادة 53/2. ",Alimony and Maintenance 
103,هل تسقط نفقة المعتدة من الوفاة؟,"نعم، تسقط نفقة المعتدة من الوفاة إلا إذا كانت حاملًا، فتُصرف من مال الحمل أو من يرثه، وفق المادة 54. ",Alimony and Maintenance 
104,هل يمكن إجبار الزوج على دفع النفقة بعد انتهاء العدة؟,"لا، لا يُجبر الزوج على دفع النفقة بعد انتهاء العدة إلا إذا كان هناك التزام قضائي سابق أو اتفاق موثق يلزمه بذلك. ",Alimony and Maintenance 
105,هل يمكن المطالبة بنفقة الأطفال بعد الطلاق؟,"نعم، نفقة الأطفال مستقلة عن نفقة الزوجة وواجبة على الأب بعد الطلاق، وفق المادة 58. ",Alimony and Maintenance 
106,"إذا لم ينفق الأب على أولاده بعد الطلاق، ما الحل؟","يمكن للأم رفع دعوى لإلزامه بالنفقة، وإذا امتنع تُجبره محكمة التنفيذ بالاستقطاع من راتبه أو الحجز على ممتلكاته. ",Alimony and Maintenance 
107,هل للأم المطلقة الحق في المطالبة بمصاريف الحضانة؟,"نعم، للأم الحاضنة الحق في المطالبة بمصاريف الأطفال كجزء من النفقة الواجبة على الأب. ",Alimony and Maintenance 
108,هل يمكن تعديل نفقة المطلقة إذا تغيرت الظروف؟,"نعم، يمكن تعديل نفقة الأطفال إذا تغيرت الظروف، سواء زيادة أو نقصانًا بناءً على الحاجة والقدرة، وفق المادة 48. ",Alimony and Maintenance 
109,"إذا كان للأب أبناء من زواج آخر، هل يؤثر ذلك على نفقة أبنائه من الزوجة الأولى؟","لا، نفقة الأبناء واجبة بغض النظر عن عدد الأبناء من زوجات أخريات، وفق المادة 58، إلا إذا ثبت عجز مالي فتُعاد توزيع الأولويات بقرار المحكمة. ",Alimony and Maintenance 
110,هل تشمل نفقة المطلقة إيجار السكن؟,"لا، نفقة المطلقة لا تشمل الإيجار إلا أثناء العدة في الطلاق الرجعي أو إذا كانت حاملًا، وفق المادة 53. ",Alimony and Maintenance 
111,ما القاعدة الفقهية التي تعتمدها المحاكم في قضايا النفقة؟,"تعتمد المحاكم قاعدة 'النفقة واجبة على الزوج وفق سعة حاله، ولا ضرر ولا ضرار'، مستمدة من الشريعة ومؤكدة بالمواد 44-58. ",Alimony and Maintenance 
112,كيف تتعامل المحكمة مع الزوج الذي يدّعي عدم القدرة على الإنفاق؟,"يُطلب من الزوج إثبات عجزه بوثائق، وإذا ثبت العجز قد يُخفف العبء أو يُنقل للأقارب، وإلا يُلزم بالنفقة. ",Alimony and Maintenance 
113,هل يمكن فرض النفقة بأثر رجعي؟,"نعم، يمكن فرض النفقة بأثر رجعي لمدة لا تزيد عن سنتين من تاريخ الدعوى، وفق المادة 52. ",Alimony and Maintenance 
114,هل هناك حالات تسقط فيها نفقة الأولاد؟,"نعم، تسقط نفقة الأولاد إذا بلغ الابن سن التكسب وكان قادرًا على العمل، أو تزوجت البنت، وفق المادة 58/2. ",Alimony and Maintenance 
115,كيف تتعامل المحكمة مع الزوج الذي يدفع النفقة ثم يطلب استرجاعها؟,لا يمكن للزوج استرجاع النفقة بعد دفعها لأنها حق واجب غير قابل للاسترداد إلا إذا ثبت دفعها بالخطأ أو تحت الإكراه. ,Alimony and Maintenance 
116,هل يمكن حبس الزوج في حال امتناعه عن دفع النفقة؟,"نعم، يمكن حبس الزوج أو الحجز على أمواله إذا امتنع عن دفع النفقة رغم قدرته، وفق النظام الأساسي للتنفيذ. ",Alimony and Maintenance 
117,هل يمكن رفع دعوى مستقلة لمطالبة الزوج بنفقة الأبناء بعد الطلاق؟,"نعم، يمكن رفع دعوى مستقلة لنفقة الأبناء لأنها واجبة على الأب بغض النظر عن حالة الزواج، وفق المادة 58. ",Alimony and Maintenance 
118,هل يشترط وجود عقد زواج رسمي للمطالبة بالنفقة؟,"نعم، يشترط عقد زواج رسمي وفق المادة 44، لكن إذا ثبت الزواج شرعًا يمكن المطالبة بالنفقة. ",Alimony and Maintenance 
119,هل يمكن أن تحكم المحكمة بنفقة أعلى من طلب الزوجة؟,"نعم، إذا رأت المحكمة أن طلب الزوجة غير كافٍ لتلبية احتياجاتها أو الأبناء، يمكنها زيادة النفقة وفق المادة 46. ",Alimony and Maintenance 
120,ما الأدلة التي قد تطلبها المحكمة للتحقق من ادعاء الزوج بعدم قدرته على دفع النفقة؟,"للتحقق من ادعاء الزوج بعدم قدرته على دفع النفقة، قد تطلب المحكمة مستندات تثبت وضعه المالي، مثل كشف الحساب البنكي، تعريف الراتب أو بيانات التأمينات، السجلات التجارية، ما يثبت ملكيته للعقارات أو المركبات، والالتزامات المالية القائمة. كما قد تستعين المحكمة بالجهات المختصة أو بهيئة النظر لتقدير ملاءة الزوج المالية وتحديد قدرته على النفقة.",Alimony and Maintenance 
121,هل يمكن تنفيذ حكم النفقة بأثر رجعي؟,"نعم، تُحسب النفقة المستمرة من تاريخ الدعوى، والنفقة الماضية لمدة لا تزيد عن سنتين، وفق المادة 49 و52. ",Alimony and Maintenance 
122,هل يمكن حجز راتب الزوج لتنفيذ حكم النفقة؟,"نعم، يمكن لمحكمة التنفيذ حجز جزء من راتب الزوج إذا امتنع عن الدفع، وفق النظام الأساسي للتنفيذ. ",Alimony and Maintenance 
123,هل يحق للزوج المطالبة بتخفيض النفقة لاحقًا؟,"نعم، يمكنه طلب التخفيض إذا تغيرت ظروفه المالية وفق المادة 48، بشرط إثبات ذلك. ",Alimony and Maintenance 
124,ما الإجراءات التي يمكن اتخاذها ضد الزوج إذا تهرب من دفع النفقة؟,"تشمل الحجز على ممتلكاته، منعه من السفر، أو السجن وفق النظام الأساسي للتنفيذ. ",Alimony and Maintenance 
125,هل يمكن تعديل الحكم بالنفقة إذا تغير دخل الزوج؟,"نعم، يمكن تعديل النفقة إذا تغير دخل الزوج بشكل كبير، وفق المادة 48. ",Alimony and Maintenance 
126,هل يمكن للأم المطالبة بنفقة إضافية للأولاد بسبب ظروف استثنائية؟,"نعم، إذا كانت هناك احتياجات استثنائية مثل علاج أو تعليم خاص، يمكن طلب زيادة النفقة وفق المادة 48. ",Alimony and Maintenance 
127,هل يحق للأب رفض دفع النفقة إذا لم يحصل على حق الزيارة؟,"لا، النفقة واجبة بغض النظر عن حق الزيارة وفق المادة 58، وهما حقان منفصلان. ",Alimony and Maintenance 
128,كيف يتم التعامل مع الزوج الذي يدعي أنه ينفق على الزوجة ولكنها تنكر ذلك؟,"يُطلب من الزوج أدلة مثل إيصالات أو شهود، وإذا أثبت الإنفاق تُرفض دعوى الزوجة. ",Alimony and Maintenance 
129,هل يمكن تنفيذ حكم النفقة حتى لو كان الزوج خارج البلاد؟,"نعم، يمكن تنفيذ الحكم بالحجز على ممتلكاته داخل البلاد أو عبر القنوات الدبلوماسية وفق النظام الأساسي للتنفيذ. ",Alimony and Maintenance 
130,هل يجب على الأبناء الإنفاق على والديهم؟,"نعم، إذا كان الوالدان غير موسرين وكان الأبناء قادرين وفق المادة 62. ",Alimony and Maintenance 
131,كيف يتم تقسيم نفقة الوالدين بين الأبناء؟,تجب للوالدين غير الموسرين النفقة كلها أو تكميلها على الأولاد الموسرين كباراً أو صغاراً توزع حسب نسبة إرثهم من الوالدين مع مراعاة قدرة كل ابن ولو كان الوالدان قادرين على التكسب.,Alimony and Maintenance 
132,هل للزوجة الناشز نفقة؟,"إذا ثبت نشوز الزوجة، كأن تمتنع عن تمكين نفسها من الزوج أو تخرج من بيت الزوجية دون إذنه، فقد يكون للزوج الحق في عدم الإنفاق عليها، ولا يمكن للزوجة الناشز طلب فسخ النكاح بالاستناد إلى سبب عدم الإنفاق.",Alimony and Maintenance 
133,"إذا كان أحد الأبناء غنيًا والبقية فقراء، هل يتحمل النفقة وحده؟","نعم، إذا كان الابن الغني الوحيد القادر، يُلزم بالنفقة وفق المادة 62. ",Alimony and Maintenance 
134,هل تسقط نفقة الوالدين إذا كان لديهم مصدر دخل كافٍ؟,"نعم، إذا كان دخل الوالدين يكفي احتياجاتهم الأساسية، تسقط النفقة عن الأبناء وفق المادة 62. ",Alimony and Maintenance 
135,ماذا لو كان أحد الأبناء ينفق على والديه ثم طالب إخوته بالمشاركة؟,يحق له مطالبة إخوته بالمشاركة إذا نوى الرجوع بالنفقة وقت دفعها وفق المادة 62 والسوابق القضائية. ,Alimony and Maintenance 
136,هل تشمل نفقة الوالدين توفير سكن لهم؟,"نعم، إذا كان الوالدان بحاجة لسكن مناسب ولا يملكانه، تشمل النفقة ذلك وفق المادة 62. ",Alimony and Maintenance 
137,هل يمكن للزوج طلب إعادة تقدير النفقة إذا زادت التزاماته المالية لاحقاً؟,"نعم، يمكنه طلب التخفيض إذا تغيرت ظروفه المالية (مثل انخفاض الدخل) وفق المادة 48، بشرط إثبات ذلك، ولا تُسمع الدعوى قبل سنة إلا في حالات استثنائية. ",Alimony and Maintenance 
138,هل يحق طلب زيادة النفقة إذا ارتفعت تكاليف المعيشة بعد الحكم؟,"نعم، يجوز رفع دعوى لزيادة النفقة أو إنقاصها تبعاً لتغير الأحوال وتكاليف المعيشة.",Alimony and Maintenance 
139,ما هو السن القانوني الذي تنتهي عنده حضانة المحضون؟,تنتهي حضانة المحضون عندما يبلغ ثمانية عشر عامًا.,Custody and Visitation
140,إلى من تؤول الحضانة إذا كان المحضون مجنوناً أو معتوهاً أو مريضاً مقعداً؟,"تستمر الحضانة وفق الترتيب الآتي: تكون من واجبات الوالدين ما دامت الزوجية قائمة بينهما، فإن افترقا فتؤول للأم، ثم الأب، ثم أم الأم، ثم أم الأب، وللمحكمة أن تقرر خلاف هذا الترتيب إذا اقتضت مصلحة المحضون ذلك.",Custody and Visitation
141,هل للأرملة حق في السكن بعد وفاة الزوج؟,"نعم، للأرملة حق السكن في بيت الزوجية أثناء العدة وفق المادة 54/2، مع الحالات التالية: إذا كانت حاملًا، يمتد الحق حتى الوضع مع توفير السكن من التركة. بعد انتهاء العدة، لا تستحق السكن إلا إذا كانت حاضنة لأبناء قاصرين أو كان هناك اتفاق مسبق. إذا لم تكن حاضنة ولا إرث كافٍ، تنتهي الحقوق. ",Alimony and Maintenance 
142,هل يمكن للأرملة المطالبة بنفقة إذا لم يترك الزوج إرثًا؟,"لا، لا تستحق الأرملة نفقة بعد العدة إذا لم يترك الزوج إرثًا وفق المادة 54، مع الحالات التالية: إذا كانت حاملًا، تُنفق من مال الزوج أو الورثة حتى الوضع. إذا كان هناك اتفاق موثق مسبقًا (مثل وصية أو عقد)، يمكن المطالبة بناءً عليه. إذا لم يكن هناك حمل أو اتفاق، لا تستحق شيئًا بعد العدة. ",Alimony and Maintenance 
143,هل تشمل نفقة الحضانة أجرة السكن؟,"نعم، تشمل نفقة الحضانة أجرة السكن وفق المادة 58، مع الحالات التالية: إذا كانت الحاضنة (الأم غالبًا) بحاجة لسكن مناسب للأطفال (مثل عدم وجود منزل ملائم)، يُلزم الأب بها. إذا كان لديها سكن كافٍ (مثل منزل مملوك)، قد لا تُفرض أجرة إضافية. إذا رفض الأب، يمكن تنفيذ الحكم جبرًا. ",Alimony and Maintenance 
144,هل يحق للأب المطالبة بمراقبة كيفية صرف النفقة؟,"نعم، يحق للأب طلب مراقبة صرف النفقة، مع الحالات التالية: إذا شك في سوء الاستخدام (مثل إنفاق الأم على نفسها)، يمكنه طلب تقارير أو شهود للمحكمة. إذا لم يثبت سوء الاستخدام، يُرفض طلبه ويستمر الدفع للحاضنة. إذا ثبت السوء، قد تُعدل طريقة الدفع أو تُسحب الحضانة. ",Alimony and Maintenance 
145,هل يمكن للأم رفض تسلم النفقة إذا كانت غير كافية؟,"لا، لا يحق للأم رفض تسلم النفقة قانونًا. إذا كانت غير كافية (مثل عدم تغطية السكن أو التعليم)، يمكنها رفع دعوى لزيادتها بإثبات الحاجة. إذا ثبت أنها كافية للاحتياجات الأساسية، تُلزم بقبولها. إذا رفضت دون دعوى، قد تُعتبر متعنتة. ",Alimony and Maintenance 
146,هل يمكن استقطاع النفقة تلقائيًا من حساب الزوج؟,"نعم، يمكن استقطاع النفقة تلقائيًا من حساب الزوج وفق النظام الأساسي للتنفيذ، مع الحالات التالية: إذا صدر حكم قضائي بذلك (مثل أمر تنفيذي)، تُسحب من راتبه أو حسابه البنكي. إذا لم يكن هناك حكم، لا يمكن الاستقطاع إلا بموافقته. إذا كان معسرًا، قد يُعدل المبلغ أو يُوقف مؤقتًا. ",Alimony and Maintenance 
147,هل للزوجة حق في السكن بعد الطلاق؟,"لا تستحق الزوجة السكن بعد الطلاق إلا في حالات خاصة، مثل: إذا كانت حاضنة لأطفال قاصرين وبحاجة لسكن مناسب، يمكن إلزام الأب بتوفيره. إذا لم تكن حاضنة أو كان لها سكن كافٍ، لا تستحق السكن بعد العدة. إذا كان الطلاق رجعيًا، تستحق السكن أثناء العدة فقط. ",Alimony and Maintenance 
148,هل يمكن للأب تخفيض نفقة أبنائه إذا زادت مسؤولياته المالية؟,"نعم، يمكن للأب طلب تخفيض النفقة وفق المادة 48، مع الحالات التالية: إذا زادت مسؤولياته (مثل أبناء جدد أو ديون كبيرة)، يُثبت ذلك بتقارير مالية للمحكمة. إذا لم تتغير ظروفه أو كانت المسؤوليات غير كافية للتخفيض، يُرفض طلبه. لا تُسمع الدعوى قبل سنة من الحكم إلا في ظروف استثنائية. ",Alimony and Maintenance 
149,هل تشمل النفقة ملابس العيد والمناسبات الخاصة؟,"نعم، تشمل النفقة ملابس العيد والمناسبات كجزء من الكسوة الواجبة وفق المادة 45، مع الحالات التالية: إذا كانت ضمن العرف (مثل ملابس العيد أو المدرسة)، يُلزم الأب بها إذا كان قادرًا. إذا كانت مكلفة بشكل غير معقول (مثل ماركات فاخرة)، قد يُرفض الإلزام إلا إذا وافق. إذا كان معسرًا، يُخفف العبء حسب قدرته. ",Alimony and Maintenance 
150,"إذا انتقل الأطفال للعيش مع الأب، هل تسقط النفقة؟","لا، لا تسقط النفقة وفق المادة 58، إذا انتقل الأطفال للأب، يصبح مسؤولاً عن مصاريفهم اليومية مباشرة بدلاً من دفعها للحاضنة. إذا لم ينفق عليهم رغم العيش معه، يمكن للأم أو الأبناء رفع دعوى لإلزامه. إذا كانوا بالغين ومستقلين، قد تسقط النفقة. ",Alimony and Maintenance 
151,هل يمكن للأم إنفاق النفقة على نفسها بدلًا من الأبناء؟,"لا، النفقة مخصصة للأطفال فقط وفق المادة 58. إذا أنفقتها على نفسها (مثل مشتريات شخصية)، يمكن للأب طلب المراقبة أو تغيير الحضانة بإثبات سوء التصرف. إذا كانت تستخدمها للأطفال، لا يحق للأب الاعتراض إلا إذا أثبت الإهمال. إذا ثبت سوء الاستخدام، قد تُعدل طريقة الدفع. ",Alimony and Maintenance 
152,"إذا بلغ الابن سن الرشد ولكنه يدرس، هل تبقى النفقة مستمرة؟","نعم، تستمر النفقة إذا كان الابن بالغًا ويدرس في الحالات التالية: إذا كان غير قادر على التكسب بسبب الدراسة (مثل الجامعة)، تستمر حتى ينهي تعليمه. إذا كان قادرًا على العمل بدوام جزئي ويكفي نفسه، قد تسقط النفقة. إذا توقف عن الدراسة دون عذر، تنتهي النفقة. ",Alimony and Maintenance 
153,هل يمكن للأبناء مقاضاة والدهم للحصول على النفقة؟,"نعم، يمكن للأبناء مقاضاة الأب وفق المادة 58، مع الحالات التالية: إذا كانوا بالغين ومستحقين (مثل الدراسة أو العجز) وامتنع الأب، يرفعون الدعوى بأنفسهم. إذا كانوا قاصرين، تُرفع الدعوى عبر الحاضن أو ولي الأمر. ",Alimony and Maintenance 
154,هل يحق للحاضنة طلب تعويض عن تأخر دفع النفقة؟,"نعم، يحق للحاضنة طلب تعويض وفق المادة 58 إذا تسبب التأخير في ضرر (مثل ديون أو نقص في المعيشة)، يُثبت الضرر بفواتير أو شهود. إذا لم يثبت الضرر أو كان التأخير بعذر (مثل العجز)، تُرفض المطالبة. إذا ثبت الضرر، قد تُفرض غرامة إضافية على الأب. ",Alimony and Maintenance 
155,"إذا كان الأب في السجن، من يدفع النفقة؟","يُدفع من أموال الأب إذا وجدت، مثل إذا كان له راتب أو ممتلكات (مثل حساب بنكي)، تُسحب النفقة منها. إذا لم يكن له مال، يُلزم الأقارب الموسرون (مثل الجد) أو تُؤجل حتى يخرج. إذا لم يكن هناك أحد، قد تتدخل الجهات الاجتماعية. ",Alimony and Maintenance 
156,هل تشمل النفقة دفع الديون عن الزوجة؟,"لا، النفقة لا تشمل دفع ديون الزوجة وفق المادة 45، وتقتصر على الاحتياجات الأساسية (طعام، سكن، كسوة) وليس الديون الشخصية. إذا كانت الديون مرتبطة بالأطفال (مثل ديون تعليم)، قد تُعتبر جزءًا من النفقة. إذا وافق الزوج طوعًا أو صدر حكم خاص، يمكن إلزامه. ",Alimony and Maintenance 
157,هل يمكن للأم طلب بدل إيجار مستقل للأطفال؟,"نعم، يمكن طلب بدل إيجار إذا لم يكن للأطفال سكن مناسب مع الحاضنة  ويُلزم الأب به، أما إذا كان لديها سكن ملائم، تُرفض المطالبة إلا إذا أثبتت حاجة خاصة. إذا رفض الأب، يُنفذ الحكم جبرًا. ",Alimony and Maintenance 
158,هل تسقط نفقة الطفل في حال رفضه العيش مع الحاضنة؟,"لا، لا تسقط نفقة الطفل ما دام قاصرًا وفق المادة 58،  وإذا رفض العيش مع الحاضنة (مثل انتقاله للأب)، تبقى واجبة وتُدفع لمن يعتني به",Alimony and Maintenance 
159,ما هي المدة الممنوحة للحاضن – إذا كان أحد الوالدين – للسفر بالمحضون خارج المملكة؟,"الحاضن إذا كان أحد الوالدين لا يجوز له السفر بالمحضون خارج المملكة مدة تتخطى تسعين يوماً من تاريخ السنة دون موافقة الحاضن الآخر، وفي حال كان الوالد متوفيًا فتؤخذ موافقة الولي على النفس.",Custody and Visitation
160,هل يمكن أن يحكم القاضي بنفقة أكبر مما طلبته الزوجة؟,"نعم، يمكن للقاضي زيادة النفقة  إذا كان المبلغ المطلوب غير كافٍ  ويُزاد بناءً على الحاجة. إذا كان الطلب كافيًا أو الزوج معسرًا، يُبقى المبلغ كما هو أو يُخفض. إذا لم تثبت الحاجة الإضافية، يُرفض التعديل. ",Alimony and Maintenance 
161,"إذا كان للأب أبناء من زوجات مختلفات، هل يتم تقسيم النفقة بينهم بالتساوي؟","لا، لا تُقسم النفقة بالتساوي وتُحدد حسب حاجة كل ابن (مثل العمر أو التعليم) وقدرة الأب المالية. إذا كان معسرًا، تُوزع حسب الأولوية (مثل الأصغر سنًا أو الأكثر حاجة).",Alimony and Maintenance 
162,هل يجب على الأب توفير سكن منفصل للأبناء بعد الطلاق؟,"نعم، يمكن إلزام الأب بتوفير سكن منفصل إذا لم يكن للأطفال سكن مناسب مع الحاضنة. إذا كان السكن كافيًا مع الحاضنة، لا يُلزم بسكن إضافي. إذا كان معسرًا، قد يُخفف الالتزام أو يُنقل لغيره. ",Alimony and Maintenance 
163,هل يجب على الأب توفير ملابس للأبناء ضمن النفقة؟,"نعم، الملابس واجبة كجزء من النفقة حسب قدرته. ",Alimony and Maintenance 
164,هل يجب على الأب تحمل مصاريف الزواج لأبنائه؟,"لا، مصاريف الزواج ليست ضمن النفقة الواجبة التي تقتصر على الاحتياجات الأساسية (طعام، سكن، تعليم) وليس الزواج. ",Alimony and Maintenance 
165,هل يمكن للأم المطالبة بمبلغ إضافي إذا كان أحد الأبناء يعاني من إعاقة؟,"نعم، يمكن للأم طلب مبلغ إضافي إذا كانت الإعاقة تتطلب نفقات خاصة (مثل علاج أو أجهزة طبية)، تُثبت الحاجة بتقارير طبية.",Alimony and Maintenance 
166,هل يحق للزوج استئناف حكم النفقة؟,"نعم، يحق للزوج استئناف حكم النفقة إذا رأى أن المبلغ مرتفع عن قدرته (مثل انخفاض دخله)، يُقدم أدلة جديدة خلال المدة القانونية.",Alimony and Maintenance 
167,هل يمكن للأب تأخير دفع النفقة بحجة الديون؟,"لا، لا يجوز تأخير النفقة بحجة الديون، النفقة دين ممتاز يُقدم على الديون الأخرى بخلاف النفقة الماضيـة، ويجب دفعها فورًا إذا كان قادرًا. إذا كان معسرًا بسبب الديون، يمكنه طلب التخفيض أو التقسيط بإثبات العجز.",Alimony and Maintenance 
168,ما هي المدة الممنوحة للحاضن – إذا كان من غير الوالدين – للسفر بالمحضون إلى خارج المملكة؟,"الحاضن إذا كان من غير الوالدين لا يحق له السفر بالمحضون خارج المملكة فترة زمنية تتجاوز ثلاثين يوماً في السنة إلا بموافقة الوالدين، أو أحدهما في حال وفاة الآخر، وفي حال وفاتهما فتُطلب موافقة الولي على النفس، مع مراعاة الأحكام النظامية ذات الصلة.",Custody and Visitation
169,هل تسقط النفقة إذا لم تطالب بها الزوجة؟,"لا، لا تسقط النفقة إذا لم تُطالب بها فورًا وفق المادة 44، وتبقى واجبة ويمكن المطالبة بها لاحقًا، لكن تسقط بالتقادم بعد سنتين من دون دعوى وفق المادة 52. إذا تنازلت الزوجة صراحة ووثقت ذلك، تسقط عن الفترة المتفق عليها. إذا كانت الزوجة مانعة نفسها دون عذر، قد تسقط أثناء تلك المدة. ",Alimony and Maintenance 
170,ما هي الحالات التي تُعين فيها المحكمة مستحق الزيارة من أقارب المحضون؟,"تُعين المحكمة مستحق الزيارة من أقارب المحضون إذا كان أحد والدي المحضون متوفيًا أو غائبًا، أو إذا كانت حضانة المحضون لدى غير الوالدين، وذلك وفق ما تقتضيه مصلحة المحضون.",Custody and Visitation
171,ما المقصود بالحضانة وفقًا للنظام؟,"الحضانة هي حفظ الطفل الذي لا يستقل بنفسه عما يضره، ورعايته وتربيته بما يحقق مصالحه، وتشمل توفير السكن والتعليم والعلاج والاحتياجات الأساسية وفقًا لمصلحته الفضلى",Custody and Visitation
172,هل الحضانة حق للحاضن أم للمحضون؟,"الحضانة حق للمحضون في المقام الأول لضمان مصلحته الفضلى، وتُمنح للحاضن الذي تقرر المحكمة أهليته لتحقيق هذه المصلحة، ولا تُعتبر حقًا مطلقًا للحاضن.",Custody and Visitation
173,ما الشروط العامة الواجب توافرها في الحاضن؟,"يجب أن يكون الحاضن كامل الأهلية، أمينًا، قادرًا على تربية المحضون ورعايته، خاليًا من الأمراض المعدية الخطيرة التي تهدد سلامة المحضون، وسليم السلوك بما يضمن مصلحة المحضون",Custody and Visitation
174,هل يشترط الدين في الحاضن؟,"يشترط في الحاضن أن يكون متحدًا في الدين مع المحضون إذا كان مسلمًا، وفي حال اختلاف الدين، تقرر المحكمة بناءً على مصلحة المحضون",Custody and Visitation
175,هل يمكن للمرأة المتزوجة من رجل أجنبي عن المحضون أن تحتفظ بالحضانة؟,"يجوز للمرأة المتزوجة من رجل أجنبي عن المحضون الاحتفاظ بالحضانة إذا كان المحضون لم يتجاوز سن العامين، أو إذا قررت المحكمة أن بقاء المحضون معها يحقق مصلحته ",Custody and Visitation
176,ما الشروط الخاصة بحضانة الرجل؟,"يجب أن يكون الرجل ذا رحم محرم للمحضون إذا كانت أنثى، وأن يكون في بيته من يصلح لرعاية المحضون وتربيته، مع إثبات قدرته على توفير بيئة مناسبة تحقق مصلحة المحضون، وفق تقدير المحكمة ",Custody and Visitation
177,هل يؤثر عمل الحاضن على حقه في الحضانة؟,"إذا أثر عمل الحاضن على قدرته على رعاية المحضون وتربيته بشكل مناسب، فقد تقرر المحكمة نقل الحضانة لشخص آخر بناءً على مصلحة المحضون، مع مراعاة طبيعة العمل وساعاته",Custody and Visitation
178,من هو الأحق بالحضانة بعد انفصال الوالدين؟,"الأم هي الأحق بالحضانة بعد انفصال الوالدين ما لم تتزوج بغير محرم للمحضون أو تثبت عدم أهليتها، ثم الأب، ثم أم الأم، ثم أم الأب، وتقرر المحكمة الأحقية بعد ذلك بناءً على مصلحة المحضون.",Custody and Visitation
179,هل يمكن للأب الحصول على الحضانة رغم أولوية الأم؟,"نعم، يمكن للأب الحصول على الحضانة إذا أثبت أمام المحكمة بأدلة واضحة أن بقاء المحضون معه يحقق مصلحته بشكل أفضل من بقائه مع الأم، مع مراعاة ظروف كل حالة ",Custody and Visitation
180,كيف يمكن رفع دعوى حضانة؟,"يتم رفع دعوى الحضانة بتقديم صحيفة دعوى إلكترونيًا عبر بوابة ناجز إلى محكمة الأحوال الشخصية المختصة في محل إقامة المحضون، مشفوعة بالمستندات الداعمة التي تثبت أهلية المدعي للحضانة ومصلحة المحضون ",Custody and Visitation
181,ما المستندات المطلوبة لرفع دعوى الحضانة؟,"تشمل المستندات المطلوبة: صك الزواج أو الطلاق، شهادة ميلاد المحضون، نسخة من هوية المدعي، مستندات تثبت الأهلية (مثل إثبات السكن أو الدخل)، وأي تقارير طبية أو تعليمية تدعم مصلحة المحضون إن وجدت ",Custody and Visitation
182,هل تحتاج الحضانة إلى حكم قضائي دائم؟,"لا تحتاج الحضانة إلى حكم قضائي إذا اتفق الوالدان على ترتيباتها، ولكن عند وجود نزاع، يلزم حكم من محكمة الأحوال الشخصية، ويجوز تعديل الحكم إذا تغيرت ظروف المحضون أو الحاضن بما يقتضي مصلحته ",Custody and Visitation
183,ما الحالات التي تسقط فيها الحضانة؟,"تسقط الحضانة في الحالات التالية: فقدان شرط من شروط الأهلية كالأمانة أو القدرة على الرعاية، انتقال الحاضن إلى مكان يتعارض مع مصلحة المحضون دون موافقة المحكمة، الإخلال بواجبات الحضانة، أو السكوت عن المطالبة بالحضانة دون عذر لمدة سنة، وفق تقدير المحكمة.",Custody and Visitation
184,هل يحق لمن سقط حقه في الحضانة استعادتها؟,"نعم، يحق لمن سقط حقه في الحضانة طلب استعادتها إذا زال سبب السقوط (كاستعادة الأهلية أو تحسين الظروف)، وذلك برفع دعوى جديدة إلى محكمة الأحوال الشخصية التي تقرر بناءً على مصلحة المحضون.",Custody and Visitation
185,هل يحق للطرف الآخر زيارة المحضون؟,"نعم، يحق للوالد غير الحاضن (الأب أو الأم) زيارة المحضون والاستصحاب في أوقات محددة، وفق اتفاق الطرفين، وإذا لم يتفقا، تحدد المحكمة مواعيد الزيارة والاستصحاب بما يحقق مصلحة المحضون (الجهة المختصة: محكمة الأحوال الشخصية )",Custody and Visitation
186,هل يحق للحاضن المطالبة بنفقة المحضون؟,"نعم، يحق للحاضن المطالبة بنفقة المحضون، وتستمر حتى انتهاء الحضانة أو ما لم تقرر المحكمة استمرارها لمصلحة المحضون.",Custody and Visitation
187,هل يؤثر زواج الأم على حقها في الحضانة؟,"زواج الأم لا يؤدي بالضرورة إلى إسقاط حضانتها مطلقاٍ. إذا تزوجت الأم من محرم للمحضون فلا تسقط حضانتها، أما إذا تزوجت الأم من غير محرم للمحضون، قد تسقط حضانتها، إلا إذا كان المحضون دون سن العامين أو قررت المحكمة أن بقاءه معها يحقق مصلحته الفضلى.",Custody and Visitation
188,هل يمكن للقاضي تعديل ترتيب الحاضنين؟,"نعم، يمكن للقاضي تعديل ترتيب الحاضنين إذا ثبت أن مصلحة المحضون تتطلب ذلك، مثل تفوق أهلية حاضن آخر أو ظروف خاصة تتعلق بالمحضون ",Custody and Visitation
189,ماذا يحدث إذا رفض جميع المستحقين للحضانة رعاية المحضون؟,"إذا رفض جميع المستحقين للحضانة رعاية المحضون، تقوم المحكمة باختيار حاضن مناسب من الأقارب بناءً على مصلحة المحضون، وإذا لم يتوفر، يُعهد بالمحضون إلى مؤسسات الرعاية الاجتماعية المعتمدة ",Custody and Visitation
190,هل الحضانة حق مشترك بين الأبوين؟,"الحضانة ليست حقًا مشتركًا بالمعنى القانوني، بل تُمنح للأحق بها وفق المادة 127 من نظام الأحوال الشخصية، وتكون الأم الأولى عادة ثم الأب، وعند النزاع، تحدد المحكمة الحاضن بناءً على مصلحة المحضون ",Custody and Visitation
191,هل يمكن للأب أن يأخذ الحضانة من الأم مباشرة؟,"لا يمكن للأب أخذ الحضانة من الأم مباشرة إلا إذا ثبت أمام المحكمة فقدان الأم لأحد شروط الحضانة، مثل فقدان الأهلية أو القدرة على الرعاية، مع مراعاة مصلحة المحضون.",Custody and Visitation
192,هل يحق للأب المطالبة بالحضانة إذا تنازلت الأم عنها؟,"نعم، يحق للأب المطالبة بالحضانة إذا تنازلت الأم عنها، حيث الحضانة حق للمحضون، وتقرر المحكمة أهليته بناءً على مصلحة المحضون الفضلى ",Custody and Visitation
193,هل يمكن إسقاط الحضانة عن الأم؟,"يمكن إسقاط الحضانة عن الأم  لكن يتطلب قرارًا قضائيًا يثبت فقدانها لأحد شروط الحضانة المنصوص عليها في نظام الأحوال الشخصية، مثل فقدان الأهلية، الإخلال بالرعاية، أو زواجها من غير محرم للمحضون مـا لم تقتـض مصلحـة المحضـون خلاف ذلـك. ",Custody and Visitation
194,ما أهم شروط الحضانة للأم؟,"تشمل أهم شروط الحضانة للأم كمال الأهلية، القدرة على تربية المحضون ورعايته، وخلوها من الأمراض المعدية الخطيرة التي تهدد المحضون  وأن تكون غـير متزوجـة برجـل أجنبـي عـن المحضـون، مـا لم تقتـض مصلحـة المحضـون خلاف ذلـك.",Custody and Visitation
195,هل يجوز للأم المتزوجة الاحتفاظ بالحضانة؟,يمكن للأم المتزوجة من غير محرم الاحتفاظ بالحضانة إذا كان المحضون دون سن العامين أو إذا قررت المحكمة أن بقاء المحضون معها يحقق مصلحته الفضلى ولا يشكل زوجها ضررًا عليه.,Custody and Visitation
196,هل يلزم الأب بتوفير سكن للحاضن والمحضون؟,"لا يُطلب من الأب توفير سكن للمطلقة الحاضنة إذا كان لديها مسكن ملائم يتوفر فيه شروط الصحة والأمان والاستقرار النفسي للمحضون. أما إذا لم يكن لديها مسكن ملائم، يُطلب من الأب توفير سكن للمحضون أو دفع تعويض مالي لاستئجار مسكن ملائم. يظل الأب ملزمًا بباقي النفقات مثل الطعام والملبس والتعليم، وفي حال الخلاف، تقرر المحكمة بناءً على مصلحة المحضون ",Alimony and Maintenance 
197,من له الأولوية في الحضانة بعد الأم؟,"الأب، ثـم أم الأم، ثم أم الأب، ثـم تقرر المحكمة ما تـرى فيـه مصلحـة المحضـون.",Custody and Visitation
198,هل يمكن تقديم أحد الأقارب على الأب في الحضانة؟,"نعم، إذا ثبت أن الأب غير مؤهل لرعاية المحضون.",Custody and Visitation
199,هل يحق للحاضن استعادة الحضانة بعد سقوطها؟,"نعم، إذا زال سبب سقوطها.",Custody and Visitation
200,هل يمكن منع الطرف الآخر من الزيارة؟,لا يجوز إلا إذا ثبت ضرر على المحضون.,Custody and Visitation
201,متى يحق للمحضون اختيار من يعيش معه؟,عند بلوغه 15 سنة.,Custody and Visitation
202,هل يحق للقاضي نقل الحضانة دون طلب أحد الأطراف؟,"نعم، إذا تبين للمحكمة أن مصلحة المحضون تقتضي ذلك, وثبت وجود سبب نظامي يؤثر في استحقاق الحضانة  أو في مصلحة المحضون.",Custody and Visitation
203,ماذا يحدث إذا رفض كل الأقارب رعاية المحضون؟,"إذا رفض جميع الأقارب رعاية المحضون أو تعذر وجود حاضن مستحق، تُلزم المحكمة من يثبت استحقاقه للحضانة متى أمكن، فإن تعذر ذلك بما يحقق مصلحة المحضون، تتولى الجهات المختصة توفير الرعاية والحماية اللازمة للمحضون وفق الأنظمة",Custody and Visitation
204,هل يمكن إسقاط الحضانة إذا ثبت إهمال الحاضن للمحضون؟,"نعم، يمكن إسقاط الحضانة إذا ثبت إهمال الحاضن للمحضون وتقصيره في أداء واجباته.",Custody and Visitation
205,ما الحالات التي يعتبر فيها الحاضن مهملاً؟,"تعريض المحضون للخطر، الامتناع عن توفير العلاج أو التعليم، أو الإهمال العاطفي والبدني الواضح.",Custody and Visitation
206,هل يُشترط تقديم أدلة قوية لإثبات الإهمال؟,"نعم، ويجب أن تكون الأدلة موثقة مثل تقارير طبية أو شهادات مدرسية أو إفادات من جهات رسمية.",Custody and Visitation
207,هل يمكن للأم استعادة الحضانة بعد زواجها؟,"نعم، إذا ثبت أن مصلحة المحضون تقتضي بقاءه معها رغم زواجها.",Custody and Visitation
208,هل يمكن للأب استعادة الحضانة بعد سقوطها عنه؟,"نعم، إذا زالت الأسباب التي أدت إلى سقوطها وكان هو الأصلح لرعاية المحضون.",Custody and Visitation
209,ما الجهة المختصة بإسقاط الحضانة؟,المحكمة المختصة بشؤون الأحوال الشخصية.,Custody and Visitation
210,هل يمكن للأب التنازل عن الحضانة ثم المطالبة بها لاحقًا؟,"نعم، يمكن للأب التنازل عن الحضانة ثم المطالبة بها لاحقًا اذا ثبت تغير الظروف لصالح المحضون فالحضانة ليست حقاً ثابتاً لا يتغير، بل هي حق للمحضون ويدور مع مصلحته.",Custody and Visitation
211,ماذا لو رفض المحضون البقاء مع الحاضن؟,"إذا رفض المحضون البقاء مع الحاضن، تنظر المحكمة في عمره وسبب الرفض. فإذا بلغ الخامسة عشرة، يُنظر في رغبته مع مراعاة مصلحته. أما إذا كان دون ذلك، فلا يكون رفضه وحده سببًا لتغيير الحضانة، وإنما تتحقق المحكمة من أسبابه، فإن ثبت وجود ضرر أو إهمال أو عدم صلاحية الحاضن، جاز اتخاذ ما يحقق مصلحة المحضون.",Custody and Visitation
212,هل يحق للمحضون رفع دعوى لتغيير الحضانة؟,"لا، لا يحق للمحضون رفع دعوى لتغيير الحضانة بنفسه، وإنما تُرفع الدعوى من صاحب الصفة النظامية، وللمحضون إبداء رغبته أمام المحكمة في الحالات التي يعتد فيها النظام برأيه، مع مراعاة مصلحته.",Custody and Visitation
213,هل يمكن انتقال الحضانة إلى الأخوة؟,"نعم، يمكن أن تنتقل الحضانة إلى الإخوة، ولكن هذا الانتقال لا يتم بشكل تلقائي بل يخضع لشروط وضوابط صارمة تترتب على ترتيب مستحقي الحضانة ومصلحة المحضون الفضلى.",Custody and Visitation
214,هل يمكن للحاضن نقل المحضون إلى مدينة أخرى؟,يمكن ذلك إذا لم يؤثر النقل على حق الطرف الآخر في الزيارة أو مصلحة المحضون.,Custody and Visitation
215,ما الإجراء إذا كان أحد الأبوين مسجونًا؟,"تنتقل الحضانة إلى الطرف الآخر، ما لم يكن غير مؤهل، وفي هذه الحالة تقرر المحكمة الأصلح لرعاية المحضون.",Custody and Visitation
216,ما هو الحد الأدنى لحق الزيارة للطرف غير الحاضن؟,"تحدد المحكمة الحد الأدنى بناءً على مصلحة المحضون، وعادة لا يقل عن يومين في الأسبوع.",Custody and Visitation
217,هل يحق للطرف غير الحاضن طلب تمديد الزيارة؟,يمكنه ذلك إذا ثبت أن تمديد الزيارة لا يضر بمصلحة المحضون.,Custody and Visitation
218,هل يمكن منع الطرف الآخر من اصطحاب المحضون في الإجازات؟,"لا يمكن الوالد غير الحاضن من اصطحاب المحضون في الإجازات، لأن له حق الاستصحاب وفق المادة 132 من نظام الأحوال الشخصية، إلا إذا ثبت للمحكمة بأدلة (كتقارير طبية أو نفسية) أن ذلك يشكل خطرًا جسديًا أو نفسيًا على المحضون أو يتعارض مع مصلحته، وفق المادة 133. في حال الخلاف، تحدد المحكمة مواعيد الاستصحاب بناءً على مصلحة المحضون",Custody and Visitation
219,هل يمكن فرض غرامة على الحاضن إذا منع الزيارة؟,"نعم، يمكن للمحكمة فرض غرامة مالية على الحاضن إذا منع الزيارة دون مبرر مشروع وفق المادة 134 واللائحة التنفيذية، كما يجوز للمحكمة أمر تنفيذ الزيارة جبريًا بمساعدة الجهات الأمنية إذا استمر المنع، وفق المادة 135. في حال تكرار المنع دون سبب يخدم مصلحة المحضون، قد تنظر المحكمة في نقل الحضانة للوالد الآخر بناءً على مصلحة المحضون ",Custody and Visitation
220,هل يؤثر الفقر على حق الحضانة؟,"لا، طالما أن الحاضن قادر على رعاية المحضون بالحد الأدنى المقبول.",Custody and Visitation
221,هل تعود الحضانة تلقائيًا عند زوال العائق؟,"لا، يجب رفع دعوى استرداد الحضانة أمام المحكمة.",Custody and Visitation
222,هل يحق للأب الاعتراض على حضانة الأم إذا أثبت سوء سلوكها؟,"نعم، بشرط تقديم أدلة قانونية تثبت ذلك.",Custody and Visitation
223,هل يمكن الاتفاق على الحضانة دون تدخل المحكمة؟,"نعم، بشرط توثيق الاتفاق لحماية حقوق الطرفين والمحضون.",Custody and Visitation
224,هل يمكن تعديل اتفاق الحضانة لاحقًا؟,"نعم، إذا تغيرت الظروف وكانت مصلحة المحضون تقتضي ذلك.",Custody and Visitation
225,هل يحق للحاضن المطالبة بنفقة بأثر رجعي؟,"نعم، بشرط ألا تتجاوز المطالبة سنتين من تاريخ الدعوى.",Alimony and Maintenance 
226,ما الإجراءات القانونية عند امتناع الأب عن دفع النفقة؟,"في حال رفض الأب دفع النفقة بعد صدور الحكم، يمكن رفع دعوى تنفيذ عبر بوابة ناجز لدى محكمة التنفيذ لإلزامه بالسداد وفق المادة 48 من نظام الأحوال الشخصية، وتشمل الإجراءات: إلزامه بالدفع من خلال المحكمة، اقتطاع النفقة مباشرة من راتبه الشهري، تجميد حساباته البنكية، منعه من السفر، وإيقاف بعض الخدمات الحكومية عنه حتى ينفذ الحكم، مع مراعاة مصلحة المحضون ",Alimony and Maintenance 
227,هل تشمل نفقة الابن مصاريف التعليم؟,"نعم، ويجب على الأب التكفل بها إذا كان قادرًا ماليًا.",Alimony and Maintenance 
228,هل يمكن للأم الأجنبية (غير السعودية)  الاحتفاظ بحضانة طفلها بعد الطلاق من سعودي؟,"نعم، يمكن للأم غير السعودية الاحتفاظ بحضانة طفلها بعد الطلاق من سعودي إذا توافرت فيها شروط الحضانة وفق المادة 123 من نظام الأحوال الشخصية، ولم يثبت وجود ضرر على الطفل، وكان ذلك في مصلحته، مع مراعاة اتحاد الدين إذا كان الطفل مسلمًا، وتقرر المحكمة بناءً على ظروف الحالة ",Custody and Visitation
229,ماذا لو أراد أحد الأبوين اصطحاب المحضون إلى بلد آخر؟,يجب الحصول على موافقة الطرف الآخر أو قرار قضائي يسمح بذلك.,Custody and Visitation
230,هل يمكن تنفيذ أحكام الحضانة الأجنبية في المملكة؟,"نعم، يمكن تنفيذ أحكام الحضانة الأجنبية في المملكة بشرط ألا تتعارض مع الأحكام الشرعية ونظام الأحوال الشخصية السعودي، ويتم تقديم طلب تنفيذ الحكم الأجنبي لمحكمة الأحوال الشخصية المختصة لمراجعته واعتماده وفق المادة 14 من نظام التنفيذ، مع مراعاة مصلحة المحضون الفضلى ",Custody and Visitation
231,ما دور المحكمة في قضايا الحضانة؟,الفصل في النزاعات بناءً على مصلحة المحضون.,Custody and Visitation
232,ما دور مراكز الحماية الاجتماعية في قضايا الحضانة؟,توفير الدعم للأطفال في حالات الإهمال أو التعنيف.,Custody and Visitation
233,ما عقوبة الامتناع عن تنفيذ الزيارة؟,"عند مخالفة الطرفَين لحكم الزيارة ومواعيدها؛ فإن المنظم قد نص في المادة (92) من نظام التنفيذ على عقوبة لكل من يمتنع عن تنفيذ حكم الزيارة، أو يخفي المحضون، أو يمتنع عن إعادته، وشدد النظام في ذلك، فقرر عقوبة السجن لمدة تصل إلى ثلاثة أشهر.",Custody and Visitation
234,هل يمكن زيادة النفقة عند تحسن وضع الأب المالي؟,"نعم، بناءً على طلب الحاضن وتقدير المحكمة.",Alimony and Maintenance 
235,هل يمكن تخفيض النفقة عند تراجع وضع الأب المالي؟,يمكن ذلك بناءً على إثبات قانوني يقدمه الأب.,Alimony and Maintenance 
236,هل يحق للمحضون امتلاك هاتف والتواصل مع الطرف غير الحاضن؟,"نعم، إذا كان ذلك لا يشكل ضررًا عليه.",Custody and Visitation
237,هل يمكن منع الحاضن من نشر صور المحضون على وسائل التواصل؟,"نعم، يمكن منع الحاضن من نشر صور المحضون على وسائل التواصل الاجتماعي إذا اعترض الطرف الآخر وثبت للمحكمة أن النشر قد يؤثر سلبًا على مصلحة المحضون، مثل تعريضه للخطر أو الإضرار بخصوصيته، وفق المادة 122 من نظام الأحوال الشخصية التي تركز على مصلحة المحضون الفضلى، وتقرر المحكمة بناءً على ظروف الحالة ",Custody and Visitation
238,هل الحضانة قضية قابلة للاستئناف؟,"نعم، يمكن استئناف أي حكم يتعلق بالحضانة.",Custody and Visitation
239,ما الفرق بين الحضانة والولاية؟,"تعني حفظ الصغير وتربيته، والقيام بشؤونه الحياتية،هي سلطة شرعية ونظامية يُمنحها القانون للأب، أو من يحل محله شرعًا في شؤون القاصر المتعلقة بشخصه، وتشمل على سبيل المثال لا الحصر التعليم، والسفر، والعلاج، والزواج، وغيرها.",Custody and Visitation
240,هل يمكن للحاضن تغيير مدرسة المحضون دون موافقة الولي؟,"لا يمكن للحاضن تغيير مدرسة المحضون دون موافقة الولي (الأب عادة) إلا إذا كان التغيير ضروريًا لمصلحة المحضون الفضلى وتمت الموافقة عليه من المحكمة، حيث يُشترط الاتفاق بين الحاضن والولي على القرارات الجوهرية المتعلقة بالتعليم، وفي حال الخلاف، تقرر المحكمة بناءً على مصلحة المحضون ",Custody and Visitation
241,هل يمكن للحاضن الموافقة على عمليات جراحية للمحضون دون إذن الولي؟,"لا، إلا في الحالات الطارئة التي تستدعي تدخلاً فورياً.",Custody and Visitation
242,"إذا كان الولي غير مهتم بالمحضون، هل يمكن للحاضن طلب نقل الولاية إليه؟","نعم، عبر رفع دعوى قضائية لإثبات الإهمال.",Custody and Visitation
243,كيف يتم تنفيذ أحكام الحضانة؟,عبر المحكمة المختصة بالتنفيذ.,Custody and Visitation
244,ما العقوبات على من يرفض تنفيذ حكم الحضانة؟,"قد تشمل الغرامة، الإيقاف، أو تنفيذ الحكم جبريًا.",Custody and Visitation
245,هل يمكن طلب التنفيذ العاجل لأحكام الحضانة؟,"نعم، إذا كان التأخير يشكل ضررًا على المحضون.",Custody and Visitation
246,هل يحق للطرف غير الحاضن الطعن في إجراءات التنفيذ؟,"نعم، ولكن لا يُقبل إلا إذا كان هناك خطأ قانوني واضح.",Custody and Visitation
247,هل يمكن للأم الحاضنة السفر بالمحضون دون إذن الأب؟,"لا، يجب الحصول على موافقة خطية أو إذن قضائي.",Custody and Visitation
248,ماذا يحدث إذا سافر الحاضن بالمحضون دون إذن؟,يمكن رفع دعوى لاسترداد المحضون وإصدار مذكرة منع سفر بحقه.,Custody and Visitation
249,هل يمكن نقل الحضانة للطرف الآخر إذا قرر الحاضن الانتقال الدائم للخارج؟,"نعم، إذا تعذر الحفاظ على حقوق الطرف الآخر في الزيارة.",Custody and Visitation
250,هل يمكن للأب المطالبة بالحضانة إذا عادت الأم إلى بلدها الأصلي؟,يمكنه ذلك إذا أثبت أن وجود الطفل معه أفضل لمصلحته.,Custody and Visitation
251,ما الإجراءات القانونية لمنع السفر بالمحضون دون إذن؟,"يمكن للوالد غير الحاضن تقديم طلب منع سفر إلى محكمة الأحوال الشخصية لمنع الحاضن من السفر بالمحضون دون إذن، ويصدر أمر منع السفر إذا ثبت أن السفر قد يتعارض مع مصلحة المحضون أو يؤثر على حق الزيارة، ويُبلغ الأمر إلى الجهات المختصة كالجوازات للتنفيذ ",Custody and Visitation
252,هل يمكن للقاضي إلزام الوالدين باستشارة نفسية للمحضون؟,"نعم، إذا ثبت وجود آثار نفسية سلبية.",Custody and Visitation
253,هل يمكن للقاضي طلب تقييم نفسي للحاضن؟,"نعم، إذا كانت هناك مخاوف حول أهليته لرعاية المحضون.",Custody and Visitation
254,هل يمكن للأم طلب الحضانة إذا كان الأب عنيفًا تجاه المحضون؟,"نعم، إذا ثبت تعرض المحضون للعنف أو الخطر، فإن المحكمة تسقط الحضانة عن الأب.",Custody and Visitation
255,كيف يمكن إثبات العنف الأسري في قضايا الحضانة؟,"عبر تقارير طبية، شكاوى رسمية، أو شهادات الشهود.",Custody and Visitation
256,هل يمكن نقل الحضانة للطرف الآخر فورًا إذا ثبت العنف؟,"نعم، يمكن للمحكمة إصدار حكم مستعجل لحماية المحضون.",Custody and Visitation
257,هل يؤثر العنف اللفظي أو النفسي على قرار الحضانة؟,"نعم، إذا ثبت أن له تأثيرًا سلبيًا على المحضون.",Custody and Visitation
258,هل يمكن فرض رقابة على الحاضن في حال وجود شكوك بسوء معاملة المحضون؟,"نعم، يمكن للمحكمة إصدار قرار بإشراف جهة مختصة.",Custody and Visitation
259,هل يمكن للأجداد طلب الحضانة إذا كان الأبوان غير مؤهلين؟,"نعم، إذا ثبت أن مصلحة المحضون تقتضي ذلك.",Custody and Visitation
260,ما ترتيب الأجداد في الحضانة؟,"الجدة من الأم، ثم الجدة من الأب، ثم الجد من الأم، ثم الجد من الأب.",Custody and Visitation
261,هل يحق للجد طلب نقل الحضانة إليه إذا كان الأب غير مؤهل؟,"نعم، بشرط إثبات عدم صلاحية الأب للحضانة.",Custody and Visitation
262,هل يمكن للأجداد المطالبة بحقوق الزيارة إذا لم يكن لديهم الحضانة؟,"نعم، يمكنهم تقديم طلب رسمي للمحكمة.",Custody and Visitation
263,هل على الأجداد أي التزامات مالية إذا حصلوا على الحضانة؟,"لا، النفقة تظل على الأب، إلا إذا كان عاجزًا عنها.",Alimony and Maintenance 
264,هل يؤثر انخفاض دخل الحاضن على قرار الحضانة؟,"لا، طالما كان قادرًا على تلبية احتياجات المحضون الأساسية.",Custody and Visitation
265,هل يمكن للأب طلب الحضانة إذا كان دخله أعلى من دخل الأم؟,"لا، إلا إذا ثبت أن ذلك يصب في مصلحة المحضون.",Custody and Visitation
266,هل يُلزم الحاضن بتقديم كشف مالي لإثبات قدرته على الحضانة؟,"لا يُلزم الحاضن بتقديم كشف مالي بشكل إجباري، لكن يمكن للمحكمة طلب ذلك إذا كان هناك نزاع حول قدرته على رعاية المحضون وتوفير احتياجاته الأساسية، وفق المادة 123 من نظام الأحوال الشخصية، وتقرر المحكمة بناءً على مصلحة المحضون الفضلى ",Custody and Visitation
267,هل يؤثر زواج الأب بأخرى على فرصه في الحصول على الحضانة؟,"لا، إلا إذا أثبت أن الزوجة الجديدة غير قادرة على رعاية المحضون.",Custody and Visitation
268,  هل يحق للزوجة الجديدة الاعتراض على الحضانة؟,"لا، لأنها ليست طرفًا مباشرًا في القضية, لكن إذا ثبت أن زواج الأب منها يؤثر سلبًا على مصلحة الطفل (مثلًا بسبب ظروف معيشية غير مناسبة أو إهمال)، يمكن للأم أو أي طرف آخر معني أن يتقدم بدعوى لتعديل الحضانة بناءً على ذلك، وتُنظر المحكمة في الأمر وفق مصلحة الطفل..",Custody and Visitation
269,هل يحق للأب المطالبة بالحضانة إذا كان لديه أطفال من زوجة أخرى؟,"نعم، ولكن يتم النظر في مدى قدرة الأب على رعاية المحضون.",Custody and Visitation
270,هل يمكن نقل الحضانة إلى زوجة الأب إذا كانت أكثر أهلية؟,"لا، إلا إذا فقد جميع الحاضنين الأساسيين أهليتهم.",Custody and Visitation
271,هل يمكن أن تؤثر خلافات الزوجين على قرار الحضانة؟,"لا، القرار يعتمد فقط على مصلحة المحضون.",Custody and Visitation
272,هل يمكن أن تؤثر جنسية الطفل على قرار الحضانة؟,"لا، الحضانة تعتمد على مصلحة الطفل بغض النظر عن الجنسية.",Custody and Visitation
273,هل يمكن نقل الطفل الحاضن إلى بلد آخر إذا كان أحد والديه غير سعودي (أجنبياً)؟,يحتاج إلى موافقة المحكمة لضمان عدم الإضرار بمصلحة الطفل.,Custody and Visitation
274,هل يمكن للأم غير السعودية الحاضنة الحصول على إقامة دائمة للطفل؟,"نعم، وفقًا لأنظمة الإقامة في الدولة.",Custody and Visitation
275,هل يؤثر الزواج من أجنبي (غير سعودي) على حق الحضانة؟,لا يؤثر إلا إذا ثبت أن الزوج الجديد يشكل خطرًا على المحضون.,Custody and Visitation
276,هل يمكن إسقاط الحضانة عن الحاضن إذا أهمل علاج المحضون؟,"نعم، إذا ثبت تعريض حياة المحضون للخطر.",Custody and Visitation
277,هل يمكن مطالبة الطرف غير الحاضن بتكاليف العلاج؟,"نعم، لأن الأب ملزم قانونيًا بنفقة العلاج.",Alimony and Maintenance 
278,ما الإجراء في حال رفض الحاضن تلقيح المحضون طبيًا؟,يمكن للطرف الآخر اللجوء إلى المحكمة لإجبار الحاضن على الامتثال.,Custody and Visitation
279,هل يمكن نقل الحضانة مؤقتًا للطرف الآخر لعلاج الطفل؟,"نعم، إذا كانت الحالة الطبية تستدعي ذلك.",Custody and Visitation
280,هل يُلزم الحاضن بإبلاغ الطرف الآخر بأي مستجدات طبية للمحضون؟,"نعم، كجزء من واجب الحضانة المشتركة.",Custody and Visitation
281,هل يمكن إسقاط الحضانة بسبب بيئة الحاضن الاجتماعية؟,"نعم، إذا ثبت أن البيئة غير آمنة أو غير صحية للمحضون.",Custody and Visitation
282,هل يؤثر عمل الحاضن في بيئة غير مستقرة على الحضانة؟,قد يؤثر إذا كان يؤثر سلبًا على تربية المحضون.,Custody and Visitation
283,هل يمكن نقل الحضانة إذا كان الحاضن يعيش مع أفراد غير مناسبين؟,"نعم، إذا ثبت أن ذلك يضر بمصلحة المحضون.",Custody and Visitation
284,هل تؤثر كثرة التنقلات على قرار الحضانة؟,"نعم، إذا كان يؤثر على استقرار المحضون.",Custody and Visitation
285,هل يمكن للقاضي طلب تحقيق اجتماعي حول الحاضن؟,"نعم، إذا كانت هناك شبهة بعدم أهلية الحاضن.",Custody and Visitation
286,هل يمكن إسقاط الحضانة إذا أجبر الحاضن المحضون على الزواج؟,"نعم، لأن ذلك يعتبر انتهاكًا لحقوق الطفل.",Custody and Visitation
287,هل يمكن نقل الحضانة للطرف الآخر إذا رفض تزويج المحضون قسرًا؟,"نعم، إذا ثبت الإكراه.",Custody and Visitation
288,هل يمكن للقاصر رفع دعوى ضد حاضنه بسبب إجباره على الزواج؟,"نعم، ويمكنه طلب نقل الحضانة.",Custody and Visitation
289,هل تسقط الحضانة تلقائيًا في حالات الزواج القسري؟,"لا، ولكن يمكن إسقاطها بحكم قضائي.",Custody and Visitation
290,هل يمكن للحاضن تغيير اسم المحضون دون إذن الولي؟,"لا، لأن تغيير الاسم يتطلب موافقة ولي الأمر الشرعي.",Custody and Visitation
291,هل يمكن رفض تسجيل المحضون في مدرسة معينة بسبب رغبة الطرف الآخر؟,"لا، طالما أن المدرسة تحقق مصلحة المحضون.",Custody and Visitation
292,هل يمكن إلزام الحاضن بتعليم المحضون في مدرسة معينة؟,يمكن ذلك إذا كان في مصلحة الطفل.,Custody and Visitation
293,ما هو الطلاق من الناحية القانونية؟,هو إنهاء عقد الزواج بإرادة الزوج أو بحكم قضائي وفقًا لما ينص عليه نظام الأحوال الشخصية.,Divorce
294,ما الفرق بين الطلاق الرجعي والطلاق البائن؟,"الطلاق الرجعي يحق فيه للزوج مراجعة زوجته خلال العدة دون عقد جديد، بينما الطلاق البائن لا يحق فيه الرجوع إلا بعقد ومهر جديدين.",Divorce
295,هل يمكن إيقاع الطلاق بدون توثيقه رسميًا؟,"لا، يجب توثيق الطلاق رسميًا لحفظ الحقوق الشرعية والقانونية.",Divorce
296,ما الفرق بين الطلاق والتفريق القضائي؟,"الطلاق يتم بإرادة الزوج، بينما التفريق القضائي يكون بناءً على طلب الزوجة أو لسبب قضائي كعدم الإنفاق أو الضرر.",Divorce
297,هل يشترط موافقة الزوجة على الطلاق؟,"لا، الطلاق حق للزوج، لكنه يخضع لشروط وإجراءات قانونية.",Divorce
298,كيف يتم توثيق الطلاق في المحكمة؟,"يتم رفع طلب الطلاق إلكترونيًا أو بالحضور للمحكمة، ثم تثبت الواقعة بوثيقة رسمية.",Divorce
299,هل يلزم حضور الزوجة عند توثيق الطلاق؟,"ليس بالضرورة، ولكن يتم إشعارها بالطلاق لضمان حقوقها.",Divorce
300,هل يمكن الطلاق شفويًا دون اللجوء للمحكمة؟,الطلاق الشفوي يقع شرعًا لكنه لا يُعتمد قانونيًا إلا بعد توثيقه رسميًا.,Divorce
301,كم تستغرق إجراءات الطلاق في المحكمة؟,"تختلف المدة حسب تعقيد القضية، لكنها عادة تتراوح بين عدة أسابيع إلى بضعة أشهر.",Divorce
302,هل يمكن إلغاء الطلاق بعد توثيقه؟,"يمكن الرجوع في الطلاق الرجعي خلال العدة، أما البائن فلا بد من عقد جديد.",Divorce
303,ما حقوق الزوجة في الطلاق الرجعي؟,تبقى في العدة ولها حقوق النفقة والسكن حتى انتهاء عدتها.,Divorce
304,هل يحق للزوج إجبار الزوجة على العودة بعد الطلاق الرجعي؟,"له حق المراجعة خلال العدة، لا بعد انقضائها.",Divorce
305,متى يصبح الطلاق نهائيًا ولا رجعة فيه؟,"بعد الطلاق الثالث، أو إذا كان الطلاق بائنًا بينونة كبرى.",Divorce
306,هل يؤثر الحمل على نوع الطلاق؟,"لا، لكنه يمدد العدة حتى وضع الحمل.",Divorce
307,ما الحالات التي يحق فيها للزوجة طلب الطلاق بسبب الضرر؟,"العنف، الإهمال، عدم الإنفاق، الهجر، أو أي ضرر يؤثر على الحياة الزوجية.",Divorce
308,كيف تثبت الزوجة الضرر في المحكمة؟,"من خلال شهادات الشهود، التقارير الطبية، أو أي أدلة موثقة.",Marriage
309,هل يمكن للزوجة طلب الطلاق إذا كان الزوج مسجونًا؟,"نعم، إذا طالت مدة السجن وأثرت على حياتها الزوجية.",Divorce
310,هل يحق للزوجة طلب الطلاق بسبب الخيانة الزوجية؟,"نعم، إذا استطاعت إثبات الضرر الناتج عن الخيانة.",Divorce
311,ما المدة التي يُعتبر فيها الهجر سببًا للطلاق؟,إذا تجاوز أربعة أشهر دون عذر مقبول.,Divorce
312,ما حقوق الزوجة المالية بعد الطلاق؟,"تستحق النفقة خلال العدة، والمهر المؤجل، وأي حقوق أخرى منصوص عليها في العقد.",Alimony and Maintenance 
313,هل يمكن إجبار الزوج على دفع النفقة بأثر رجعي؟,"نعم، إذا امتنع عن دفعها دون عذر قانوني.",Alimony and Maintenance 
314,من هو الأحق بحضانة الأطفال بعد الطلاق؟,"الأم، ثم الأب، ثم الأقارب حسب الترتيب الشرعي.",Custody and Visitation
315,هل يحق للأب المطالبة بحضانة الأبناء بعد الطلاق؟,"نعم، إذا ثبت أن الأم غير مؤهلة للحضانة.",Custody and Visitation
316,هل يمكن للأم منع الأب من رؤية الأطفال بعد الطلاق؟,"لا، فالزيارة حق للأب يجب الالتزام به.",Custody and Visitation
317,ما السن القانونية التي يمكن للطفل فيها اختيار الحاضن؟,"بعد سن 15 عامًا، يحق له الاختيار.",Custody and Visitation
318,هل يحق للأم السفر بالمحضون دون إذن الأب؟,"لا، إلا بموافقة الأب أو إذن المحكمة.",Custody and Visitation
319,ما هو الطلاق بالتراضي؟,هو طلاق يتم بالاتفاق بين الزوجين على إنهاء الزواج دون نزاع.,Divorce
320,هل يشترط توثيق الطلاق بالتراضي في المحكمة؟,"نعم، لحفظ الحقوق.",Divorce
321,هل يمكن الاتفاق على إسقاط النفقة مقابل الطلاق؟,يمكن ذلك إذا وافقت الزوجة طواعية.,Alimony and Maintenance 
322,هل يحق للزوجة طلب تعويض مالي مقابل الموافقة على الطلاق؟,"نعم، إذا لم يكن لديها أسباب قانونية للطلاق.",Divorce
323,هل يمكن للطرفين الاتفاق على حضانة الأطفال ضمن الطلاق الاتفاقي؟,"نعم، ولكن يبقى للقضاء الحق في تعديل الاتفاق إذا كان ضد مصلحة الأطفال.",Custody and Visitation
324,ما هو الطلاق الغيابي؟,"هو الطلاق الذي يقع دون حضور الزوجة، ويتم إبلاغها رسميًا به.",Divorce
325,هل يمكن الاعتراض على الطلاق الغيابي؟,يمكن إذا تم بطرق غير قانونية.,Divorce
326,هل يحق للزوجة المطالبة بحقوقها بعد الطلاق الغيابي؟,"نعم، مثل النفقة والمهر المؤجل.",Alimony and Maintenance 
327,كيف يتم إثبات الطلاق الغيابي؟,عبر وثيقة رسمية تصدرها المحكمة.,Divorce
328,هل يؤثر الطلاق الغيابي على حضانة الأطفال؟,"لا، الحضانة تقرر وفقًا لمصلحة الأطفال بغض النظر عن نوع الطلاق.",Custody and Visitation
329,ما هو الخلع؟,الخلع هو فراق بين الزوجين بطلب الزوجة وموافقة الزوج مقابل عوض تبذله الزوجة أو غيرها.,Khulʿ
330,هل يجوز للقاضي خلع الزوج دون رضاه؟,"نعم، مكن للقاضي إصدار حكم بالخلع حتى وإن رفض الزوج ذلك.",Khulʿ
331,ما الفرق بين الطلاق والخلع؟,"الطلاق يقع بإرادة الزوج، بينما الخلع يكون بطلب من الزوجة مقابل عوض مالي.",Khulʿ
332,هل يحق للزوجة المطالبة بالنفقة بعد الخلع؟,"لا، لأنها تتنازل عن حقوقها المالية في مقابل الخلع.",Khulʿ
333,هل يمكن  مراجعة الزوجة بعد الخلع؟,"لا، بمجرد وقوع الخلع، لا يمكن الرجوع فيه إلا بعقد جديد.",Khulʿ
334,هل الطلاق بالإكراه يقع شرعًا وقانونًا؟,"لا، الطلاق يجب أن يكون بإرادة حرة دون إجبار.",Divorce
335,ما الإجراءات المتبعة إذا ادعى الزوج أنه طلق تحت الإكراه؟,"يجب عليه إثبات ذلك أمام المحكمة، وقد يُبطل الطلاق.",Divorce
336,هل يمكن للزوجة رفع دعوى لإثبات أن الطلاق تم بالإكراه؟,"نعم، إذا كانت هناك أدلة على أن الزوج تعرض لضغط أو تهديد.",Divorce
337,هل الطلاق بالإكراه يعتبر رجعيًا أم بائنًا؟,"إذا ثبت الإكراه، قد يُعتبر الطلاق غير نافذ أصلًا.",Divorce
338,ما الحل إذا أُجبرت الزوجة على طلب الطلاق؟,يمكنها تقديم شكوى لإثبات الإكراه وطلب إلغاء الطلاق.,Divorce
339,هل يحق للزوجة طلب الطلاق إذا كان الزوج مصاب بمرض مزمن؟,"نعم، إذا ثبت أن المرض يمنع استمرار الحياة الزوجية بشكل طبيعي.",Divorce
340,هل يمكن للزوجة طلب الطلاق إذا كان الزوج يعاني من مرض نفسي؟,"نعم، إذا ثبت أن المرض يؤثر سلبًا على حياتها الزوجية.",Divorce
341,هل يشترط تقرير طبي لطلب الطلاق بسبب المرض؟,"نعم، المحكمة تحتاج إلى إثبات طبي معتمد.",Divorce
342,هل المرض سبب كافٍ للطلاق أم يجب إثبات الضرر؟,يجب إثبات أن المرض يُشكل ضررًا أو يمنع استمرار الحياة الزوجية.,Divorce
343,هل يمكن للزوجة المطالبة بتعويض إذا أخفى الزوج مرضه عنها؟,"نعم، إذا ثبت أن الزوج تعمد إخفاء معلومات صحية جوهرية عند الزواج.",Marriage
344,هل يمكن للزوجة طلب الطلاق إذا تزوج زوجها عليها؟,"لا يعتبر الزواج الثاني سببًا مباشرًا للطلاق، إلا إذا تسبب في ضرر واضح.",Divorce
345,هل يحق للزوجة طلب الطلاق إذا تضررت من زواج الزوج بأخرى؟,يمكنها رفع دعوى طلاق للضرر مع إثبات أن زواجه تسبب لها في ضرر مادي أو معنوي بما يجعل استمرار الحياة الزوجية مستحيلاً.,Divorce
346,هل يمكن اشتراط عدم الزواج الثاني في عقد الزواج؟,"نعم، وإذا خالف الزوج الشرط، يحق للزوجة طلب الطلاق.",Marriage
347,هل يؤثر الزواج الثاني على حقوق الزوجة المطلقة؟,"لا، تبقى حقوقها ثابتة مثل النفقة اذا كانت حامل والمهر المؤجل.",Divorce
348,هل يحق للزوجة الثانية طلب الطلاق إذا اكتشفت أنها ليست الزوجة الوحيدة؟,"نعم، إذا لم تكن تعلم بذلك عند الزواج.",Divorce
349,ما هو الطلاق السني؟,"الطلاق الذي يقع طلقة واحدة في طُهر لم يُجامع الزوج فيه الزوجة، أم تكون حاملاً.",Divorce
350,ما هو الطلاق البدعي؟,"هو الطلاق الذي يق أثناء الحيض أو النفاس أو في طُهر جامع فيه الزوج زوجته، ويزيد على طلقة واحدة.",Divorce
351,هل يقع الطلاق البدعي قانونيًا؟,"قد يُعتبر غير نافذ، ويُنظر فيه من قبل المحكمة.",Divorce
352,هل يجب الإشهاد على الطلاق ليكون صحيحًا؟,"يستحب الإشهاد شرعًا، لكنه غير ملزم قانونيًا طالما تم توثيقه رسميًا.",Divorce
353,هل يمكن التراجع عن الطلاق بعد وقوعه؟,"في الطلاق الرجعي، يمكن الرجوع خلال العدة، أما الطلاق البائن فلا بد من عقد جديد.",Divorce
354,هل تستحق الزوجة تعويضًا ماليًا عند الطلاق؟,"لا، إلا إذا نص عقد الزواج على ذلك أو إذا تم الاتفاق بين الطرفين.",Divorce
355,هل يمكن للزوجة الاحتفاظ بالمهر بعد الطلاق؟,"نعم، إذا تم الدخول بها، وإلا فيحق لها نصفه فقط.",Divorce
356,هل يجب على الزوج دفع تعويض عن الطلاق التعسفي؟,يمكن ذلك إذا ثبت أنه أضر بها دون سبب مشروع.,Divorce
357,هل يمكن تقسيم الممتلكات المشتركة بعد الطلاق؟,"نعم، إذا ثبت أن الزوجين شاركا في تكوينها.",Divorce
358,هل للزوجة حق في الميراث (ورث) إذا توفي الزوج وهي في فترة العدة من طلاق؟,"إذا كانت الزوجة في فترة ""العدة من طلاق رجعي"" (أي طلقة أولى أو ثانية ولم تنتهِ عدتها)، وتوفي الزوج، فإنها ترثه شرعاً ونظاماً لأنها لا تزال في حكم الزوجة. أما إذا كان الطلاق بائناً (بينونة كبرى أو صغرى، أو خلع) وتوفي الزوج، فلا ترثه لانقطاع العصمة الزوجية.",Divorce
359,هل يحق للزوجة طلب الطلاق في دولة أجنبية إذا كان الزوج سعوديًا؟,"يمكن ذلك، لكن يجب توثيق الطلاق في المملكة ليكون نافذًا قانونيًا.",Divorce
360,هل يمكن المطالبة بحقوق النفقة في المملكة بعد الطلاق في الخارج؟,"نعم، بشرط إثبات الزواج والطلاق قانونيًا.",Alimony and Maintenance 
361,هل يمكن للزوجة المسلمة طلب الطلاق إذا ارتد زوجها عن الإسلام؟,"نعم، لأن الردة تُبطل عقد الزواج شرعًا.",Divorce
362,هل يحق للزوجة طلب الطلاق إذا كان الزوج معسرًا ماليًا؟,"نعم، إذا كان الزوج عاجزًا عن الإنفاق عليها ولم تجد وسيلة للعيش الكريم.",Judicial Dissolution
363,هل يؤثر الإعسار على نفقة الزوجة بعد الطلاق؟,"لا، النفقة واجبة على الزوج حتى لو كان معسرًا، ويمكن تنفيذها عبر المحكمة.",Alimony and Maintenance 
364,هل يمكن للزوج التهرب من النفقة بسبب الإعسار؟,"لا، ويجوز للمحكمة الحجز على أمواله أو إلزامه بالعمل لسداد النفقة.",Alimony and Maintenance 
365,هل يجوز للزوجة التنازل عن نفقتها مقابل الطلاق؟,"نعم، ولكن التنازل يجب أن يكون بموافقتها الحرة ودون إكراه.",Divorce
366,هل يختلف الطلاق في الزواج العرفي عن الزواج الرسمي؟,"لا، الطلاق يخضع لنفس الأحكام، لكن الزواج العرفي يحتاج إلى إثبات رسمي أولًا.",Divorce
367,هل يمكن للزوجة المطالبة بحقوقها إذا طلقها الزوج في زواج عرفي؟,"نعم، بشرط إثبات الزواج بطرق قانونية معتمدة.",Divorce
368,هل يمكن إثبات الطلاق العرفي أمام المحكمة؟,"نعم، عبر الشهود أو المستندات التي تؤكد وقوع الزواج والطلاق.",Divorce
369,هل يؤثر الزواج العرفي على حقوق الأطفال بعد الطلاق؟,"لا، حقوق الأطفال محفوظة قانونيًا حتى لو لم يكن الزواج موثقًا.",Divorce
370,هل يجوز للزوج إنكار الطلاق العرفي؟,"لا، ويمكن إثباته عبر المحكمة لإلزامه بحقوق الزوجة.",Divorce
371,هل يمكن إجبار الطفل على الإقامة مع أحد الوالدين بعد الطلاق؟,"لا، يتم اختيار الحاضن بناءً على مصلحة الطفل وليس رغبة الوالدين.",Custody and Visitation
372,ما الإجراءات القانونية لحماية الأطفال من تأثير الطلاق؟,"توفير بيئة مستقرة، احترام حق الزيارة، وضمان الاستمرار في التعليم والرعاية الصحية.",Custody and Visitation
373,هل يمكن للزوجة طلب الطلاق إذا تعرضت للعنف؟,"نعم، العنف سبب مشروع للطلاق ويترتب عليه حقوق قانونية مثل التعويض والنفقة.",Judicial Dissolution
374,كيف يمكن إثبات العنف الأسري في المحكمة؟,"من خلال التقارير الطبية، شهادات الشهود، والتسجيلات أو الرسائل التي تثبت العنف.",Marriage
375,هل يحصل المعنف على تعويض مالي عند الطلاق؟,يمكن للمحكمة الحكم بتعويض إذا ثبت تعرض الزوجة للضرر الجسيم بسبب العنف.,Divorce
376,هل يمكن للزوجة الحصول على حماية قانونية بعد الطلاق بسبب العنف؟,"نعم، يمكنها طلب أمر حماية من الجهات المختصة لمنع التعرض لها.",Divorce
377,هل يختلف حكم الطلاق إذا كان أحد الزوجين أجنبيًا؟,"لا، يخضع لنظام الأحوال الشخصية في الدولة التي تم فيها الزواج.",Divorce
378,هل يمكن للأم الأجنبية الاحتفاظ بحضانة الأطفال بعد الطلاق؟,"نعم، إذا كانت مصلحتهم تقتضي ذلك.",Custody and Visitation
379,هل يمكن للزوجة السعودية المطالبة بحقوقها بعد الطلاق من زوج أجنبي؟,"نعم، وفقًا للقوانين التي تحمي حقوقها.",Divorce
380,هل يمكن للزوج الأجنبي ترحيل أبنائه بعد الطلاق؟,"لا، إلا إذا حصل على إذن قانوني يراعي مصلحة الأطفال.",Divorce
381,كيف يتم تقسيم الممتلكات المشتركة بعد الطلاق؟,حسب ما تم الاتفاق عليه أو وفقًا لما يحدده القضاء بناءً على المساهمة المالية لكل طرف.,Divorce
382,هل يحق للزوجة المطالبة بنصف ممتلكات الزوج بعد الطلاق؟,"لا، إلا إذا ثبت أنها ساهمت ماديًا في شرائها.",Divorce
383,هل يجب تسوية القروض المشتركة بعد الطلاق؟,"نعم، يتم تحديد المسؤولية القانونية لكل طرف تجاه القروض.",Divorce
384,هل يمكن للمطلقة الاستفادة من التأمين الصحي للزوج بعد الطلاق؟,"لا، إلا إذا نص العقد على استمرار التغطية.",Divorce
385,هل يمكن طلب الطلاق عبر الإنترنت؟,"نعم، يمكن تقديم طلب إلكتروني للمحكمة المختصة.",Divorce
386,هل الطلاق بالرسائل النصية يقع قانونيًا؟,"يقع الطلاق بالرسائل النصية (SMS) أو تطبيقات المراسلة في القضاء السعودي إذا صدرت من الزوج، ولكن لا يعتد به قانونياً كطلاق نافذ وموثق إلا بعد إثباته رسمياً لدى محكمة الأحوال الشخصية",Divorce
387,هل يمكن التراجع عن الطلاق بعد صدور حكم المحكمة؟,"لا، إلا إذا كان الطلاق رجعيًا وتمت المراجعة خلال العدة.",Divorce
388,هل يمكن للزوجة طلب الطلاق إذا كان الزوج غير قادر على الإنجاب؟,"نعم، إذا ثبت العقم ولم توافق على الاستمرار في الزواج.",Divorce
389,هل يمكن للزوج إجبار الزوجة على العودة بعد الطلاق؟,"لا، القرار بيد الزوجة إذا كان الطلاق بائنًا.",Divorce
390,هل يحق للزوجة طلب الطلاق إذا كان الزوج مدمنًا؟,"نعم، الإدمان سبب شرعي لطلب الطلاق إذا أثر على الحياة الزوجية أو شكل خطرًا على الزوجة.",Divorce
391,ما الإثباتات المطلوبة لطلب الطلاق بسبب الإدمان؟,"تقارير طبية، شهادات من الجهات المختصة، وشهادات الشهود إن وجدت.",Divorce
392,هل يمكن تعليق طلب الطلاق إذا وافق الزوج على العلاج من الإدمان؟,"نعم، إذا قبلت الزوجة بذلك وكان هناك ضمانات للعلاج.",Divorce
393,هل يحق للزوج المدمن المطالبة بحضانة الأطفال؟,"لا، إذا ثبت أن إدمانه يشكل خطرًا على الأطفال.",Custody and Visitation
394,هل يمكن للزوجة المطالبة بتعويض عن الضرر الناتج عن إدمان الزوج؟,"نعم، إذا ثبت تعرضها لأذى نفسي أو جسدي بسببه.",Marriage
395,هل يحق للزوجة طلب الطلاق بسبب الخيانة؟,"نعم، إذا تسببت الخيانة في ضرر نفسي أو اجتماعي للزوجة.",Divorce
396,كيف يمكن إثبات الخيانة في المحكمة؟,"عبر الرسائل، التسجيلات، أو شهادات الشهود الموثقة.",Judicial Dissolution
397,هل يمكن للزوجة المطالبة بتعويض بسبب الخيانة؟,"نعم، إذا أثبتت أن الخيانة سببت لها ضررًا يستوجب التعويض.",Marriage
398,هل الخيانة تسقط حقوق الزوجة في النفقة؟,"لا، حقوق الزوجة المالية لا تتأثر بالخيانة.",Alimony and Maintenance 
399,هل تؤثر الخيانة على حق الزوج في حضانة الأطفال؟,يمكن أن تؤثر إذا ثبت أن البيئة التي يعيش فيها الأطفال غير مناسبة لهم.,Custody and Visitation
400,ما الفرق بين الطلاق القضائي والطلاق الإداري؟,"الطلاق القضائي يتم بقرار محكمة، بينما الطلاق الإداري يتم بتسجيل رسمي في الجهات المختصة دون حاجة لحكم قضائي.",Divorce
401,هل يمكن توثيق الطلاق إداريًا بدون اللجوء إلى المحكمة؟,"نعم، إذا لم يكن هناك نزاع بين الطرفين.",Divorce
402,ما هي إجراءات الطلاق الإداري؟,"تقديم طلب في الجهة المختصة، إثبات هوية الزوجين، توثيق الطلاق رسميًا.",Divorce
403,هل الطلاق الإداري يؤثر على حقوق الزوجة؟,"لا، لكنه لا يُغني عن المطالبة بالحقوق المالية عبر المحكمة.",Divorce
404,هل يمكن الطعن في الطلاق الإداري؟,"نعم، إذا كان أحد الطرفين يدعي وقوعه بالإكراه أو دون علمه.",Divorce
405,هل يمكن للزوجة طلب الطلاق بعد سنوات طويلة من الزواج؟,"نعم، الطلاق حق مكفول بغض النظر عن مدة الزواج.",Divorce
406,ما التحديات القانونية التي تواجه الطلاق بين كبار السن؟,"قضايا النفقة، السكن، وتقسيم الممتلكات بعد سنوات طويلة من الزواج.",Divorce
407,هل يمكن تعديل شروط الطلاق إذا كان أحد الزوجين يعاني من مرض مزمن؟,"نعم، قد يؤخذ المرض في الاعتبار عند تحديد النفقة أو حقوق السكن.",Divorce
408,هل تختلف إجراءات الطلاق إذا كان الزواج لم يستمر طويلًا؟,"لا، لكن الحقوق المالية قد تختلف حسب مدة الزواج.",Divorce
409,هل تستحق الزوجة مهرها كاملًا إذا طُلقت بعد فترة قصيرة؟,"نعم، إذا كان الدخول قد تم، أما إذا لم يتم الدخول، فلها نصف المهر فقط.",Marriage
410,هل يمكن تسريع إجراءات الطلاق إذا لم يكن هناك أبناء؟,"نعم، غالبًا تكون الإجراءات أسرع في حال عدم وجود نزاعات حول الحضانة.",Divorce
411,هل يحق للزوجة طلب تعويض عن الأضرار النفسية في الزواج القصير؟,يمكن ذلك إذا ثبت تعرضها لضرر نفسي حقيقي.,Marriage
412,هل يمكن للزوج الأجنبي المطالبة بحضانة الأطفال بعد الطلاق؟,"نعم، ولكن يقرر ذلك القضاء وفقًا لمصلحة الطفل.",Custody and Visitation
413,هل يمكن استخدام الطلاق لإنهاء زواج تم بالإكراه لأسباب دينية؟,"نعم، يحق للزوجة رفع دعوى إثبات إكراه وطلب التفريق.",Divorce
414,هل يمكن للزوجة طلب الطلاق إذا منعها الزوج من ممارسة شعائرها الدينية؟,"نعم، إذا تسبب ذلك في ضرر نفسي أو اجتماعي لها.",Divorce
415,ما أنواع الألفاظ التي يقع بها الطلاق؟,"نوعان: الصريح وهو قول الزوج 'أنت طالق'، والكناية وهو كل لفظ يحتمل الطلاق وغيره إذا نوى به الزوج الطلاق.",Divorce
416,هل يمكن وقوع الطلاق بغير النطق؟,"نعم، يمكن أن يقع الطلاق بالكتابة، وعند العجز عن النطق والكتابة فبالإشارة المفهومة.",Divorce
417,ما الحالات التي لا يقع فيها الطلاق؟,"لا يقع إذا صدر عن غير العاقل، أو غير المختار، أو في حالة غضب شديد يمنع التحكم في الألفاظ، أو في حال حيض الزوجة أو نفاسها مع علم الزوج بذلك.",Divorce
418,هل يجوز الطعن في صحة الطلاق بعد توثيقه؟,"نعم، يمكن الطعن في صحة الطلاق أمام المحكمة المختصة.",Divorce
419,ما أنواع الطلاق من حيث الأثر القانوني؟,الطلاق نوعان: رجعي وبائن.,Divorce
420,ما هو الطلاق الرجعي؟,هو الطلاق الذي يحق للزوج فيه مراجعة زوجته خلال العدة دون الحاجة إلى عقد جديد.,Divorce
421,ما هو الطلاق البائن؟,هو الطلاق الذي لا يجوز فيه الرجوع إلا بعقد ومهر جديدين.,Divorce
422,متى يصبح الطلاق بائنًا بينونة كبرى؟,إذا كان الطلاق للمرة الثالثة.,Divorce
423,هل يشترط توثيق الطلاق رسميًا ليكون نافذًا؟,"الطلاق يقع شرعًا، لكن يجب توثيقه لحفظ الحقوق.",Divorce
424,ما الجهة المختصة بتوثيق الطلاق؟,المحكمة المختصة أو الجهة الرسمية المعنية بالأحوال الشخصية.,Divorce
425,هل يجب حضور الزوجة عند توثيق الطلاق؟,"لا يشترط حضورها، لكن يجب إبلاغها رسميًا.",Divorce
426,هل يحق للزوجة المطالبة بتعويض إذا طلقها الزوج دون علمها ولم يوثق الطلاق؟,"نعم، تستحق تعويضًا إذا لم تكن على علم بالطلاق ولم يتم توثيقه.",Divorce
427,هل يمكن إثبات الطلاق في المحكمة دون وثيقة رسمية؟,"نعم، إذا وُجدت بينات تثبت وقوعه مثل الشهود أو الإقرار.",Divorce
428,ما حكم الطلاق المعلق على شرط؟,"إذا قصد الزوج وقوع الطلاق عند تحقق الشرط، فإنه يقع.",Divorce
429,هل يجوز التراجع عن الطلاق المعلق؟,لا يمكن التراجع عنه إذا تحقق الشرط الذي علق عليه الطلاق.,Divorce
430,ما الفرق بين الطلاق المعلق ويمين الطلاق؟,"الطلاق المعلق يقصد به إنهاء الزواج عند تحقق الشرط، بينما يمين الطلاق يقصد به الحث أو المنع، ويُعامل معاملة اليمين الشرعي.",Divorce
431,هل يمكن للزوج العدول عن الطلاق قبل تحقق الشرط؟,"لا، بمجرد تحقق الشرط يقع الطلاق.",Divorce
432,ما حكم الطلاق بالنية فقط دون تلفظ؟,لا يقع الطلاق بمجرد النية دون التلفظ به أو كتابته.,Divorce
433,ما هو حق المراجعة في الطلاق الرجعي؟,يحق للزوج إعادة زوجته خلال فترة العدة دون الحاجة لعقد جديد.,Divorce
434,ما المدة التي يجوز فيها للزوج مراجعة زوجته؟,خلال العدة المحددة شرعًا.,Divorce
435,ما الحقوق المالية التي تستحقها المطلقة؟,"المهر المؤجل، نفقة العدة، ونفقة الحضانة إذا كان لديها أبناء.",Alimony and Maintenance 
436,هل للمطلقة حق في السكن بعد الطلاق؟,"نعم، إذا كانت حاضنة للأطفال.",Alimony and Maintenance 
437,هل تسقط نفقة المطلقة إذا كانت ناشزًا؟,"نعم، لا تستحق النفقة إذا ثبت نشوزها.",Alimony and Maintenance 
438,هل يمكن للمطلقة المطالبة بالنفقة بأثر رجعي؟,"نعم، بشرط ألا تتجاوز سنتين من تاريخ الطلاق.",Alimony and Maintenance 
439,ما هي العدة الواجبة على المطلقة؟,"العدة تعتمد على حال المطلقة، فإذا كانت تحيض فعدتها ثلاث حيضات، وإذا كانت لا تحيض بسبب صغر السن أو الكِبَر فعدتها ثلاثة أشهر.",Divorce
440,هل تختلف عدة الطلاق الرجعي عن البائن؟,"لا، كلاهما بنفس المدة، ولكن في الطلاق الرجعي تبقى المطلقة في بيت الزوجية حتى انتهاء العدة.",Divorce
441,هل يمكن للمطلقة الزواج خلال العدة؟,لا يجوز لها الزواج إلا بعد انقضاء العدة.,Divorce
442,متى تبدأ مدة العدة؟,"تبدأ من تاريخ وقوع الطلاق، وليس من تاريخ التوثيق.",Divorce
443,هل للمطلقة حق في النفقة أثناء العدة؟,"نعم، المطلقة طلاقًا رجعيًا تستحق النفقة والمسكن خلال فترة العدة.",Alimony and Maintenance 
444,هل تستحق المطلقة البائن نفقة؟,"لا، المطلقة طلاقًا بائنًا لا تستحق النفقة، إلا إذا كانت حاملاً.",Alimony and Maintenance 
445,ما مصير النفقة إذا امتنعت الزوجة عن تنفيذ حكم الرجوع في الطلاق الرجعي؟,تسقط نفقتها إذا امتنعت دون سبب مشروع.,Alimony and Maintenance 
446,هل يمكن المطالبة بالنفقة بأثر رجعي؟,"نعم، ولكن بحد أقصى سنتين من تاريخ الطلاق.",Alimony and Maintenance 
447,لمن تكون حضانة الأطفال بعد الطلاق؟,"الحضانة للأم، ثم الأب، ثم الجد، ثم الجدة وفق ترتيب معين يحدده النظام.",Custody and Visitation
448,ما السن الذي يمكن فيه للطفل اختيار الحاضن؟,"إذا بلغ الطفل سن التمييز، يمكنه اختيار الحاضن، بشرط أن يكون ذلك في مصلحته.",Custody and Visitation
449,ما هو الطلاق التعسفي؟,هو الطلاق الذي يقع من الزوج دون سبب مشروع وبهدف الإضرار بالزوجة.,Divorce
450,هل تستحق الزوجة تعويضًا إذا طلقها الزوج تعسفيًا؟,"نعم، إذا ثبت الضرر يمكن للمحكمة أن تحكم لها بتعويض مناسب.",Divorce
451,ما مقدار التعويض عن الطلاق التعسفي؟,"يتم تحديده وفقًا لحالة الزوجة والضرر الذي لحق بها، ويكون وفق تقدير القاضي.",Divorce
452,هل يؤثر الطلاق التعسفي على حقوق الزوجة المالية الأخرى؟,"لا، يظل لها الحق في المهر المؤجل ونفقة العدة إذا كانت تستحقها.",Divorce
453,هل يجوز للزوج الرجوع في الطلاق التعسفي؟,"إذا كان الطلاق رجعيًا، يمكنه الرجوع خلال العدة، أما إذا كان بائنًا فلا يمكن إلا بعقد جديد.",Divorce
454,ما هي أركان النكاح الأساسية؟,"أركان النكاح هي: الزوج الزوجة، الولي الشهادة والخلاء من الموانع",Marriage
455,كيف تكتمل الشهادة على النكاح وما هي أهميتها؟,الشهادة على النكاح تتطلب وجود شاهدين وهي ضرورية لإثبات العقد,Marriage
456,ما هي الموانع التي الموجبة لصحة النكاح؟,ألا تكون المرأة محرَّمة على الرجل تحريماً مؤبداً أو مؤقتاً.,Marriage
457,ما هي الشروط التي تعتبر فاسدة في النكاح؟,أي شرط يتعارض مع الأحكام الشرعية مثل الزواج بغير رضا أحد الزوجين,Marriage
458,ما هو الحكم الشرعي لعقد النكاح في حالة وجود شروط غير صحيحة؟,العقد يكون باطلًا إذا اشتمل على شروط غير صحيحة.,Marriage
459,كيف يتم التعامل مع العيوب في النكاح؟,"يجب إخبار الطرف الآخر بالعيوب، وللطرف المتضرر الحق في فسخ النكاح",Judicial Dissolution
460,هل يمكن أن يكون الإيجاب معلقًا على شرط؟,"نعم، يمكن أن يكون الإيجاب معلقًا على شرط إذا أتى بنية الطلاق.",Marriage
461,ما حكم القبول إذا تأخر عن الإيجاب؟,"يصح القبول ما دام في المجلس ولم يتشاغلا بما يقطع العرف، حتى لو طال الفصل.",Marriage
462,ماذا يحدث إذا تفرق الطرفان قبل القبول؟,"إذا تفرق الطرفان قبل القبول، بطل الإيجاب.",Marriage
463,ماذا يحدث إذا اختلف لفظ الإيجاب والقبول؟,"صح العقد إذا كان المعنى متحدًا، حتى لو اختلف اللفظ.",Marriage
464,لماذا يُشترط تعيين الزوجين في النكاح؟,"لأن النكاح عقد معاملة يتطلب تعيين الأطراف، كما هو الحال في البيع.",Marriage
465,كيف يتم تعيين الزوجة في العقد؟,يتم تعيين الزوجة بأن يشير إليها أو يسميها باسم يميزها عن غيرها.,Marriage
466,ماذا لو لم يكن للولي إلا بنت واحدة؟,"يصح العقد حتى لو لم يكن له إلا بنت واحدة، حتى لو سماها بغير اسمها.",Marriage
467,هل يمكن أن يصح العقد إذا أشار الولي إلى الزوجة دون تسميتها؟,"نعم، يصح العقد إذا أشار إليها، لأن الإشارة تكون أقوى.",Marriage
468,ما هي أهمية وصف الزوجة في العقد؟,وصف الزوجة يؤكد تعيينها ويُعزز ما دل عليه الاسم.,Marriage
469,ماذا يحدث إذا قال الولي: 'زَوَّجْتُكَ عَائِشَةَ' بينما يقصد فاطمة؟,"لا يصح النكاح، لأن الولي لم يذكر الزوجة التي يتم التعاقد عليها بما يميزها.",Marriage
470,ما هي الشروط التي يجب توافرها لتعيين الزوجة في النكاح؟,يجب أن يتم ذكر اسم الزوجة أو وصفها بصفة تميزها عن غيرها.,Marriage
471,هل يمكن أن يصح النكاح إذا كانت الزوجة غير عالمة بأنها مخطوبة لشخص آخر؟,"إذا كانت الزوجة جاهلة بحالها وعلمت بعد القبول، فإن النكاح يعتبر صحيحًا، ولها المهر.",Marriage
472,ماذا يحدث إذا قبل الرجل نكاح امرأة ظن أنها المخطوبة بينما كانت غيرها؟,"لا يصح النكاح، لأن القبول انصرف إلى غير من وُجد الإيجاب فيه.",Marriage
473,هل يمكن تزويج المجنون أو المعتوه بناءً على طلب وليه؟,"نعم، للمحكمة أن تأذن بزواج المجنون أو المعتوه بناءً على طلب ولي تزويجه بثلاث شروط: أن يقدم الولي تقريراً طبياً معتمداً عن الحالة، وأن يقبل الطرف الآخر في عقد الزواج بعد اطلاعه على حالة المجنون أو المعتوه وأن يكون أن يكون في هذا الزواج مصلحة للمجنون أو المعتوه.",Marriage
474,ما الذي يجب أن يتوفر في عقد النكاح لضمان صحة الرضا؟,"يجب أن يكون هناك رضا من الزوجين، أو من يقوم مقامهما، وإلا فلا يصح النكاح.",Marriage
475,ما الدليل على ضرورة وجود الولي في النكاح؟,"رُوي عن النبي صلى الله عليه وسلم أنه قال: 'لا نكاح إلا بولي'، وهو حديث صحيح رواه الخمسة.",Marriage
476,ماذا يحدث إذا أنكر الولي نكاح ابنته؟,"لا يؤثر إنكاره إذا كان النكاح قد تم بإقراره، حيث يكون له تأثير في الحالة إذا كان من يملك إجبارها، مثل الأب.",Marriage
477,هل يُقبل إقرار الولي إذالم يكن مُجبرًا؟,"لا يُقبل إقرار الولي إذا لم يكن مُجبرًا، كالجَدِّ أو العَمِّ أو الأَخِ، لأن الإقرار هنا يُعتبر على الغير.",Marriage
478,ما الذي يُعتبر باطلاً في النكاح فيما يتعلق بإذن الولي؟,"إذا تزوجت المرأة بدون إذن وليها، فإن نكاحها يُعتبر باطلاً، ولها المهر بما استحل من فرجها.",Marriage
479,ما هو حكم النكاح إذا كان هناك إنكار من الولي؟,"إذا كان النكاح قد تم بإقرار الولي، فإن إنكاره لا يؤثر على صحة النكاح.",Marriage
480,ما الذي يشترط عند إقرار الولي بالنكاح؟,"يُشترط أن يكون الولي ممن يملك إجبار المرأة، مثل الأب، ليكون إقراره صحيحًا.",Marriage
481,هل يمكن للمرأة أن تُزوج نفسها بدون ولي؟,"لا، لا يمكن للمرأة أن تُزوج نفسها بدون ولي.",Marriage
482,ما حكم الخلع بدون عوض؟,"لا يقع الخلع إذا كان بغير عوض، فإذا خالع الزوج زوجته بلا عوض فلا يعد خلعاً، وتطبق أحكام الطلاق.",Khulʿ
483,هل يحسب الخلع من التطليقات الثلاث؟,"لا يحسب الخلع من التطليقات الثلاث، بل يعد فسخاً لعقد الزواج ولو كان بلفظ الطلاق.",Khulʿ
484,ما أثر الخلع على مؤخر الصداق؟,يسقط إذا تم الاتفاق على ذلك ضمن العوض.,Khulʿ
485,هل الزوجة المخالعة تكون بائناً بينونة صغرى؟,"نعم، يقع الخلع كفرقة بائنة بينونة صغرى.",Khulʿ
486,ما هو الفرق بين الخلع والفسخ؟,"الخلع يتم بعوض وباتفاق الطرفين، أما الفسخ فهو بحكم القضاء بدون عوض.",Khulʿ
487,هل يجوز الخلع أثناء الحمل؟,"نعم، ولا يؤثر على حقوق الطفل.",Khulʿ
488,ما حكم الخلع إذا خالع الزوج على شيء محرم؟,"الخلع صحيح، ولكن العوض غير معتبر.",Khulʿ
489,هل يقع الخلع بدون حضور الزوجة؟,"نعم، إذا وكلت من ينوب عنها.",Khulʿ
490,هل يصح الخلع إذا كانت الزوجة مريضة؟,"نعم، لأن المرض لا يمنع صحة المعاملة.",Khulʿ
491,ما حكم الخلع إذا تم بالتراضي؟,صحيح بشرط وجود العوض.,Khulʿ
492,هل يجوز للزوجة طلب الخلع بسبب كبر سن الزوج؟,يجوز إذا ترتب عليه ضرر أو كراهية.,Khulʿ
493,ما أثر الخلع على العلاقة الزوجية؟,تنتهي العلاقة فورًا ولا يحق للزوج إرجاع زوجته إلا بموافقتها وعقد ومهر جديدين.,Khulʿ
494,ما أثر الإكراه على صحة الخلع؟,الإكراه في الخلع يبطله إذ يُشترط لصحة الخلع أن يصدر عن رضا تام وإرادة حرة من الزوجة.,Khulʿ
495,هل يجوز الخلع مقابل تنازل الزوجة عن حقوقها المالية؟,يجوز بشرط رضا الطرفين.,Khulʿ
496,ما أثر الخلع على نفقة العدة؟,"تسقط، إذ لا تجب نفقة الزوجة ولا توفير السكن لها في عدة الخلع، إلا إذا كانت حاملاً، فتستحق النفقة من زوجها (المُطلق) حتى تضع حملها..",Khulʿ
497,هل يجوز الخلع بسبب غياب الزوج لفترة طويلة؟,يجوز إذا كان الغياب يسبب ضررًا.,Khulʿ
498,ما حكم الخلع إذا كان الزوج سيئ الخلق؟,يجوز إذا تعذر استمرار الحياة الزوجية.,Khulʿ
499,هل يجوز الخلع مع وجود نزاعات مالية؟,يجوز بشرط توثيق جميع الاتفاقات.,Khulʿ
500,هل يجوز الخلع مقابل مبلغ رمزي؟,يجوز بشرط قبول الطرفين.,Khulʿ
501,ما حكم الخلع إذا لم يتم توثيقه رسميًا؟,صحيح لكنه معرض للنزاعات.,Khulʿ
502,هل يصح الخلع مقابل عوض بذله أحد بالنيابة عن الزوجة؟,نعم يصح بذل العوض من غير الزوجة.,Khulʿ
503,هل يصح الخلع على مؤخر الصداق فقط؟,يصح بشرط رضا الزوج.,Khulʿ
504,ما أثر الخلع على حقوق الحضانة؟,لا يؤثر لأنه حق مستقل عن العلاقة الزوجية.,Khulʿ
505,هل يصح الخلع إذا كان الزوج مريضًا نفسيًا؟,يصح إذا تسبب المرض في ضرر للزوجة.,Khulʿ
506,هل يؤثر الخلع على نفقة الأولاد؟,"لا، لأن نفقة الأولاد واجبة على الأب.",Khulʿ
507,ما حكم الخلع إذا طلب الزوج مالًا أكثر من المهر؟,يجوز بشرط رضا الزوجة.,Khulʿ
508,هل يجوز الخلع في حال عدم الإنجاب؟,يجوز إذا تسبب ذلك في ضرر أو كراهية.,Khulʿ
509,ما الحكم في حالة إعسار الزوج بالمهر قبل الدخول؟,للزوجة الحق في الفسخ إذا أعسر الزوج بالمهر الحال قبل الدخول.,Judicial Dissolution
510,هل يجوز زيادة المهر بعد العقد؟,"نعم، يجوز ذلك، ولكن الزيادة تعتبر هبة وتحتاج إلى شروط الهبة.",Marriage
511,ما حكم نكاح الشغار؟,نكاح الشغار باطل وفقًا لما قرره أهل العلم.,Marriage
512,هل يجوز للزوج تعليق الطلاق بشرط؟,"لا يجوز، ويُعتبر العقد باطلًا إذا تعلق الطلاق بشرط ينافي مقتضى العقد.",Divorce
513,ما الحكم إذا اشترط الزوج أن لا تحل له زوجته؟,لا يصح النكاح إذا اشترط أن لا تحل له.,Marriage
514,هل يمكن إثبات الطلاق بشهادة رجل وامرأتين؟,"لا، الطلاق لا يُثبت إلا بشهادة عدلين.",Divorce
515,ما الحكم إذا ادعت المرأة الطلاق وأنكر الزوج؟,"القول قول الزوج مع اليمين، ما لم تكن لديها بينة.",Divorce
516,هل يقع الطلاق في حالة الإكراه؟,لا يقع الطلاق إذا كان الزوج مكرهًا.,Divorce
517,ما هي شروط الإكراه الذي يمنع وقوع الطلاق؟,الإكراه يشترط أن يكون بتهديد حقيقي وضغط يؤدي إلى ضرر شديد.,Divorce
518,هل يقع الطلاق في حالة نسيان الزوج؟,لا يقع الطلاق إذا نسي الزوج قوله أو أُكره عليه.,Divorce
519,ما الحكم إذا كان الطلاق في نكاح باطل؟,لا يقع الطلاق في نكاح باطل كنكاح الخامسة أو الأخت على أختها.,Divorce
520,هل يُعتد بلفظ الطلاق الصريح؟,"نعم، يقع الطلاق بلفظ صريح حتى إذا لم ينوه الزوج.",Divorce
521,هل يقع الطلاق بالكتابة؟,يقع الطلاق بالكتابة إذا كان واضحًا ومفهومًا.,Divorce
522,هل تُلزم الزوجة بنفقة إذا أعسر الزوج؟,"إذا ثبت الإعسار، تُلزم الزوجة بالبقاء معه أو طلب الفسخ.",Alimony and Maintenance 
523,ما حكم اشتراط المرأة عدم الزواج عليها؟,"الشرط صحيح، وإذا خالفه الزوج فلها الفسخ.",Marriage
524,هل يجوز للزوجة طلب فسخ النكاح بسبب عقم الزوج؟,"نعم، إذا ثبت عقم الزوج فلها الحق في طلب الفسخ.",Judicial Dissolution
525,ما الحكم إذا اشترط أحد الزوجين شرطًا ينافي العقد؟,"الشرط باطل، ولكن العقد يبقى صحيحًا.",Marriage
526,هل يمكن للمرأة المتوفى عنها زوجها طلب المتعة؟,"لا، المتعة لا تجب للمتوفى عنها زوجها.",Divorce
527,هل يجب تحديد المهر في العقد؟,"النكاح لا يخلو من المهر، ولكن يمكن الاتفاق عليه لاحقًا.",Marriage
528,ما حكم نكاح المحلل؟,نكاح المحلل باطل ولا تحل الزوجة للأول.,Marriage
529,ما هي المتعة المستحقة عند الطلاق؟,المتعة تعتمد على حال الزوج يسارًا أو إعسارًا.,Divorce
530,هل يجب تقديم المهر قبل الدخول؟,يجوز الدخول قبل دفع المهر إذا وافقت الزوجة.,Marriage
531,ما الحكم إذا زاد المهر بعد العقد ثم طلق الزوج؟,الزيادة تعتبر هبة ولا ترد إلا بشروط الهبة.,Divorce
532,هل يمكن مطالبة الزوجة بدفع شيء من المهر لاتمام الزواج؟,"المهر ملك للمرأة، لا تجبر على أي تصرف فيه.  فبمجرد القبض يكون المهر ملك خاص بالمرأة،ولها كامل التصرف به  ولا تجبر على أن تصرف منه شيء لإتمام الزواج، ولا تجبر أن تتنازل عن جزء منه.
",Marriage
533,هل يُعتبر العقد صحيحًا إذا كان المهر غير محدد؟,العقد صحيح ويجب مهر المثل.,Marriage
534,هل يمكن إثبات الزواج بشهادة واحدة؟,الزواج يتطلب شهادة رجلين أو رجل وامرأتين.,Marriage
535,ما حكم إجبار الأب ابنته على الزواج؟,"لا يجوز الإكراه في الزواج، والسلطان يتولى تزويجها عند العضل.",Marriage
536,ما الحكم إذا أُكره الزوج على الزواج؟,العقد باطل إذا كان الإكراه حقيقيًا.,Marriage
537,هل يجوز للمطلقة ثلاثًا الزواج بمحلل؟,لا يجوز إذا كان القصد فقط التحليل.,Divorce
538,ما حكم النكاح المؤقت؟,النكاح المؤقت باطل لأنه ينافي مقتضى العقد الدائم.,Marriage
539,هل يجوز اشتراط الخيار في عقد النكاح؟,"الشرط باطل، لكن العقد صحيح.",Marriage
540,ما الحكم إذا اشترط الزوج صفة معينة في الزوجة؟,له الخيار إذا لم تتحقق الصفة.,Marriage
541,ما حكم من تزوج بدون مهر؟,العقد صحيح ويجب مهر المثل.,Marriage
542,ما الحكم إذا تزوجت المرأة بغير إذن وليها؟,النكاح صحيح إذا كان الولي عاضلًا والسلطان هو الولي.,Marriage
543,هل يجوز للولي أن يشترط شيئًا من مهر ابنته؟,"يجوز للأب فقط، أما غيره فلا.",Marriage
544,ما الحكم إذا لم يحدد أجل المهر المؤجل؟,المهر المؤجل يجب عند الفرقة إذا لم يُحدد أجل.,Marriage
545,هل يقع الطلاق في حالة السكر؟,لا يقع الطلاق إذا كان الزوج غير واعٍ.,Divorce
546,ما حكم الطلاق البدعي؟,الطلاق البدعي يقع لكنه يُعتبر معصية.,Divorce
547,ما حكم الطلاق إذا كان بسبب العقم؟,يجوز الطلاق إذا كان هناك ضرر للمرأة.,Divorce
548,هل يجب دفع المهر كاملاً عند الطلاق قبل الدخول؟,يُدفع نصف المهر عند الطلاق قبل الدخول.,Divorce
549,ما حكم طلاق الحامل؟,طلاق الحامل جائز ويُعتبر طلاقًا سنيًا.,Divorce
550,هل يجوز للزوجة المطالبة بفسخ النكاح إذا كان الزوج معسرًا؟,"نعم، إذا تعذر الإنفاق فلها الفسخ.",Judicial Dissolution
551,ما حكم من طلق زوجته ثم أنكر الطلاق؟,القول قول الزوج مع اليمين إذا لم توجد بينة.,Divorce
552,هل يجوز النكاح في العدة؟,"لا يجوز النكاح أثناء العدة، ويُعتبر باطلًا.",Divorce
553,ما حكم الطلاق السني؟,الطلاق السني هو الذي يقع في طهر لم تُمس فيه الزوجة.,Divorce
554,ما الحكم إذا شرط الزوج أن لا ينفق؟,الشرط باطل ويجب عليه الإنفاق.,Alimony and Maintenance 
555,ما حكم الطلاق الرجعي؟,الطلاق الرجعي يتيح للزوج مراجعة زوجته خلال العدة.,Divorce
556,ما حكم الطلاق البائن؟,الطلاق البائن ينهي العلاقة الزوجية نهائيًا ولا يمكن الرجوع إلا بعقد جديد.,Divorce
557,هل يشترط رضا الزوجة في الطلاق؟,الطلاق بيد الزوج ولا يُشترط رضا الزوجة.,Divorce
558,هل يجوز إعادة المطلقة ثلاثًا إلى زوجها؟,لا يجوز إلا إذا تزوجت زوجًا آخر زواجًا صحيحًا وطلقها.,Divorce
559,هل يجوز نكاح الشغار؟,نكاح الشغار باطل ولا يصح.,Marriage
560,هل يقع الطلاق بكتابة الطلاق دون النطق به؟,"نعم، إذا كانت الكتابة واضحة ومفهومة.",Divorce
561,ما الحكم إذا طلق الزوج في حالة غضب شديد؟,الطلاق لا يقع إذا كان الغضب قد أفقده السيطرة الكاملة على أقواله.,Divorce
562,ما الآثار المترتبة على طلاق المكره؟,"لا يقع الطلاق إذا ثبت الإكراه وفق الشروط الشرعية، ولا تترتب عليه أي آثار نظامية.",Divorce
563,ما الحكم إذا نوى الزوج الطلاق دون التلفظ به؟,لا يقع الطلاق بنيّة فقط دون لفظ.,Divorce
564,ما هي حالات فسخ النكاح بسبب العيوب؟,يُفسخ النكاح إذا وُجد عيب يمنع تحقيق مقاصد الزواج مثل العقم أو الأمراض الخطيرة.,Judicial Dissolution
565,ما الحكم إذا أُثبت أن الزوجة ارتضعت من نفس المرأة التي أرضعت الزوج؟,يُبطل العقد إذا ثبتت الرضاعة المشتركة.,Alimony and Maintenance 
566,هل يجوز للزوجة الامتناع عن تسليم نفسها إذا لم يدفع الزوج المهر؟,"نعم، لها الحق في الامتناع حتى يُدفع المهر.",Marriage
567,ما هي الأحكام إذا ادعت المرأة الطلاق وأنكر الزوج؟,القول قول الزوج مع اليمين إلا إذا قدمت بينة.,Divorce
568,هل يُلزم الزوج بدفع نفقة الزوجة الناشز؟,"لا، الناشز لا تستحق النفقة.",Alimony and Maintenance 
569,ما الحكم إذا طلبت الزوجة الطلاق بسبب ضرر نفسي؟,"إذا ادعت الزوجة وقوع ضرر نفسي يجعل استمرار الحياة الزوجية متعذرًا، فلها طلب التفريق للضرر. وتنظر المحكمة في ثبوت الضرر وتقدير أثره، فإذا ثبت وتوافرت الشروط النظامية، حكمت بالتفريق وفق أحكام نظام الأحوال الشخصية.",Khulʿ
570,هل يجوز للمطلقة ثلاثًا الرجوع إلى زوجها الأول؟,لا يجوز إلا إذا تزوجت زوجًا آخر زواجًا صحيحًا وحدث طلاق.,Divorce
571,ما حكم اشتراط الزوج عدم الإنجاب؟,"الشرط باطل، ولكن العقد صحيح.",Marriage
572,ما هي المتعة التي تستحقها المطلقة؟,"تتحدد المتعة بحال الزوج، موسرًا أو معسرًا.",Divorce
573,هل يجوز للزوج تعليق الطلاق على شرط؟,الطلاق المعلق على شرط يقع إذا تحقق الشرط.,Divorce
574,هل يجوز النكاح بدون شهود؟,"لا، يشترط وجود شاهدين عدلين.",Marriage
575,هل تجب النفقة للزوجة إذا كانت غنية؟,"نعم، النفقة واجبة بغض النظر عن غنى الزوجة.",Alimony and Maintenance 
576,ما الحكم إذا طلب الأب جزءًا من مهر ابنته؟,يجوز للأب فقط أن يأخذ من مهر ابنته.,Marriage
577,ما حكم زواج المكره؟,الزواج باطل إذا كان الإكراه حقيقيًا.,Marriage
578,هل يمكن فسخ العقد إذا ثبت خداع أحد الأطراف؟,"نعم، إذا كان الخداع في صفة جوهرية.",Judicial Dissolution
579,ما الحكم إذا طلق الرجل زوجته ثلاثًا بلفظ واحد؟,"يقع طلقة واحدة، حسب المادة 83 كل طلاق اقترن بالعدد لفظاً أو إشارة أو تكرر في مجلس واحد، لا يقع به إلا طلقة واحدة.",Divorce
580,هل يجوز تحديد أجل في المهر المؤجل؟,يجب تحديد أجل المهر المؤجل وإلا يُعتبر حالًا عند الفرقة.,Marriage
581,هل يجوز الاتفاق على نكاح مؤقت؟,"لا، النكاح المؤقت باطل.",Marriage
582,ما الحكم إذا أُثبت أن الزواج وقع أثناء عدة الطلاق؟,يعتبر العقد باطلًا.,Divorce
583,هل يجوز للزوجة طلب الطلاق إذا كان الزوج مسجونًا؟,"نعم، لها الحق في طلب الطلاق إذا تضررت.",Divorce
584,هل تعتبر الزيادة في المهر بعد العقد هبة أم جزءاً من المهر؟,"يُعد المهر المدون رسمياً في العقد هو المهر المسمى، وفي حال الاتفاق على أي تعديلات مالية بعد العقد يُفضل توثيقها رسمياً عبر منصة ناجز لضمان الحقوق.",Marriage
585,ما حكم الطلاق بالثلاث في مجلس واحد؟,"يقع طلقة واحدة، حسب المادة 83 كل طلاق اقترن بالعدد لفظاً أو إشارة أو تكرر في مجلس واحد، لا يقع به إلا طلقة واحدة.",Divorce
586,هل يجوز الزواج بغير موافقة ولي المرأة؟,يجوز إذا كان الولي عاضلًا والسلطان هو ولي من لا ولي له.,Marriage
587,هل يمكن للأب إجبار ابنته البالغة على الزواج؟,لا يجوز إجبارها؛ الزواج بالرضا شرط.,Marriage
588,ما حكم النكاح مع عدم ذكر المهر؟,العقد صحيح ويُفرض مهر المثل.,Marriage
589,ما حكم الطلاق إذا نطق به الزوج مازحًا؟,يقع الطلاق حتى لو كان مازحًا.,Divorce
590,ما حكم نفقة الزوجة إذا كانت الزوجة مريضة مرضًا مزمنًا؟,النفقة واجبة ولا تسقط بالمرض.,Alimony and Maintenance 
591,هل يجب على الزوج توفير مسكن خاص للزوجة؟,"نعم، يجب توفير مسكن مستقل لائق.",Alimony and Maintenance 
592,ما حكم الخلع إذا لم يكن هناك ضرر؟,"يجوز الخلع، إذا كرهت الزوجة زوجها وخافت ألا تقيم حدود الله.",Khulʿ
593,ما هي شروط صحة عقد النكاح؟,"تشمل الشهود، رضا الطرفين، وتعيين الزوجين.",Marriage
594,ما الشروط الواجب توافرها في الشاهد على الزواج؟,أن يكون رجلاً بالغاً عاقلاً سامعاً للإيجاب والقبول فاهماً المقصود بهما وأن يكون مسلماً متى ما كان الزوج مسلماً.,Marriage
595,هل يقع الطلاق إذا كان الزوج في حالة سكر؟,لا يقع الطلاق إذا فقد الوعي كليًا.,Divorce
596,هل يجوز الجمع بين الأختين في الزواج؟,لا يجوز الجمع بين الأختين في عقد الزواج.,Marriage
597,ما حكم الطلاق في حالة الحمل؟,الطلاق جائز ويعتبر طلاقًا سنيًا.,Divorce
598,هل للزوجة حق في طلب فسخ النكاح بسبب غياب الزوج؟,"نعم، إذا طالت المدة وتضررت الزوجة.",Judicial Dissolution
599,ما حكم الطلاق إذا كان الزوج يجهل تبعاته؟,يقع الطلاق إذا كان اللفظ واضحًا.,Divorce
600,هل يسقط حق الزوجة في النفقة إذا تنازلت عنها؟,"تسقط النفقة بالإبراء أو الأداء. فإذا أبرأت الزوجة زوجها من نفقة مستحقة لها بإرادتها المعتبرة، سقط حقها في حدود ما أبرأته منه.",Alimony and Maintenance 
601,هل يقع طلاق النائم؟,لا يقع طلاق النائم؛ لعدم الإدراك والاختيار.,Divorce
602,هل يعتد بعقد الزواج غير الموثق؟,"عقد الزواج غير الموثق يعد صحيحاً من الناحية الشرعية إذا استوفى أركانه وشروطه، ولكنه لا يُعتد به نظاماً ولا يمنح الزوجين حقوقهما القانونية الكاملة في إثبات النسب والنفقة والميراث إلا بعد إثباته وتوثيقه رسمياً.",Marriage
603,هل يقع الطلاق عن طريق الوكيل؟,يقع الطلاق إذا صدر من وكيل مفوض بذلك في حدود الوكالة الصحيحة.,Divorce
604,هل تستمر نفقة الزوجة بعد الطلاق أو وفاة الزوج؟,"نفقة الزوجة مرتبطة بقيام الزوجية أو العدة بحسب نوع الفرقة. أما بعد الوفاة فلا تعامل كنفقة زوجية عادية، وإنما تطبق أحكام عدة الوفاة وما يتصل بالحمل إن وجد.",Alimony and Maintenance 
605,ما العلة التي تجيز طلب فسخ عقد الزواج؟,"يجوز طلب فسخ عقد الزواج إذا وجدت في أحد الزوجين علة مضرة أو منفرة تمنع المعاشرة الزوجية، سواء كانت قبل العقد أو طرأت بعده، ما لم يكن طالب الفسخ عالمًا بها أو راضيًا بها بعد العلم.",Judicial Dissolution
606,هل يحق للزوجة طلب فسخ النكاح إذا كان الزوج غير قادر على المعاشرة الزوجية؟,"نعم، إذا ثبت أن عدم القدرة علة تمنع المعاشرة الزوجية، فلها طلب الفسخ، وتقدر المحكمة ذلك.",Judicial Dissolution
607,هل يحق للزوج طلب فسخ النكاح إذا كانت الزوجة غير قادرة على المعاشرة الزوجية بسبب علة؟,"نعم، إذا ثبت وجود علة تمنع المعاشرة الزوجية، ولم يكن الزوج عالمًا بها أو راضيًا، فله طلب الفسخ.",Judicial Dissolution
608,هل يؤثر علم أحد الزوجين بالعلة قبل العقد في حقه بطلب الفسخ؟,"نعم، إذا كان طالب الفسخ عالمًا بالعلة وقت العقد أو رضي بها بعد العلم، فلا يقبل طلب الفسخ بسببها.",Judicial Dissolution
609,ما المدة التي قد تمنحها المحكمة للزوج العنين للعلاج قبل الحكم بالفسخ؟,"في حالات العنن التي يمكن علاجها، قد تمنح المحكمة الزوج مهلة زمنية للعلاج قبل إصدار حكم الفسخ، وتقدر المحكمة هذه المهلة بحسب الحالة، وغالباً تقدر بسنة.",Judicial Dissolution
610,هل يحق للزوج طلب الفسخ إذا كانت الزوجة مصابة بعلة منفرة أو مضرة؟,"نعم، إذا ثبت أن العلة مضرة أو منفرة وتمنع المعاشرة الزوجية، فله طلب الفسخ.",Judicial Dissolution
611,هل يؤثر كون العلة قابلة للعلاج في طلب الفسخ؟,"نعم، تنظر المحكمة في إمكان العلاج وأثره. فإذا زالت العلة أو أمكن علاجها بما لا يمنع المعاشرة، فقد يؤثر ذلك في الحكم.",Judicial Dissolution
612,هل يحق لأحد الزوجين طلب الفسخ بسبب علة طارئة بعد العقد؟,"نعم، إذا طرأت علة مضرة أو منفرة تمنع المعاشرة الزوجية، ولم يرضَ بها الطرف الآخر بعد العلم، فيجوز طلب الفسخ.",Judicial Dissolution
613,هل يحق لمن علم بالعلة ورضي بها أن يطلب الفسخ لاحقًا؟,"لا، إذا علم بالعلة ورضي بها فلا يقبل طلب الفسخ بسببها.",Judicial Dissolution
614,هل يحق للزوجة طلب الفسخ إذا وجدت في الزوج علة تمنع المعاشرة؟,"نعم، إذا ثبت أن في الزوج علة تمنع المعاشرة الزوجية، فلها طلب فسخ عقد الزواج.",Judicial Dissolution
615,هل تكفي العلة المنفرة لطلب فسخ النكاح ولو لم تكن متعلقة بالجماع؟,"نعم، متى كانت العلة مضرة أو منفرة وتمنع المعاشرة الزوجية، فللمتضرر طلب الفسخ.",Judicial Dissolution
616,هل يحق للزوجة طلب الفسخ إذا كان الزوج مصابًا بمرض معدٍ خطير؟,"نعم، إذا ثبت أن المرض علة مضرة أو خطرة تمنع المعاشرة أو تلحق ضررًا معتبرًا.",Judicial Dissolution
617,هل يحق لأحد الزوجين طلب الفسخ بسبب تدليس أو إخفاء صفة مؤثرة عند العقد؟,"إذا ثبت تدليس أو إخفاء مؤثر يتعلق بصفة معتبرة عند العقد، فللمتضرر طلب الفسخ، وتقدر المحكمة أثر ذلك.",Judicial Dissolution
618,هل يحق لأحد الزوجين طلب فسخ النكاح بسبب العقم؟,"ينظر في العقم إذا عُدّ علة مؤثرة أو سببًا يحقق ضررًا معتبرًا، وتقدر المحكمة أثره.",Judicial Dissolution
619,هل يؤثر استمرار الحياة الزوجية بعد العلم بالعلة في حق طلب الفسخ؟,"نعم، إذا علم أحد الزوجين بالعلة واستمر بما يدل على الرضا، فقد يسقط حقه في طلب الفسخ بسببها.",Judicial Dissolution
620,هل تثبت العلة بتقرير طبي عند طلب الفسخ؟,"للمحكمة الاستعانة بأهل الخبرة، ومن ذلك التقارير الطبية، لإثبات العلة وتقدير أثرها.",Judicial Dissolution
621,هل يحق للزوجة طلب الفسخ إذا كان الزوج مدمنًا على المخدرات؟,"نعم، إذا ثبت أن الإدمان يسبب ضررًا معتبرًا أو يمنع المعاشرة بالمعروف، فلها طلب الفسخ.",Judicial Dissolution
622,هل يحق للزوج طلب الفسخ إذا كانت الزوجة تعاني من مرض نفسي مؤثر؟,"نعم، إذا ثبت أن المرض النفسي علة مضرة أو منفرة تمنع المعاشرة الزوجية أو تلحق ضررًا معتبرًا.",Judicial Dissolution
623,هل يسقط حق الفسخ إذا رضي أحد الزوجين بالعلة بعد العلم بها؟,"نعم، إذا علم بالعلة ورضي بها قولًا أو فعلًا، فلا يقبل طلب الفسخ بسببها.",Judicial Dissolution
624,ما أثر فسخ النكاح بسبب العلة في المهر؟,"يتحدد أثر الفسخ بسبب العلة في المهر بحسب وقت حدوث العلة ووقت الفسخ والدخول أو الخلوة. فإذا حدثت العلة في أحد الزوجين بعد الدخول، فليس للزوج استرداد ما دفعه من المهر. وإذا كانت العلة موجودة في أي من الزوجين قبل العقد، وتم الفسخ قبل الدخول أو الخلوة، فيسترد الزوج ما دفعه من المهر ويسقط ما بقي منه. وإذا كانت العلة في الزوج قبل العقد وتم الفسخ بعد الدخول، فللزوجة المهر كاملًا. وإذا كانت العلة في الزوجة قبل العقد وتم الفسخ بعد الدخول، فللزوجة المهر، ويجوز للزوج الرجوع بالمهر على من غره.",Judicial Dissolution
625,ما المقصود بالعلة المجيزة لفسخ النكاح؟,"هي العلة المضرة أو المنفرة التي تمنع المعاشرة الزوجية، وتقدرها المحكمة بحسب الحالة.",Judicial Dissolution
626,هل يثبت حق الفسخ إذا كانت العلة خفية ولم تُكتشف إلا بعد مدة؟,"نعم، يثبت الحق عند العلم بالعلة، ما لم يصدر من طالب الفسخ ما يدل على الرضا بها بعد العلم.",Judicial Dissolution
627,هل يحق طلب الفسخ إذا تبين أن أحد الزوجين مصاب بمرض عقلي مؤثر؟,"نعم، إذا ثبت أن المرض علة مضرة أو منفرة تمنع المعاشرة الزوجية أو تلحق ضررًا معتبرًا.",Judicial Dissolution
628,ماذا يحدث إذا ادعى أحد الزوجين وجود علة ولم يستطع إثباتها؟,"لا يحكم بالفسخ لمجرد الادعاء. لا بد من إثبات العلة بالوسائل التي تراها المحكمة، ومنها الخبرة عند الحاجة.",Judicial Dissolution
629,هل يحق للزوجة طلب الفسخ إذا كان الزوج غير قادر على المعاشرة ولو لم يوصف بالعنين؟,"نعم، العبرة بثبوت العلة وأثرها في منع المعاشرة، لا بمجرد الاسم الفقهي للعيب.",Judicial Dissolution
630,هل يحق للزوج طلب الفسخ إذا ادعى بعد الدخول وجود علة في الزوجة؟,"ينظر في طلبه إذا أثبت العلة وأثرها، وتراعي المحكمة علمه السابق أو رضاه وأثر ذلك في قبول الطلب.",Judicial Dissolution
631,هل يسقط حق الفسخ بمجرد التأخر في طلبه بعد العلم بالعلة؟,"لا يسقط حق الفسخ بمجرد التأخر مطلقًا، لكن إذا دلّ سلوك طالب الفسخ بعد العلم على الرضا بالعلة، فقد لا يقبل طلبه.",Judicial Dissolution
632,ما الفرق بين العلة السابقة للعقد والعلة الطارئة بعده في طلب الفسخ؟,"كلاهما قد يجيز طلب الفسخ إذا كان مضرًا أو منفرًا ويمنع المعاشرة، مع اختلاف الأثر المالي بحسب وقت العلة والدخول أو الخلوة.",Judicial Dissolution
633,هل يحق للزوج طلب الفسخ إذا تبين أن الزوجة مصابة بعلة منفرة؟,"نعم، إذا ثبت أن العلة مضرة أو منفرة وتمنع المعاشرة الزوجية، ولم يكن الزوج عالمًا بها أو راضيًا.",Judicial Dissolution
634,هل يؤثر علاج العلة بعد رفع دعوى الفسخ؟,"نعم، إذا زالت العلة أو أمكن علاجها بما يزيل أثرها، فقد يؤثر ذلك في تقدير المحكمة لطلب الفسخ.",Judicial Dissolution
635,هل يعتبر الإدمان سببًا لطلب فسخ النكاح؟,"نعم، إذا ثبت أنه يسبب ضررًا معتبرًا أو يمنع المعاشرة بالمعروف.",Judicial Dissolution
636,هل يحق للزوجة طلب الفسخ إذا كان الزوج مصابًا باضطراب عقلي متكرر؟,"نعم، إذا ثبت أن الاضطراب علة مؤثرة تمنع المعاشرة أو تسبب ضررًا معتبرًا.",Judicial Dissolution
637,هل يجوز طلب فسخ النكاح بسبب سوء العشرة؟,"إذا بلغ سوء العشرة حد الضرر الذي يتعذر معه دوام العشرة بالمعروف، فيمكن طلب الفسخ للضرر إذا ثبت أمام المحكمة.",Judicial Dissolution
638,هل تعد التشوهات الخلقية سببًا لطلب فسخ النكاح؟,"قد تكون سببًا إذا بلغت حد العلة المنفرة أو المضرة التي تمنع المعاشرة الزوجية، وتقدر المحكمة ذلك.",Judicial Dissolution
639,هل يعد الفقر سببًا لفسخ النكاح؟,"الفقر بذاته ليس علة من عيوب النكاح. لكن إذا امتنع الزوج عن النفقة أو تعذر استيفاؤها منه، فللزوجة طلب ما يقرره النظام بشأن النفقة والفرقة.",Alimony and Maintenance 
640,هل يحق للزوج طلب الفسخ إذا تبين أن الزوجة تعاني من مرض خطير مزمن؟,"نعم، إذا ثبت أن المرض علة مضرة أو منفرة تمنع المعاشرة أو تلحق ضررًا معتبرًا.",Judicial Dissolution
641,هل يحق للزوجة طلب الفسخ إذا كان الزوج مصابًا بمرض خطير معدٍ؟,"نعم، إذا ثبت أن المرض يسبب ضررًا أو خطرًا معتبرًا ويمنع المعاشرة الزوجية.",Judicial Dissolution
642,هل يحق طلب الفسخ إذا كان المرض النفسي قابلًا للعلاج؟,"تنظر المحكمة في إمكان العلاج وأثر المرض. فإذا كان قابلًا للعلاج ولا يمنع المعاشرة، فقد لا يحكم بالفسخ.",Judicial Dissolution
643,هل يمكن المطالبة بالتعويض عند فسخ النكاح بسبب إخفاء العلة؟,لا يكون التعويض نتيجة تلقائية للفسخ. يمكن بحث التعويض إذا ثبت خطأ أو تدليس وضرر وعلاقة سببية وفق القواعد القضائية العامة.,Judicial Dissolution
644,هل تعد الرائحة الكريهة الدائمة سببًا لطلب فسخ النكاح؟,قد تكون سببًا إذا ثبت أنها ناشئة عن علة مؤثرة وتمنع المعاشرة الزوجية أو تسبب نفورًا معتبرًا.,Judicial Dissolution
645,هل يحق للزوج طلب الفسخ إذا اكتشف بعد سنوات وجود علة في زوجته؟,"نعم، إذا ثبتت العلة ولم يكن يعلم بها ولم يصدر منه بعد العلم ما يدل على الرضا.",Judicial Dissolution
646,هل يحق لأحد الزوجين التراجع عن طلب الفسخ بعد رفع الدعوى؟,"نعم، يجوز لطالب الدعوى تركها أو التراجع عنها قبل صدور الحكم، وفق الإجراءات القضائية.",Judicial Dissolution
647,ما الفرق بين الطلاق وفسخ عقد الزواج؟,"الطلاق يقع بإرادة الزوج باللفظ الدال عليه، أما الفسخ فيكون بحكم قضائي بسبب معتبر، فكل تفريق بحكم قضائي يعد فسخًا، وتكون فرقة بائنة بينونة صغرى، ولا تحسب من التطليقات الثلاث.",Judicial Dissolution
648,هل يجوز طلب الفسخ بسبب ضعف جنسي شديد؟,"نعم، إذا بلغ الضعف حدًا يمنع المعاشرة الزوجية وثبت أمام المحكمة.",Judicial Dissolution
649,هل تعد العمليات التجميلية سببًا لطلب فسخ النكاح؟,"لا تعد العمليات التجميلية سببًا للفسخ في جميع الأحوال. فإذا كانت العملية جوهرية ومؤثرة في عقد الزواج أو في مظهر الطرف المعني أو إمكاناته أو الحياة الزوجية، وكان الطرف الآخر قد اشترط الإفصاح عنها أو ثبت أن عدم الإفصاح عنها كان غشًا أو تدليسًا مؤثرًا، فيمكن للمتضرر طلب الفسخ. أما العمليات اليسيرة أو غير الجوهرية التي لا أثر فعليًا أو شكليًا ظاهرًا لها، فلا تكون سببًا للفسخ إلا إذا اشترط أحد الطرفين الإفصاح عنها قبل العقد.",Judicial Dissolution
650,هل يحق للزوجة طلب الفسخ إذا كان الزوج يعاني من وسواس قهري شديد يؤثر على العشرة؟,"نعم، إذا كان الوسواس يمنع الحياة الزوجية الطبيعية وكان غير قابل للعلاج.",Judicial Dissolution
651,"إذا كان العيب مكتسبًا بعد الزواج، فهل يحق الفسخ؟","الأصل أن العيب الطارئ لا يوجب الفسخ، لكن إن كان يمنع المعاشرة أو يشكل ضررًا، فللطرف الآخر طلب الفسخ.",Judicial Dissolution
652,ما الحكم إذا تبين أن الزوجة كانت قد خضعت لعملية إزالة رحم دون إخبار الزوج؟,"إذا لم يكن يعلم الزوج قبل العقد، فله خيار الفسخ، لأن الإنجاب من مقاصد الزواج الأساسية.",Judicial Dissolution
653,هل يجوز لأحد الزوجين المطالبة بتعويض عن الضرر بعد الفسخ؟,"لا يوجد تعويض مالي، لكن يُراعى ما يترتب على الفسخ من أحكام المهر والنفقة إن وجدت.",Judicial Dissolution
654,هل يشترط رفع قضية أمام القاضي للفسخ بسبب العيوب؟,"نعم، لا يتم الفسخ إلا بحكم القاضي بعد إثبات العيب شرعًا.",Judicial Dissolution
655,هل العيوب التي تمنح حق الفسخ تُحدد بالشرع أم بالعرف؟,"هناك عيوب نص عليها الفقهاء، لكن يمكن الأخذ بالعرف في تحديد العيوب المؤثرة في العشرة الزوجية.",Judicial Dissolution
656,هل يجوز اشتراط عدم الفسخ عند وجود العيوب؟,"لا يجوز الاشتراط في العيوب التي تمنع مقاصد النكاح، لأنها تُخالف الأحكام الشرعية.",Judicial Dissolution
657,"إذا أخفى أحد الزوجين عيبًا عند العقد ثم تبين لاحقًا، فهل يعتبر ذلك غشًا؟","نعم، ويثبت للطرف الآخر خيار الفسخ لأنه لم يكن على بينة من الأمر عند العقد.",Judicial Dissolution
658,هل يجوز لأحد الزوجين التماس العلاج لإزالة العيب قبل طلب الفسخ؟,"نعم، ويُستحب أن يُمنح الطرف الآخر فرصة للعلاج قبل الفسخ إن كان ذلك ممكنًا.",Judicial Dissolution
659,"إذا تراضى الزوجان على استمرار الزواج رغم العيب، فهل يجوز الفسخ لاحقًا؟","إذا رضي الطرف المتضرر بالعيب واستمر في الحياة الزوجية، فلا يحق له طلب الفسخ لاحقًا.",Judicial Dissolution
660,ما المانع المتعلق بدين المرأة بالنسبة للرجل المسلم في نظام الأحوال الشخصية؟,يحظر النظام زواج المسلم من امرأة غير مسلمة وليست كتابية.,Marriage
661,هل يمنع النظام زواج المسلم من امرأة غير مسلمة وليست كتابية؟,"نعم، يمنع النظام زواج المسلم من امرأة غير مسلمة وليست كتابية.",Marriage
662,ما المانع المتعلق بدين الرجل بالنسبة للمرأة المسلمة في نظام الأحوال الشخصية؟,يحظر النظام زواج المسلمة من غير المسلم.,Marriage
663,هل يمنع النظام زواج المسلم من امرأة كتابية؟,"لا، لا يمنع النظام زواج المسلم من امرأة كتابية، لأن المنع ورد في زواج المسلم من غير المسلمة أو الكتابية.",Marriage
664,هل يشترط توثيق عقد الزواج؟,"نعم، يجب توثيق عقد الزواج، ويجوز لكل ذي مصلحة طلب إثبات عقد الزواج غير الموثق وفق الإجراءات النظامية.",Marriage
665,هل يمنع النظام زواج المسلمة من غير المسلم؟,"نعم، يمنع نظام الأحوال الشخصية زواج المسلمة من غير المسلم.",Marriage
666,ما الجهة المختصة بطلبات زواج السعودي من غير سعودية إذا كانت المخطوبة خارج المملكة؟,"تختص وزارة الداخلية بطلبات الموافقة إذا كانت المخطوبة غير السعودية من خارج المملكة، وفق الإجراءات المعمول بها.",Marriage
667,ما الجهة المختصة بطلبات زواج السعودي من غير سعودية إذا كانت المخطوبة مقيمة أو مولودة في المملكة؟,"تختص إمارة المنطقة بطلبات الموافقة إذا كانت المخطوبة غير السعودية مقيمة أو مولودة في المملكة، بحسب الإجراءات المعمول بها.",Marriage
668,ما شروط زواج السعودي من غير سعودية مولودة في المملكة؟,"من الشروط أن تكون غير السعودية مولودة في المملكة ولديها شهادة ميلاد صادرة من الأحوال المدنية وإقامة سارية، وأن يستوفي طالب الزواج العمر والمتطلبات والموافقات اللازمة وفق الإجراءات المعمول بها.",Marriage
669,هل يشترط أن يكون ولي المرأة موافقًا لها في الدين؟,"نعم، يشترط في الولي أن يكون موافقًا للمرأة في الدين، فإن فقد هذا الشرط زوّج الولي الذي يليه وفق النظام.",Marriage
670,هل يؤثر اختلاف دين الزوجة في حقوقها الزوجية إذا كان عقد الزواج صحيحًا؟,"إذا كان عقد الزواج صحيحًا، فتثبت للزوجة الحقوق الزوجية المقررة نظامًا مثل المهر والنفقة والسكنى بحسب أحكام النظام.",Marriage
671,ما شروط زواج السعودي من غير سعودية مقيمة في المملكة؟,"من الشروط أن تكون غير السعودية مقيمة في المملكة ولديها إقامة سارية، وأن يستوفي طالب الزواج العمر والمتطلبات والموافقات اللازمة، وألا يكون من الفئات المشمولة بالمنع وفق الإجراءات المعمول بها.",Marriage
672,"إذا تزوج المسلم بكتابية ثم أسلمت، فهل يحتاج إلى عقد جديد؟","يبقى عقد الزواج قائمًا إذا كان صحيحًا في أصله، ولا يحتاج إلى عقد جديد لمجرد إسلام الزوجة.",Marriage
673,ما شروط الزواج من غير سعودية من خارج المملكة؟,"يستلزم الزواج من غير سعودية من خارج المملكة الحصول على التصريح من الجهة المختصة، واستيفاء شروط العمر، وألا يكون طالب الزواج من الفئات المشمولة بالمنع، مع تقديم المستندات المطلوبة.",Marriage
674,ما الأوراق المطلوبة عند الزواج بغير سعودية من خارج المملكة؟,"تشمل الأوراق عادةً صورة الهوية الوطنية وسجل الأسرة، وتعريف العمل، وبرنت الأحوال، وفحص ما قبل الزواج، وصك الطلاق لمن سبق له الطلاق، وما تطلبه الجهة المختصة بحسب حالة الطلب.",Marriage
675,ما شروط زواج غير السعودي من سعودية؟,"يشترط استيفاء متطلبات العمر والموافقة النظامية والمستندات المطلوبة، وألا تكون المخطوبة من الفئات المشمولة بالمنع، مع موافقة ولي الأمر وفق الإجراءات المعمول بها.",Marriage
676,هل يجوز للمرأة الكتابية أن تشترط على زوجها المسلم عدم الزواج بأخرى؟,"يجوز تضمين الشروط في عقد الزواج إذا قبلها الطرف الآخر ودُوّنت في الوثيقة أو أقر بها الزوجان، ويكون الإخلال بالشرط سببًا لطلب الفسخ وفق أحكام النظام.",Marriage
677,هل يمنع النظام زواج المسلم من امرأة غير مسلمة وليست كتابية؟,"نعم، يمنع النظام زواج المسلم من غير المسلمة أو الكتابية، لذلك لا يصح أن تكون محل العقد امرأة ليست مسلمة ولا كتابية.",Marriage
678,ماذا يحدث إذا تبين بعد العقد وجود مانع متعلق باختلاف الدين؟,"إذا تبين وجود مانع متعلق باختلاف الدين، فيُنظر في العقد وآثاره أمام المحكمة وفق أحكام نظام الأحوال الشخصية.",Marriage
679,ما عقوبة الزواج من غير سعودية أو غير سعودي بدون تصريح؟,"قد يترتب على الزواج دون تصريح عدم توثيق الزواج من الجهات المختصة، وتطبيق الإجراءات النظامية بحق المخالف بحسب الحالة والجهة المختصة.",Marriage
680,كيف يتم تقديم طلب زواج السعودي من غير سعودية إلكترونيًا؟,"يُقدَّم الطلب عبر خدمة الزواج من غير السعوديين في إمارة المنطقة أو الجهة المختصة، ثم تعبئة البيانات المطلوبة وإرفاق المستندات وانتظار دراسة الطلب.",Marriage
681,كيف يتم إنشاء عقد زواج عبر ناجز؟,"يتم الدخول إلى خدمة إنشاء عقد زواج عبر ناجز، ثم تعبئة بيانات أطراف العقد والشهود والمرفقات، وإرسال الطلب للتدقيق والمصادقة وتوثيق المأذون.",Marriage
682,"إذا أسلمت المرأة وبقي وليها على غير دينها، فهل يستمر وليًا في عقد زواجها؟","يشترط في الولي أن يكون موافقًا للمرأة في الدين، فإن فقد هذا الشرط زوّج الولي الذي يليه وفق النظام.",Marriage
683,كيف يتم توثيق زواج سابق من غير سعودية أو غير سعودي؟,"بعد صدور الموافقة، يمكن تقديم طلب توثيق زواج سابق عبر ناجز بتعبئة النموذج وإرفاق المستندات وإدخال بيانات الشهود ثم تقديم الطلب للجهة المختصة.",Marriage
684,هل تختلف شروط زواج السعودي من غير سعودية بحسب كونها مولودة في المملكة أو مقيمة أو من خارج المملكة؟,"نعم، تختلف الشروط والجهة المختصة والمستندات المطلوبة بحسب حالة غير السعودية، وهل هي مولودة في المملكة أو مقيمة فيها أو من خارج المملكة.",Marriage
685,هل يحق للرجل المطالبة برد المهر والشبكة وتكاليف الزواج بعد الطلاق؟,"لا، لا يحق للرجل المطالبة برد المهر أو الشبكة أو تكاليف الزواج لمجرد وقوع الطلاق. فالمهر المستحق للزوجة يستقر وفق أحكام نظام الأحوال الشخصية، ولا تُسترد الهدايا أو مصروفات الزواج كأصل عام بسبب الطلاق. ويستثنى من ذلك ما تقضي به أحكام الخلع أو ما يتفق عليه الطرفان، أو إذا وجد سبب نظامي يجيز الرد، ويعود الفصل في ذلك إلى المحكمة عند النزاع.",Divorce
686,هل يمكن للرجل المطالبة بتعويض عن الخسائر التي تكبدها في حفل الزواج بعد الطلاق؟,"لا يمكن للرجل المطالبة بتعويض عن الخسائر التي تكبدها في حفل الزواج إذا لم يتم الاتفاق على تعويض مالي في صك الطلاق، حيث كان الطلاق بدون مقابل أو تعويض.",Divorce
687,هل يمكن للمرأة التي تم طلاقها قبل الدخول والخلوة المطالبة بنصف المهر؟,"نعم، يحق للمرأة التي تم طلاقها قبل الدخول والخلوة المطالبة بنصف المهر المتفق عليه في عقد الزواج.",Divorce
688,هل للمرأة المطلقة قبل الدخول الحق في المطالبة بالمهر المؤجل؟,"نعم، للمرأة التي تم طلاقها قبل الدخول والخلوة الحق في المطالبة بنصف المهر المؤجل وفقًا للأحكام الشرعية التي تحكم الطلاق قبل الدخول.",Divorce
689,هل يمكن للمرأة المطالبة بمؤخر صداق إذا كان الشرط موجودًا في عقد الزواج؟,"نعم، إذا كان هناك شرط في عقد الزواج ينص على مؤخر صداق، يمكن للمرأة المطالبة به بعد الطلاق.",Divorce
690,ماذا يحدث إذا لم يحضر المدعى عليه في المحكمة خلال نظر الدعوى؟,"إذا لم يحضر المدعى عليه في المحكمة، يمكن للمحكمة إصدار حكم غيابي لصالح المدعية بناءً على الأدلة والشهادات المتاحة.",Judicial Dissolution
691,هل يحق للمرأة المطالبة بكامل المهر بعد الطلاق إذا كانت قد خلت مع الزوج خلوة شرعية؟,"نعم، إذا كانت المرأة قد خلت مع الزوج خلوة شرعية، يحق لها المطالبة بكامل المهر. .",Divorce
692,هل يحق للمرأة المطالبة بمؤخر صداق إذا لم تستلمه بعد الطلاق؟,"نعم، يحق للمرأة المطالبة بمؤخر صداق إذا لم تستلمه بعد الطلاق، سواء كان هناك اتفاق أو إثبات على ذلك في عقد الزواج.",Divorce
693,ما الإجراءات التي يجب اتباعها لإثبات الطلاق الثالث في المحكمة؟,"إذا وقع الطلاق الثالث، فيجب على الزوج المبادرة إلى توثيق الطلاق لدى المحكمة المختصة أو عبر الوسائل الإلكترونية المعتمدة، وتقديم البيانات والمستندات المطلوبة لإثبات وقوعه. وتنظر المحكمة في التحقق من وقوع الطلاق وعدده وتاريخه، وتصدر صك إثبات الطلاق إذا ثبت ذلك. وإذا وُجد نزاع حول عدد الطلقات أو وقوعها، تفصل المحكمة في ذلك بناءً على الأدلة والبينات وفق أحكام نظام الأحوال الشخصية ونظام الإثبات.",Divorce
694,هل يمكن للمحكمة فسخ النكاح في حالة وجود نزاع على الطلاق؟,"نعم، يحق للمحكمة التدخل والفسخ في حال وجود نزاع حول الطلاق، فإذا ادعى أحد الطرفين وقوع الطلاق وأنكره الآخر، أو حدث خلاف حول عدد الطلقات أو شروطها، تقوم المحكمة بالتحقيق في الوقائع وسماع البينات والشهود، وإذا تعذرت التسوية أو استحال استمرار الحياة الزوجية نتيجة لهذا النزاع والشقاق بين الطرفين، فللقاضي السلطة التقديرية للحكم بفسخ النكاح دفعاً للضرر ولإنهاء حالة التنازع القائمة.",Judicial Dissolution
695,ما هي الإجراءات التي يمكن اتخاذها لاسترداد الأثاث بعد الطلاق؟,يمكن رفع دعوى للمطالبة باسترداد الأثاث بناءً على قائمة منقولات مفصلة مع تقديم الأدلة والشهادات التي تثبت حق الزوجة في استلام الأثاث بعد الطلاق.,Divorce
696,هل يمكن إلزام الزوج بإعادة الأثاث بعد الطلاق؟,"نعم، إذا ثبت أن الأثاث مملوك للزوجة أو لغير الزوج، جاز للمحكمة إلزام الزوج برده إلى مالكه. أما إذا كان الأثاث مملوكًا للزوج، فلا يُلزم بتسليمه للزوجة لمجرد وقوع الطلاق. وعند النزاع في ملكية الأثاث، تفصل المحكمة في ذلك وفق الأدلة وأحكام نظام الإثبات، ولا يترتب على الطلاق بذاته انتقال ملكية الأثاث من أحد الزوجين إلى الآخر.",Divorce
697,هل يمكن للرجل استرداد الأثاث بعد الطلاق؟,"نعم، إذا كانت هناك دعوى من الزوج لاسترداد الأثاث وكان لديه أدلة أو شهود يدعمون دعواه.",Divorce
698,هل يحق للمرأة طلب متعة الطلاق؟,"نعم، يحق للمرأة طلب متعة الطلاق استنادًا إلى المهر المدفوع، إلا أن المحكمة قد تعتبر المتعة مستحبة وليست واجبة في بعض الحالات.",Divorce
699,ماذا يحدث إذا كان هناك اعتراض من الزوج على دفع مؤخر الصداق بعد الطلاق؟,"إذا اعترض الزوج على دفع مؤخر الصداق بعد الطلاق، يجب عليه تقديم أسباب اعتراضه أمام المحكمة. إذا لم يقدم أسباب مقبولة، تصدر المحكمة حكمًا بإلزامه بدفع المبلغ المستحق.",Divorce
700,ما هي الإجراءات التي يجب اتباعها عندما يكون الطلاق معلقًا على شرط؟,"يجب على المحكمة الاستماع إلى أقوال الأطراف والشهود، ثم التحقق من تحقق الشرط الذي علق عليه الزوج الطلاق، وفقًا لأحكام الفقه التي تؤكد وقوع الطلاق عند تحقق الشرط.",Divorce
701,كيف يتم إثبات وقوع الطلاق المعلق في المحكمة؟,"يتم إثبات وقوع الطلاق المعلق من خلال شهادة الأطراف والشهود، وكذلك بناءً على ما تقتضيه الفتاوى الفقهية المتعلقة بالطلاق المعلق.",Divorce
702,هل يمكن الطعن في الحكم بعد أن تقرر المحكمة أن الطلاق قد وقع بسبب تحقق الشرط؟,"نعم، يمكن الطعن في الحكم خلال 30 يومًا من تاريخه، حيث يُتاح للمدعى عليه الاعتراض على الحكم.",Divorce
703,كيف يتم إثبات وقوع الطلاق المشروط في المحكمة؟,"يتم إثبات وقوع الطلاق المشروط من خلال أقوال الأطراف والشهود، بالإضافة إلى تقديم الأدلة التي تؤكد وقوع الطلاق في السياق المشروط.",Divorce
704,هل من الممكن أن يُحكم بالطلاق بناءً على أقوال المدعى عليه دون تقديم دليل؟,"لا، يجب تقديم بينة أو دليل لإثبات وقوع الطلاق، ولا يتم الحكم بالطلاق بناءً على الأقوال فقط.",Divorce
705,ما هو دور شهادة الأبناء في إثبات الطلاق المعلق؟,شهادة الأبناء قد تكون مؤثرة في إثبات وقوع الطلاق إذا كانت شهادة موثوقة وذات مصداقية.,Divorce
706,هل تؤثر الأقوال المتناقضة بين المدعى والمدعية على تحديد عدد الطلقات؟,"نعم، الأقوال المتناقضة قد تؤثر في تحديد عدد الطلقات إذا كانت غير مدعومة بالأدلة والشهادات.",Divorce
707,هل يمكن أن يُعتد بالطلاق في حال عدم وجود نية صريحة من المدعى عليه عند إيقاعه؟,"لا يُعتد بالطلاق في النظام القضائي السعودي إذا ثبت انتفاء ""النية"" أو ""الإرادة"" الحقيقية لدى الزوج عند إيقاعه؛ فالطلاق القولي أو اللفظي لا يقع إذا صدر في حالات الغضب الشديد الذي يُغيب الوعي، أو الإكراه، أو في حالة السكر، أو الهزل الذي لا يقصد به إنهاء العلاقة الزوجية فعلياً، حيث تُعامل هذه الحالات معاملة الطلاق غير المعتبر.",Divorce
708,هل يمكن فسخ النكاح بناءً على استحالة التعايش بين الزوجين؟,"نعم، يمكن فسخ النكاح إذا ثبت استحالة استمرار الحياة الزوجية بسبب النزاع المستمر أو الضرر الواقع على أحد الزوجين.",Judicial Dissolution
709,كيف تؤثر كثرة النزاع بين الزوجين على حكم المحكمة في هذه الحالات؟,"كثرة النزاع تؤثر على حكم المحكمة، حيث يمكن أن تقرر المحكمة فسخ النكاح أو التفريق بين الزوجين بسبب استحالة التعايش.",Judicial Dissolution
710,هل من الممكن أن يتم التصالح بين الزوجين إذا تم تأكيد حدوث الطلاق؟,"نعم، يمكن أن يتم التصالح بين الزوجين بعد تأكيد وقوع الطلاق، إذا كان النظام يجيز عودتهما إلى الحياة الزوجية. فإذا كان الطلاق رجعيًا جازت المراجعة أثناء العدة، وإذا كان الطلاق بائنًا بينونة صغرى فلا تعود الزوجة إلا بعقد زواج جديد مستوفٍ للشروط النظامية، أما إذا كان الطلاق مكملًا للثلاث (بينونة كبرى) فلا تحل الزوجة لمطلقها حتى تنكح زوجًا غيره نكاحًا صحيحًا ثم تنتهي تلك العلاقة وفق الأحكام الشرعية.",Divorce
711,هل يتم أخذ الأقوال المتناقضة بين الزوجين بعين الاعتبار عند إصدار الحكم؟,"نعم، يتم أخذ الأقوال المتناقضة بعين الاعتبار، ولكن المحكمة تعتمد على الأدلة والشهادات المقدمة لتحديد الوقائع.",Divorce
712,هل يمكن للمحكمة إصدار حكم بفسخ النكاح دون تعويض للزوجة في حال تم التأكد من استحالة العودة بين الزوجين؟,"نعم، يمكن للمحكمة إصدار حكم بفسخ النكاح دون تعويض إذا تأكدت من استحالة التعايش بين الزوجين.",Judicial Dissolution
713,هل يمكن للمدعى عليه تقديم أوراق لإثبات أن الطلاق وقع في تاريخ محدد؟,"نعم، يمكن للمدعى عليه تقديم أوراق أو مستندات رسمية لإثبات تاريخ وقوع الطلاق.",Divorce
714,ما هي الإجراءات المتبعة في حالة وجود خطأ في تواريخ الطلاق؟,يتم التحقيق في تاريخ وقوع الطلاق وتصحيح الأخطاء الإجرائية المتعلقة بتاريخ الطلاق من خلال تقديم الأدلة والشهادات.,Divorce
715,هل يمكن إعادة النظر في الأخطاء الإجرائية المتعلقة بالطلاق بعد الحكم الابتدائي؟,"نعم، يمكن إعادة النظر في الأخطاء الإجرائية بعد الحكم الابتدائي، وقد يتم تعديل الحكم بناءً على ذلك.",Divorce
716,كيف تؤثر الأدلة المقدمة من المدعى عليه على إثبات وقوع الطلاق؟,"الأدلة المقدمة من المدعى عليه، مثل الوثائق أو الشهادات، تؤثر بشكل كبير في إثبات وقوع الطلاق.",Divorce
717,هل من الممكن تعديل النصوص القانونية المتعلقة بالطلاق بعد الاستئناف؟,"نعم، يمكن تعديل النصوص القانونية المتعلقة بالطلاق بعد الاستئناف إذا تم اكتشاف أخطاء في الإجراءات.",Divorce
718,هل يمكن الطعن في حكم إثبات الطلاق بعد أن تقدمت شهادة الشهود؟,"نعم، يمكن الطعن في حكم إثبات الطلاق إذا كانت هناك شكوك في صحة الشهادات أو إذا كانت الشهادات غير متوافقة مع الواقع.",Divorce
719,كيف يتم التعامل مع شهادة الأبناء في إثبات الطلاق؟,"يتم التعامل مع شهادة الأبناء إذا كانت موثوقة، وقد تؤثر في إثبات وقوع الطلاق إذا كانت مصدقة من المحكمة.",Divorce
720,هل يمكن للمدعى عليه رفض الشهادات التي تؤكد وقوع الطلاق؟,"يمكن للمدعى عليه رفض الشهادات، لكن المحكمة تقوم بتقييم مصداقية الشهادات والأدلة قبل إصدار الحكم.",Divorce
721,هل يمكن اعتبار الطلاق بينونة كبرى إذا ثبت وقوع الطلاق الثالث؟,"نعم، الطلاق الثالث يؤدي إلى بينونة كبرى، مما يعني أنه لا يجوز للزوج الرجوع إليها إلا بعقد ومهر جديدين.",Divorce
722,هل يجب على الزوجين تقديم شهادة شهود من خارج الأسرة لتوثيق الطلاق؟,"لا، لا يشترط نظام الأحوال الشخصية السعودي تقديم شهادة شهود من خارج الأسرة لتوثيق الطلاق. ويجوز إثبات الطلاق بجميع وسائل الإثبات المعتبرة نظامًا، وتتحقق المحكمة من وقوعه وفق أحكام نظام الأحوال الشخصية ونظام الإثبات، دون اشتراط أن يكون الشهود من غير أفراد الأسرة.",Divorce
723,هل يُعتد باللفظ الكنائي مثل 'في عداد المطلقات' كطلاق؟,"نعم، يُعتد باللفظ الكنائي مثل 'في عداد المطلقات' كطلاق، إذا كان يدل على الطلاق بنية إيقاعه.",Divorce
724,كيف يتم التعامل مع الأقوال التي قد تكون كناية عن الطلاق ولكنها لم تُصرح بشكل مباشر؟,يتم التعامل مع الأقوال ككناية عن الطلاق إذا كانت تستند إلى الأدلة والشهادات التي تؤكد نية إيقاع الطلاق.,Divorce
725,هل يمكن للمدعى عليه إنكار نية الطلاق رغم الألفاظ التي استخدمها؟,"نعم، يمكن للمدعى عليه إنكار نية الطلاق، لكن المحكمة تعتمد على الأدلة والشهادات لتحديد النية الفعلية.",Divorce
726,هل تؤثر الأقوال المتناقضة بين الطرفين على حكم المحكمة؟,"نعم، تؤثر الأقوال المتناقضة على الحكم، ولكن المحكمة تعتمد على الأدلة والشهادات لتحديد الوقائع بشكل دقيق.",Divorce
727,هل يتم التأكد من وقوع الطلاق بناءً على الأدلة والشهادات المقدمة من الطرفين؟,"نعم، يتم التأكد من وقوع الطلاق بناءً على الأدلة والشهادات المقدمة من الطرفين، وخاصة إذا كانت تشير إلى وقوع الطلاق بوضوح.",Divorce
728,ما هي الإجراءات المتبعة في حالة عدم وجود بينة تدعم دعوى الطلاق؟,"في حالة عدم وجود بينة، قد تعرض المحكمة اليمين على الطرف المدعى عليه، أو قد تقرر المحكمة فسخ النكاح في بعض الحالات.",Divorce
729,هل يمكن للزوج الرجوع إلى الزوجة بعد الطلاق إذا لم يكن قد دخل بها؟,"لا، إذا طلَّق الزوج زوجته قبل الدخول أو الخلوة الصحيحة، فلا يملك مراجعتها؛ لأن الطلاق يكون بائنًا بينونة صغرى، ولا تعود إليه إلا بعقد زواج جديد مستوفٍ للشروط الشرعية والنظامية وبرضاها.",Divorce
730,كيف يتم التعامل مع قضية الطلاق المعلقة على النية؟,"في حال أكد الزوج أن الطلاق كان بنية التخويف فقط، يتم عرض اليمين على الزوج للتحقق من نية الطلاق.",Divorce
731,ما هو الحكم في حال تم الطلاق ثلاث مرات قبل الدخول؟,"إذا تم الطلاق ثلاث مرات قبل الدخول، يتم اعتباره طلقة واحدة، وبالتالي يحدث بينونة صغرى بين الزوجين.",Divorce
732,ما هي الإجراءات القانونية لإثبات الطلاق؟,"تشمل الإجراءات تقديم الدعوى، استجواب الطرفين، تقديم الأدلة مثل الشهادات والأوراق الرسمية، وإصدار الحكم من المحكمة.",Divorce
733,هل البينونة بعد الطلاق بالثلاث دفعة واحد كبرى أم صغرى.,"حسب نظام الأحوال، الثلاث بلفظ واحد أو دفعة واحدة بمجلس واحد يقع طلقة واحدة وتكون الزوجة بائنا بينونة صغرى إن لم يراجعها في العدة.",Divorce
734,ما هي حقوق المرأة بعد الطلاق؟,"تشمل حقوق المرأة بعد الطلاق النفقة، المهر المؤجل، العدة الشرعية، وحقها في المطالبة بالممتلكات الزوجية.",Divorce
735,كيف يقدر القاضي مقدار العوض في الخلع إن لم يتم الاتفاق بين الزوجين؟,يراعى في تقدير العوض ألا يتجاوز ما دفعه الزوج أو يحمل الزوجة أعباء مالية غير عادلة.,Khulʿ
736,ما هي الإجراءات في حالة إنكار الزوج للطلاق؟,"في حال إنكار الزوج للطلاق، يحق للزوجة رفع دعوى إثبات طلاق في محكمة الأحوال الشخصية. يتطلب هذا الإجراء تقديم بينة شرعية أو اثبات كشهادة شاهدين أو تسجيل صوتي أو رسائل نصية، وفي حال عدم توفر أدلة، يُطلب من الزوج أداء اليمين أمام القاضي.",Divorce
737,هل يحق للزوجة طلب الطلاق بسبب المرض العقلي للزوج؟,"نعم، يحق لها فسخ النكاح.",Judicial Dissolution
738,هل يحق للزوجة الحصول على تعويض في حال عدم توثيق الطلاق من قبل الزوج؟,"نعم، إذا لم يوثق الزوج الطلاق خلال مدة أقصاها (خمسة عشر) يومًا من حين البينونة، ولم تعلم المرأة بطلاقه لها، فلها الحق بتعويض بما لا يقل عن الحد الأدنى لمقدار النفقة من تاريخ وقوع الطلاق إلى تاريخ علمها به بناءً على المادة (91) من نظام الأحوال الشخصية.",Divorce
739,هل يحق للزوج رفض إثبات الطلاق؟,"لا، لا يحق للزوج الرفض ويتوجب عليه توثيق الطلاق خلال مدة أقصاها (خمسة عشر) يومًا، وإلا فيحق للمرأة تعويض بما لا يقل عن الحد الأدنى لمقدار النفقة من تاريخ وقوع الطلاق إلى تاريخ علمها به.",Divorce
740,هل يمكن توثيق طلاق من زواج لم يتم إثباته؟,"لا، لابد من إثبات الزواج أولًا من خلال التقدم بصحيفة دعوى إثبات زواج عبر ناجز.",Divorce
741,ما الفرق بين إثبات الطلاق وإثبات الرجعة؟,إثبات الطلاق هو توثيق وقوع الطلاق شرعًا. أما إثبات الرجعة فهو توثيق عودة الزوجة بعد طلاق رجعي خلال العدة.,Divorce
742,ما هي الإجراءات في حالة الطلاق بسبب عدم الإنفاق؟,"إذا ادعت الزوجة عدم إنفاق الزوج عليها، فلها رفع دعوى التفريق لعدم الإنفاق والمطالبة بالنفقة المستحقة. وتنظر المحكمة في ثبوت امتناع الزوج عن النفقة أو عجزه عنها، وقد تقضي بالنفقة المستحقة بأثر رجعي عن مدة الامتناع إذا ثبت استحقاقها، كما قد تمهل الزوج إذا كان معسرًا في الأحوال التي يجيزها النظام. فإذا استمرت أسباب عدم الإنفاق وتوافرت الشروط النظامية، حكمت المحكمة بالتفريق مع ترتيب الآثار النظامية المترتبة على ذلك.",Alimony and Maintenance 
743,ما معنى أنه “لا يوجد بينة على إثبات الطلاق”؟,هذا يعني أنه لا توجد أدلة كافية (شهود أو إقرار أو مستندات) لإثبات وقوع الطلاق شرعًا أمام المحكمة.,Divorce
744,هل يقع الطلاق  في حالة غضب الزوج الشديد الذي لا يميز معه؟,لا يقع الطلاق في حالة غضب شديد للزوج ولم يكن في كامل وعيه.,Divorce
745,هل تحسب ثلاث طلقات إذا تلفظ الزوج بالثلاث في جلسة واحدة؟,"إذا تم الطلاق في جلسة واحدة وذكر الزوج 'أنت طالق ثلاثًا'، يعتبرطلقة واحدة.",Divorce
746,هل يقع الطلاق عبر رسالة نصية؟,"نعم، إن نوى الزوج الطلاق بالفعل، ويتم إثباته.",Divorce
747,قضية الطلاق أثناء طهر الزوجة,"إذا وقع الطلاق أثناء طهر الزوجة ولم يحدث جماع بعد الطهر، يعتبر الطلاق صحيحًا ويترتب عليه آثاره القانونية.",Divorce
748,هل يقع الطلاق تحت الإكراه؟,لا يقع الطلاق إن ثبت أنه تم تحت الإكراه أو التهديد.,Divorce
749,هل يحق المطالبة بالمهر المؤجل إذا لم يُدفع؟,"إذا لم يدفع الزوج المهر المؤجل كما هو موضح في عقد الزواج، يحق للزوجة المطالبة به في المحكمة للحصول على مستحقاتها القانونية.",Marriage
750,هل يحق للزوجة المطالبة بتعويض في حالة الطلاق بسبب العنف الأسري؟,يحق للزوجة المطالبة بتعويض عن الأضرار النفسية والجسدية التي تعرضت لها.,Divorce
751,هل يحق للزوجة طلب الفسخ بسبب عقم الزوج؟,"يحق للزوجة طلب فسخ عقد الزواج في نظام الأحوال الشخصية السعودي إذا ثبت عقم الزوج بتقرير طبي معتمد، ويعد ذلك من العلل المعتبرة قانوناً وشرعاً متى كان العقم تاماً، غير قابل للعلاج، ولم تكن الزوجة عالمة به قبل العقد أو رضيت به لاحقاً.",Judicial Dissolution
752,هل للزوجة طلب رفع طلاق للضرر في حالة التعرض للاهانات اللفظية؟,"نعم، في حالة تعرض الزوجة للشتائم والإهانات المستمرة من الزوج؛ فإن هذا يؤثر على صحتها النفسية بشكل سلبي، ويجعل استمرار الحياة الزوجية بينها وبين زوجها أمرًا صعبًا.",Divorce
753,هل للزوجة طلب رفع طلاق للضرر بسبب تعاطي الزوج للمسكرات والكحول؟,"نعم، في حالة شرب الزوج الكحول وتعاطيه المخدرات؛ مما يؤثر على حياة الأسرة بشكل سلبي، خاصةً وأن تعاطي المخدرات غالبًا ما يؤدي لمشاكل مثل الإهمال المالي والعنف.",Divorce
754,هل يشترط الحكم القضائي ليصح الخلع؟,"يصح الخُلع بتراضي الزوجين كاملي الأهلية على إنهاء عقد الزواج، دون الحاجة إلى حكم قضائي.",Khulʿ
755,ما الألفاظ التي يقع بها الخلع؟,"الخلع لا يتوقف على لفظ محدد بحد ذاته، بل يقع بأي عبارة تدل بوضوح على رغبة الزوجة في إنهاء العلاقة الزوجية مقابل عوض مالي أو تنازل عن حق مالي، وموافقة الزوج على ذلك.",Khulʿ
756, هل يجوز الخلع بإرادة الزوج فقط؟,"لا، يجب رضا الطرفين أو حكم القاضي إن وجد سبب شرعي.",Khulʿ
757,ما حكم الخلع إذا تم بناء على إكراه الزوجة؟,"إذا أُكرهت ظلمًا، فالخلع غير صحيح، ولكن إن كان الإكراه بحق، كامتناعها عن حقوق الزوج، جاز للقاضي أن يلزمها بالخلع.",Khulʿ
758,ما حكم الخلع إذا لم تكن هناك حاجة شرعية؟,يكره لكنه جائز إذا تم التراضي.,Khulʿ
759,ما هو حكم الخلع إذا لم يكن مذكورًا في العقد؟,لا يشترط ذكره لأنه حق مشروع في الشريعة.,Khulʿ
760,هل يحق للزوجة طلب الخلع إذا كان الزوج بخيلًا؟,نعم إذا تسبب في ضرر بالغ لها ولم ينفق الواجب عليه.,Khulʿ
761,هل يجوز الخلع على مؤخر الصداق فقط؟,يجوز بشرط رضا الزوج.,Khulʿ
762,هل يجوز الخلع إذا كان الزوج مريضًا نفسيًا؟,يجوز إذا تسبب المرض في ضرر للزوجة وتعذرت العشرة بينهما.,Khulʿ
763,ما حكم الخلع إذا كان بدافع الكراهية فقط؟,يجوز إذا تعذر استمرار الحياة الزوجية.,Khulʿ
764,هل يجوز الخلع إذا رفض الزوج الطلاق؟,يجوز بحكم القاضي إذا أثبتت الزوجة الضرر.,Khulʿ
765,ما حكم الخلع إذا كانت الزوجة ترغب في الزواج من شخص آخر؟,يجوز بشرط أن يكون بعوض واتفاق.,Khulʿ
766,هل يقع يشترط في الخلع أن يقع في طهر لم يجامعها فيه الزوج؟,"يقـع الخلـع في أي حـال كانـت عليـه الزوجـة، بـما في ذلك حـال حيضها، ونفاسـها، والطُّهـر الذي جامعها زوجها فيه.",Khulʿ
767,ما هو الحكم إذا طالب الزوجة بالخلع لأسباب غير شرعية؟,لا يجوز إلا إذا وافقت الزوجة.,Khulʿ
768,هل يجوز الخلع بدون شهود؟,يجوز لكنه يفضل لتوثيق الحقوق.,Khulʿ
769,ما حكم الخلع إذا تنازلت الزوجة عن مهرها بالكامل؟,يجوز إذا وافق الزوج.,Khulʿ
770,ما حكم الخلع إذا كان الزوج مدمنًا؟,يجوز إذا تسبب الإدمان في ضرر للزوجة.,Khulʿ
771,هل يجوز الخلع بسبب الاختلافات الثقافية بين الزوجين؟,يجوز إذا أدى إلى عدم التوافق.,Khulʿ
772,ما أثر الخلع على المؤخر؟,يسقط إذا تم الاتفاق عليه ضمن الخلع وإلا بقي في ذمة الزوج.,Khulʿ
773,هل يمكن الخلع بدون حكم القاضي؟,"نعم، إذا تم بالتراضي بين الطرفين.",Khulʿ
774,هل يجوز الخلع مع وجود أطفال؟,يجوز ولا يؤثر على حقوق الأطفال.,Khulʿ
775,ما حكم الخلع إذا كانت الزوجة تفتقد الأمان في الزواج؟,يجوز إذا كان هناك ضرر نفسي أو جسدي.,Khulʿ
776,هل يجوز الخلع إذا كان الزوج مسافرًا؟,يجوز إذا أوكل من ينوب عنه.,Khulʿ
777,ما حكم الخلع إذا كان الزوج غائبًا ولا يُعرف مكانه؟,"  جوز الخلع إذا كان الزوج غائبًا ولا يُعرف مكانه بحكم القاضي، إذا ثبت الضرر على الزوجة (كتركها بلا نفقة أو حماية)، وفق نظام الأحوال الشخصية (المادة 94/1)..",Khulʿ
778,ما حكم الخلع إذا كانت الزوجة ترغب في إنهاء الزواج لأسباب مادية؟,"يجوز الخلع إذا رغبت الزوجة في إنهاء الزواج لأسباب مادية (كعدم الإنفاق أو الفقر الشديد) بشرط دفع العوض والتراضي، وفق قوله تعالى: ""فَلَا جُنَاحَ عَلَيْهِمَا فِيمَا افْتَدَتْ بِهِ"" (البقرة: 229)،.",Khulʿ
779,هل يجوز الخلع إذا كانت العلاقة الزوجية مستقرة؟,"يكره الخلع إذا كانت العلاقة مستقرة لأنه يُفضل الإصلاح، لكنه جائز إذا اتفق الطرفان ورضيا بالعوض.",Khulʿ
780,ما أثر الخلع على الحقوق المشتركة بين الزوجين؟,"يُنهي الخلع الحقوق المشتركة المستقبلية (كالنفقة والسكنى) إلا ما اتفق عليه الطرفان صراحةً (كاستمرار نفقة سابقة)، وفق نظام الأحوال الشخصية (المادة 91/2)..",Khulʿ
781,هل يجوز الخلع إذا كان الزوج غيورًا بشكل مفرط؟,"يجوز الخلع إذا كانت غيرة الزوج المفرطة تُسبب ضررًا نفسيًا (كالاكتئاب) أو جسديًا (كالتعنيف) للزوجة، وفق نظام الأحوال الشخصية (المادة 91/1)..",Khulʿ
782,ما هو تعريف الخلع؟,"الخلع هو إنهاء عقد النكاح بطلب من الزوجة مقابل عوض (مال أو تنازل عن حق) تدفعه للزوج بناءً على تراضيهما أو حكم قضائي، وفق قوله تعالى: ""فَلَا جُنَاحَ عَلَيْهِمَا فِيمَا افْتَدَتْ بِهِ"" (البقرة: 229).",Khulʿ
783,ما هي الحكمة من مشروعية الخلع؟,"الحكمة من مشروعية الخلع هي دفع الضرر عن الزوجة وإنهاء العلاقة غير المستقرة عند الكراهية أو عدم التوافق، مع حفظ حقوق الزوج بعوض، وفق قوله تعالى: ""فَإِنْ خِفْتُمْ أَلَّا يُقِيمَا حُدُودَ اللَّهِ"" (البقرة: 229).",Khulʿ
784,هل يشترط موافقة الزوج على الخلع؟," لا يشترط موافقة الزوج أصلًا، فإذا رفض وثبت ضرر شرعي (كالضرب أو العنة)، يُلزم القاضي الزوج بالخلع، وفق نظام الأحوال الشخصية (المادة 94/1)..",Khulʿ
785,ما الحكم إذا طلبت الزوجة الخلع بدون سبب مقنع؟,"يكره الخلع بدون سبب مقنع لأنه يُفضل الإصلاح، لكنه جائز إذا دفعت العوض ورضي الزوج، ويُمنع إذا قصدت الإضرار بالزوج بلا مبرر، وفق نظام الأحوال الشخصية (المادة 91/1)..",Khulʿ
786,ما هو مقدار العوض في الخلع؟,"مقدار العوض في الخلع غير محدد شرعًا، فقد يساوي المهر أو يقل أو يزيد بحسب اتفاق الطرفين، وفق نظام الأحوال الشخصية (المادة 91/1).",Khulʿ
787,هل يجوز للزوج أخذ أكثر مما أعطاه في المهر؟,"نعم، يجوز للزوج أخذ أكثر مما أعطاه في المهر إذا وافقت الزوجة ورضيت بالعوض، لأن الخلع عقد معاوضة، وفق نظام الأحوال الشخصية (المادة 91/1)..",Khulʿ
788,ما حكم الخلع إذا كان في الحيض؟,"يجوز الخلع في الحيض لأنه طلاق بعوض وليس طلاقًا رجعيًا يُحرم في الحيض، والغرض إزالة الضرر، وفق نظام الأحوال الشخصية (المادة 91/1).",Khulʿ
789,هل يحتاج الخلع إلى حكم قضائي؟,"لا يشترط حكم قضائي للخلع إذا تم التراضي بين الزوجين، لكنه يُشترط إذا رفض الزوج وثبت الضرر، وفق نظام الأحوال الشخصية (المادة 91/1 و94/1)..",Khulʿ
790,هل يكون فسخ النكاح بسبب عيب في الزوج دون عوض؟,"إذا ثبت وجود عيب مؤثر في الزوج كان موجودًا قبل الزواج ولم تكن الزوجة تعلم به، أو طرأ بعد الزواج وتعذر معه استمرار الحياة الزوجية، فيمكنها طلب فسخ النكاح، وتحدد المحكمة الآثار المالية وما إذا كان الفسخ دون عوض وفق ظروف الدعوى.",Judicial Dissolution
791,هل للزوج حق الرجعة بعد الخلع؟," لا حق للزوج في الرجعة بعد الخلع، لأنه طلاق بائن بينونة صغرى، ولا يُعاد إلا بعقد جديد، وفق نظام الأحوال الشخصية (المادة 91/2)..",Khulʿ
792,ما الحكم إذا كان العوض في الخلع محرمًا؟,"الخلع صحيح إذا كان العوض محرمًا (كخمر)، لكن العوض باطل ولا يُلزم به، ويُستبدل بعوض مشروع إذا أمكن، وفق نظام الأحوال الشخصية (المادة 91/1)..",Khulʿ
793,هل يجوز للمرأة أن تخلع نفسها بدون إذن الزوج؟,"لا يجوز للمرأة أن تخلع نفسها بدون إذن الزوج إلا إذا ثبت ضرر (كالضرب أو العنة) فترفع الأمر للقاضي ليُفرق، وفق نظام الأحوال الشخصية (المادة 94/1)..",Khulʿ
794,"إذا كان عوض الخلع هو المهر، فهل يسقط المؤجل منه؟","نعم، إذا كان عوض الخُلع هو المهر فيقتصر على تسليم ما قُبِضَ من المهر، ويسقط ما بقي منه ولو كان مؤجلاً.",Khulʿ
795,هل يجوز الخلع بسبب سوء خلق الزوج؟,"جوز الخلع بسبب سوء خلق الزوج (كالسباب أو الفحش) إذا تسبب في ضرر بالغ للزوجة، وفق نظام الأحوال الشخصية (المادة 91/1)..",Khulʿ
796,ما حكم الخلع إذا كان الزوج غير قادر على الإنفاق؟,"يجوز للزوجة طلب الخلع، متى رغبت في إنهاء العلاقة الزوجية وتوافرت شروط الخلع. كما يجوز لها طلب فسخ النكاح لعدم الإنفاق إذا توافرت شروطه النظامية، ويعود للمحكمة تقدير الوقائع وتحديد الوصف النظامي المناسب وفق أحكام نظام الأحوال الشخصية.",Khulʿ
797,هل يجوز للأب خلع ابنته دون رضاها؟," لا يجوز للأب خلع ابنته دون رضاها، لأن الخلع حق شخصي للزوجة البالغة العاقلة، ولا ولاية للأب فيه، وفق نظام الأحوال الشخصية (المادة 91/1).",Khulʿ
798,ما هو العوض الذي يمكن أن تطلبه الزوجة في الخلع؟,العوض هو أي مال (نقود أو ممتلكات) أو تنازل عن حق (كالمهر) تُقدمه الزوجة ويُتفق عليه بين الطرفين.,Khulʿ
799,هل يجوز الخلع في غياب الزوج؟,"يجوز الخلع في غياب الزوج إذا وكّل شخصًا ينوب عنه في الاتفاق، أو بحكم القاضي إذا كان غائبًا مجهول المكان.",Khulʿ
800,ما حكم الخلع إذا كان الزوج مريضًا؟,"يجوز الخلع إذا كان الزوج مريضًا، لأنه عقد معاوضة لا يشترط فيه صحة الزوج، وفق نظام الأحوال الشخصية (المادة 91/1).",Khulʿ
801,ما هي حقوق الزوجة بعد الخلع؟,"تحتفظ الزوجة بحضانة الأطفال إذا كانت مستحقة (وفق المادة 127)، وتسقط نفقة العدة إذا شملها العوض، وتبقى الحقوق السابقة (كالمهر غير المدفوع) إذا لم تُسقط.",Khulʿ
802,ما هي شروط صحة الخلع؟,"يشترط لصحة الخلع أن يكون بين زوجين يصح بينهما عقد الزواج، وأن يتم باتفاق الزوجين على إنهاء عقد الزواج بعوض أو بدونه إذا أجازه النظام، وأن يكون كل من الزوجين كامل الأهلية أو ممثلًا تمثيلًا صحيحًا عند الاقتضاء، وأن يكون الرضا بالخلع صحيحًا غير مشوب بإكراه معتبر. وإذا لم يحصل اتفاق بين الزوجين، فللمحكمة نظر طلب الخلع والفصل فيه وفق أحكام نظام الأحوال الشخصية.",Khulʿ
803,هل يجوز الخلع بسبب الفقر؟,يجوز للزوجة طلب الخلع بسبب فقر الزوج متى توافرت شروط الخلع. كما يجوز لها طلب فسخ النكاح لعدم الإنفاق إذا توافرت شروطه النظامية.,Khulʿ
804,ما الحكم إذا خالع الزوج زوجته على نفقة ولدهما؟,شرط إسقاط نفقة الولد باطل لأنها حق للطفل لا يجوز التنازل عنه استنادا إلى المادة مئة من نظام الأحوال أنه لا يجوز أن يكون العوض إسقاط أي حق من حقوق الأولاد أو حضانتهم.,Khulʿ
805,ما حكم الخلع إذا لم تدفع الزوجة العوض المتفق عليه؟,"الخلع يبقى صحيحًا إذا لم تدفع الزوجة العوض المتفق عليه، لأن الطلاق يقع بمجرد الاتفاق والإيجاب والقبول، ويصبح العوض دينًا في ذمتها يطالبها به الزوج قضاءً، وفق نظام الأحوال الشخصية (المادة 91/2).",Khulʿ
806,هل يجوز الخلع بسبب كره الزوجة للزوج؟,"نعم، يجوز الخلع بسبب كراهية الزوجة لزوجها إذا كانت الكراهية تمنعها من الاستمرار في الحياة الزوجية، وفق قوله تعالى: ""فَإِنْ خِفْتُمْ أَلَّا يُقِيمَا حُدُودَ اللَّهِ فَلَا جُنَاحَ عَلَيْهِمَا فِيمَا افْتَدَتْ بِهِ"" (البقرة: 229)، ونظام الأحوال الشخصية (المادة 91/1)",Khulʿ
807,ما أثر الخلع على المؤخر في العقد؟,"يسقط المؤخر (صداق المهر المؤجل) إذا اتفق الطرفان على إسقاطه ضمن عوض الخلع، لأن الخلع يشمل التنازل عن الحقوق المالية المتفق عليها، وفق نظام الأحوال الشخصية (المادة 91/2)..",Khulʿ
808,هل يجوز الخلع مقابل تنازل الزوجة عن حضانة أطفالها؟,"لا يجوز الخلع مقابل الزوجة عن حضانة أطفالها، لأن الحضانة حق للأطفال وليست ملكًا للأم تتنازل عنه، ولا يجوز جعلها عوضًا في الخلع، وفق نظام الأحوال الشخصية (المادة 127). الحضانة لمصلحة الطفل، فلا تُباع أو تُشترط في الخلع..",Khulʿ
809,هل يحتاج الخلع إلى شهود؟,"لا يشترط وجود شهود لصحة الخلع شرعًا، لأنه عقد رضائي بين الزوجين، لكن يُستحب توثيقه بحضور شهود لتجنب النزاعات، وفي نظام الأحوال الشخصية (المادة 91/3) يُشترط التوثيق الرسمي..",Khulʿ
810,ما حكم الخلع إذا كان بطلب من الزوج؟,"يجوز الخلع بطلب من الزوج إذا وافقت الزوجة ودفع الزوج عوضًا (كمال أو تنازل عن حق)، لأنه عقد تراضٍ، وفق نظام الأحوال الشخصية (المادة 91/1).",Khulʿ
811,ما الفرق بين الخلع والفسخ؟,"الخلع هو طلاق بعوض تدفعه الزوجة أو تتنازل عنه بتراضي الطرفين، بينما الفسخ هو إنهاء العقد بقرار قضائي دون عوض لوجود علة شرعية (كالعنة أو الردة)، وفق نظام الأحوال الشخصية (المادة 91 للخلع، المادة 112 للفسخ).",Khulʿ
812,هل يجوز الخلع على مبلغ رمزي؟,"نعم، يجوز الخلع على مبلغ رمزي (كريال واحد) بشرط رضا الزوج والزوجة، لأن العوض في الخلع لا يُشترط قيمته بل يعتمد على التراضي، وفق نظام الأحوال الشخصية (المادة 91/1).",Khulʿ
813,ما أثر الخلع على حقوق الزوجة المالية؟,"تسقط حقوق الزوجة المالية (كالمهر المؤخر أو النفقة المستقبلية) إذا اتفق الطرفان على إسقاطها ضمن عوض الخلع، وفق نظام الأحوال الشخصية (المادة 91/2). لكن إذا لم تُذكر ضمن العوض، تبقى لها..",Khulʿ
814,هل يحق للزوجة طلب الخلع بسبب غياب الزوج؟,"نعم، يحق للزوجة طلب الخلع إذا كان غياب الزوج يسبب ضررًا بالغًا (كتركها بلا نفقة أو حماية لمدة طويلة)، وفق نظام الأحوال الشخصية (المادة 91/1). فالغياب المُضر سبب شرعي للخلع إذا تعذر الفسخ..",Khulʿ
815,ما حكم الخلع إذا لم يكن بسبب شرعي؟,"يجوز الخلع ولو لم يكن بسبب شرعي (كمجرد رغبة الزوجة) إذا اتفق الطرفان ورضيا بالعوض، لأنه عقد رضائي، وفق قوله تعالى: ""فَلَا جُنَاحَ عَلَيْهِمَا فِيمَا افْتَدَتْ بِهِ"" (البقرة: 229)، ونظام الأحوال الشخصية (المادة 91/1)..",Khulʿ
816,هل يجوز الخلع إذا كان الزوج عنينًا؟,"نعم، يجوز الخلع إذا كان الزوج عنينًا (عاجزًا عن الوطء) لأنه يُسبب ضررًا للزوجة، ويُعتبر سببًا شرعيًا، وفق نظام الأحوال الشخصية (المادة 91/1). أن العنة تُبيح الخلع أو الفسخ إذا لم يُشفَ خلال سنة..",Khulʿ
817,ما الحكم إذا رفض الزوج الخلع؟,"إذا رفض الزوج الخلع، يجوز للزوجة رفع الأمر للقاضي، ويحكم بالخلع إذا ثبت ضرر معتبر (كالعنة أو الضرب أو الكراهية المستحكمة)، وفق نظام الأحوال الشخصية (المادة 94/1)..",Khulʿ
818,هل يجوز الخلع مقابل التنازل عن المهر؟,"نعم، يجوز الخلع مقابل تنازل الزوجة عن المهر (المقدم أو المؤخر) إذا اتفق الطرفان على ذلك، لأن العوض يُحدد بالتراضي، وفق نظام الأحوال الشخصية (المادة 91/2)..",Khulʿ
819,هل يسقط الخلع حق الزوجة في المطالبة بحضانة الأطفال؟,"لا يسقط الخلع حق الزوجة في المطالبة بحضانة الأطفال، لأن الحضانة حق للأطفال وليست من حقوق الزوجة المالية التي تُسقطها، وفق نظام الأحوال الشخصية (المادة 127). الحضانة لمصلحة الطفل فلا تتأثر بالخلع.",Khulʿ
820,ما الشروط الواجب توافرها في عوض الخلع؟,كلُّ ما صحَّ اعتباره مالاً صحَّ أن يكون عوضاً في الخلع.,Khulʿ
821,هل يجوز الخلع في حالات الضرر النفسي؟,"نعم، يجوز الخلع في حالات الضرر النفسي (كالكراهية أو الاكتئاب الشديد) إذا كان يعيق استمرار الحياة الزوجية، وفق قوله تعالى: ""فَلَا جُنَاحَ عَلَيْهِمَا فِيمَا افْتَدَتْ بِهِ"" (البقرة: 229).",Khulʿ
822,هل يحق للزوجة طلب الخلع بسبب ديون الزوج؟,يحق للزوجة طلب الخلع إذا كانت ديون الزوج تؤثر على معيشتها وتسبب لها ضررًا (كعدم الإنفاق أو الحجز على ممتلكاتها).,Khulʿ
823,ما أثر الخلع على العلاقة المالية بين الزوجين؟,"تنتهي الالتزامات المالية المستقبلية (كالنفقة) بالخلع، لكن تبقى الحقوق السابقة (كالمهر غير المدفوع) إذا لم تُسقط ضمن العوض. .",Khulʿ
824,هل يشترط في الخلع أن يكون برضا الطرفين؟," يشترط الرضا في الخلع أصلًا لأنه عقد تراضٍ، لكن إذا رفض الزوج وثبت ضرر شرعي (كالعنة أو الضرب)، يحكم القاضي به، وفق نظام الأحوال الشخصية (المادة 94/1)..",Khulʿ
825,ما الحكم إذا تم الخلع دون توثيق؟,"الخلع صحيح شرعًا دون توثيق إذا تم الاتفاق، لكن نظام الأحوال الشخصية (المادة 91/3) يشترط التوثيق الرسمي لإثباته، وإلا كان معرضًا للنزاعات..",Khulʿ
826,هل يجوز الخلع في حالة وجود حمل؟,"نعم، يجوز الخلع أثناء الحمل، ولا يؤثر على حقوق الطفل (كالنفقة والحضانة)، وفق نظام الأحوال الشخصية (المادة 91/1)..",Khulʿ
827,هل يمكن للزوج أن يشترط عوضًا معينًا؟,"نعم، يجوز للزوج اشتراط عوض معين (كمبلغ مالي أو تنازل عن حق) إذا وافقت الزوجة، لأن الخلع عقد تراضٍ.",Khulʿ
828,ما هي المدة اللازمة لإتمام الخلع؟,"يتم الخلع فور الاتفاق بين الزوجين (إيجاب وقبول) أو بصدور حكم القاضي إذا رُفع الأمر إليه، وفق نظام الأحوال الشخصية (المادة 91/3).",Khulʿ
829,هل يجوز الخلع إذا كان هناك نزاعات مالية؟,"يجوز الخلع ولو كانت هناك نزاعات مالية، لكن يُفضل تسويتها أولاً لتجنب التعقيدات القضائية، وفق نظام الأحوال الشخصية (المادة 91/1).",Khulʿ
830,ما أثر الخلع على المهر المتفق عليه؟," يسقط المهر المتفق عليه (مقدمًا أو مؤخرًا) إذا اتفقت الزوجة على إسقاطه ضمن عوض الخلع، وفق نظام الأحوال الشخصية (المادة 91/2).",Khulʿ
831,هل يمكن للمحكمة أن تقرر نفقة مؤقتة؟,"نعم، في حالات الضرورة يمكن للمحكمة إصدار حكم بنفقة مؤقتة.",Alimony and Maintenance 
832,ما هي الحقوق التي يتمتع بها الأولاد بعد الطلاق؟,"للأولاد بعد الطلاق حق الحضانة، والنفقة، والتواصل مع الوالد غير الحاضن، وسائر الحقوق التي يقررها نظام الأحوال الشخصية، مع مراعاة مصلحتهم الفضلى عند الفصل في أي نزاع.",Alimony and Maintenance 
833,ما هي الحالات التي يمكن فيها للأب أن يطلب النفقة من ابناءه؟,"يجوز للأب أن يطلب النفقة من أولاده إذا كان فقيرًا وعاجزًا عن الكسب، وكان الأولاد موسرين قادرين على الإنفاق. وتكون النفقة بحسب يسار الأولاد وحاجة الأب، وفق أحكام نظام الأحوال الشخصية، ويعود تقدير ذلك إلى المحكمة عند النزاع.",Alimony and Maintenance 
834,ما هي العقوبات التي يمكن أن تترتب على عدم دفع النفقة؟,"ذا امتنع المحكوم عليه عن دفع النفقة بعد صدور حكم نهائي، فيجوز اتخاذ إجراءات التنفيذ الجبري بحقه، مثل الحجز على أمواله وحساباته، وقد يصدر بحقه حبس تنفيذي في الحالات التي يجيزها النظام، كما قد يتعرض للعقوبات الجزائية إذا امتنع عن تنفيذ الحكم أو أخفى أمواله أو تهرب من التنفيذ، والتي قد تصل إلى السجن وفق أحكام نظام التنفيذ.",Alimony and Maintenance 
835,ما هو دور المحكمة في تحديد النفقة؟,تقوم المحكمة بتقييم الظروف وتحديد مقدار النفقة.,Alimony and Maintenance 
836,هل يمكن للزوجة العمل أثناء فترة النفقة؟,"نعم، يمكنها العمل ولكن ذلك لا يؤثر على حقها في النفقة.",Alimony and Maintenance 
837,ما هي الحقوق القانونية للزوجة بعد الطلاق؟,تشمل الحصول على النفقة والسكن خلال العدة.,Alimony and Maintenance 
838,كيف يمكن للأب إثبات عدم قدرته على الدفع؟,يمكنه تقديم مستندات تثبت حالته المالية.,Alimony and Maintenance 
839,ما هي العقوبات التي تواجه الأب في حالة عدم دفع نفقة الأولاد؟,"ذا امتنع المحكوم عليه عن دفع النفقة بعد صدور حكم نهائي، فيجوز اتخاذ إجراءات التنفيذ الجبري بحقه، مثل الحجز على أمواله وحساباته، وقد يصدر بحقه حبس تنفيذي في الحالات التي يجيزها النظام، كما قد يتعرض للعقوبات الجزائية إذا امتنع عن تنفيذ الحكم أو أخفى أمواله أو تهرب من التنفيذ، والتي قد تصل إلى السجن وفق أحكام نظام التنفيذ.",Alimony and Maintenance 
840,هل يحق للأب مراجعة النفقة بعد صدور الحكم؟,"نعم، يمكنه طلب مراجعة إذا تغيرت الظروف.",Alimony and Maintenance 
841,كيف تؤثر الظروف الاقتصادية على تحديد النفقة؟,تؤثر على مقدار النفقة بناءً على الدخل والاحتياجات.,Alimony and Maintenance 
842,ما هي حقوق الزوجة أثناء فترة العدة؟,تستحق النفقة والسكن والرعاية.,Alimony and Maintenance 
843,هل يمكن أن تتنازل الزوجة عن حقها في النفقة؟,"نعم، يمكنها التنازل عن حقها بموجب اتفاق.",Alimony and Maintenance 
844,هل يمكن للزوجة المطالبة بالنفقة بعد الطلاق؟,"نعم، يجوز للزوجة المطالبة بالنفقة بعد الطلاق إذا كانت مستحقة لها نظامًا، كنفقة العدة في الطلاق الرجعي، أو في الحالات التي يقررها نظام الأحوال الشخصية. أما نفقة الأولاد فلا تسقط بالطلاق، وتبقى واجبة على الأب وفقًا لأحكام النظام.",Alimony and Maintenance 
845,ما هي الحالات التي تستحق فيها الزوجة النفقة بعد الطلاق؟,تستحق النفقة إذا كانت في فترة العدة.,Alimony and Maintenance 
846,ما هي الوثائق المطلوبة لرفع دعوى نفقة؟,"تتطلب دعوى النفقة تقديم ما يثبت هوية الأطراف، والعلاقة الزوجية أو النسب بحسب نوع الدعوى، وأي مستندات أو أدلة تؤيد استحقاق النفقة، مثل عقد الزواج أو صك الطلاق أو شهادات ميلاد الأولاد عند الاقتضاء. وللمحكمة طلب أي مستندات إضافية تراها لازمة للفصل في الدعوى.",Alimony and Maintenance 
847,ما هي حقوق الأولاد في حالة وفاة أحد الأبوين؟,"يحتفظ الأولاد بحقوقهم النظامية بعد وفاة أحد الأبوين، ومن أبرزها حق النفقة ممن تلزمه نفقتهم نظامًا، وحق الحضانة وفق مصلحتهم الفضلى، وحق الإرث من المتوفى، وسائر الحقوق التي يقررها نظام الأحوال الشخصية والأنظمة ذات الصلة.",Alimony and Maintenance 
848,هل يمكن أن تتغير النفقة بعد صدور الحكم؟,"نعم، يمكن طلب تعديل النفقة إذا تغيرت الظروف.",Alimony and Maintenance 
849,ما هي العوامل التي تؤثر في تحديد نفقة الحضانة؟,تتأثر بمتطلبات الأطفال والقدرة المالية.,Alimony and Maintenance 
850,ما هي الفرق بين النفقة المؤقتة والدائمة؟,"المؤقتة تكون لفترة محددة، بينما الدائمة تستمر حتى حدوث تغيير.",Alimony and Maintenance 
851,كيف يتم التعامل مع النفقة في حالات الزواج المتعدد؟,يجب توزيع النفقة بشكل عادل بين الزوجات.,Alimony and Maintenance 
852,ما هي الإجراءات التي يجب اتباعها عند عدم دفع النفقة؟,يمكن رفع دعوى للمطالبة بالنفقة أمام المحكمة.,Alimony and Maintenance 
853,هل يمكن للأب أن يطلب تقليص النفقة؟,"نعم، إذا تغيرت ظروفه المالية.",Alimony and Maintenance 
854,ما هي الحالات التي تستحق فيها الزوجة النفقة؟,"تستحق الزوجة النفقة إذا كان عقد الزواج صحيحًا وكانت مُمكِّنة نفسها لزوجها وفق أحكام نظام الأحوال الشخصية، وتشمل النفقة الغذاء والكسوة والمسكن وما جرى به العرف. كما تستحقها في الأحوال التي يقررها النظام، وتستمر ما دام سبب استحقاقها قائمًا.",Alimony and Maintenance 
855,ما هي الشروط التي يجب توافرها لطلب النفقة؟,يجب إثبات الحاجة للنفقة ووجود الحق فيها.,Alimony and Maintenance 
856,ما هي الحقوق المستحقة للأبناء بعد الطلاق؟,"للأبناء بعد الطلاق حق الحضانة، والنفقة، والسكن عند الاقتضاء، والتواصل مع الوالد غير الحاضن، وسائر الحقوق التي يقررها نظام الأحوال الشخصية، مع مراعاة مصلحتهم الفضلى.",Alimony and Maintenance 
857,هل يمكن للأب أن يطلب نفقة من الأبناء؟,"نعم، إذا كان غير قادر على الكسب.",Alimony and Maintenance 
858,ما هي حقوق الزوجة في النفقة؟,تستحق الزوجة النفقة حتى بعد الطلاق إذا كانت في فترة العدة.,Alimony and Maintenance 
859,ما هي الحالات التي لا تستحق فيها الزوجة النفقة؟,إذا منعت نفسها من الزوج أو امتنعت عن الانتقال إلى بيت الزوجية.,Alimony and Maintenance 
860,ما هي مدة النفقة التي يمكن المطالبة بها في حالة وفاة الأب؟,يمكن المطالبة بنفقة الأبناء من تاريخ وفاة الأب.,Alimony and Maintenance 
861,هل تستحق الزوجة النفقة أثناء العدة؟,"نعم، تستحق الزوجة النفقة أثناء العدة و إذا كانت حاملاً.",Alimony and Maintenance 
862,ما هي الحالات التي تؤدي إلى الفرقة بين الزوجين؟,"تشمل الطلاق، الخلع، فسخ العقد، وفاة أحد الزوجين، واللعان.",Marriage
863,الى متى يجب على الأب دفع النفقة للطفل؟,يجب على الأب دفع نفقة الطفل حتى يصل إلى سن الكسب.,Alimony and Maintenance 
864,ما هي الحالات التي لا تستحق فيها المعتدة النفقة؟,لا تستحق المعتدة من الوفاة النفقة إلا إذا كانت حاملاً.,Alimony and Maintenance 
865,ما هي الحقوق التي يتمتع بها الزوج أثناء فترة الزواج؟,"للزوج أثناء قيام الزواج حق الطاعة بالمعروف، وحق المعاشرة بالمعروف، وتمكينه من حقوقه الزوجية، والمحافظة على الأسرة، وسائر الحقوق التي يقررها نظام الأحوال الشخصية، مع التزامه بأداء حقوق الزوجة المقررة نظامًا.",Alimony and Maintenance 
866,ما هي مدة النفقة التي يمكن المطالبة بها؟,"يمكن للزوجة المطالبة بنفقة ماضية عن فترة لا تتجاوز سنتين سابقتين لتاريخ رفع الدعوى، بينما تبدأ النفقة المستقبلية من تاريخ إقامة الدعوى وتستمر طالما بقيت أسباب استحقاقها قائمة، ما لم يصدر حكم قضائي بإنهاء الالتزام بها.",Alimony and Maintenance 
867,ما هي الشروط التي يجب توافرها لطلب النفقة عن طريق المحكمة؟,"لطلب النفقة عبر المحكمة، يجب وجود عقد نكاح صحيح وموثق يثبت العلاقة الزوجية، مع إثبات تعنت الزوج أو امتناعه عن الإنفاق، وأن تكون الزوجة قد مكنت الزوج من نفسها أو كانت في فترة عدة تستحق فيها النفقة، مع ضرورة تقديم ما يثبت تضررها ومستوى المعيشة المطلوب، وذلك عبر تقديم الطلب إلكترونياً عبر منصة ""ناجز"" بعد التأكد من عدم وجود صك سابق يغني عن الدعوى أو نزاع قضائي معلق بشأنها.",Alimony and Maintenance 
868,ما هي الحقوق التي يتمتع بها الزوجة في حالة العنف الأسري؟,يحق لها الحصول على نفقة وحماية.,Alimony and Maintenance 
869,ما هي الإجراءات المطلوبة لرفع دعوى نفقة؟,"لرفع دعوى نفقة، يجب الدخول إلى بوابة ""ناجز"" عبر النفاذ الوطني واختيار خدمة ""صحيفة دعوى جديدة""، ثم تصنيفها تحت ""أحوال شخصية"" و""دعاوى النفقة""، وتعبئة بيانات الأطراف وإرفاق عقد النكاح وصور الهوية وأي وثائق تثبت امتناع الزوج أو حالته المادية، ثم إرسال الطلب إلكترونياً لمراجعته وقيد الدعوى وتحديد موعد الجلسة.",Alimony and Maintenance 
870,ما هي العوامل التي تؤثر في تحديد نفقة الأطفال؟,تعتمد على احتياجات الأطفال والدخل.,Alimony and Maintenance 
871,ما هي الحقوق التي يتمتع بها الأبناء من الزواج غير المسجل؟,يستحقون النفقة إذا ثبتت نسبتهم.,Alimony and Maintenance 
872,هل يمكن للأب أن يكون مسؤولاً عن نفقة الأولاد بعد الطلاق؟,"نعم، يتحمل الأب مسؤولية النفقة بعد الطلاق.",Alimony and Maintenance 
873,ما هي حقوق الزوجة إذا لم يتم دفع النفقة؟,يمكنها رفع دعوى قضائية للمطالبة بالنفقة.,Alimony and Maintenance 
874,هل يتم تحديد النفقة بشكل دائم؟,يمكن تعديل النفقة بناءً على تغير الظروف المالية.,Alimony and Maintenance 
875,هل يمكن للأب أن يرفض دفع نفقة الأولاد؟,"لا، يجب عليه دفع النفقة بناءً على قرارات المحكمة.",Alimony and Maintenance 
876,ما هو الفرق بين النفقة الشرعية والنفقة القانونية؟,"النفقة الشرعية تعتمد على أحكام الشريعة، بينما القانونية تتبع قوانين الدولة.",Alimony and Maintenance 
877,هل يمكن للزوجة المطالبة بنفقة للمطالبة بالعلاج؟,"نعم، إذا كانت هناك حاجة طبية.",Alimony and Maintenance 
878,كيف يتم تحديد النفقة في حالة وجود عدة زوجات؟,توزع النفقة بين الزوجات بناءً على عددهن واحتياجاتهن.,Alimony and Maintenance 
879,هل يمكن للمحكمة زيادة النفقة بعد الطلاق؟,"نعم، إذا تغيرت ظروف الأب أو الأطفال.",Alimony and Maintenance 
880,هل هناك فترة زمنية معينة لطلب النفقة؟,"لا توجد فترة زمنية محددة أو ""مدة تقادم"" تمنعك من المطالبة بالنفقة المستقبلية طالما استمرت أسباب استحقاقها؛ أما بالنسبة للنفقة الماضية، فيمكنك المطالبة بها عن الفترة التي امتنع فيها الزوج عن الإنفاق بشرط ألا تتجاوز السنتين السابقتين لتاريخ تقديم الدعوى.",Alimony and Maintenance 
881,هل يتم دفع النفقة نقدًا فقط؟,يمكن دفع النفقة عينيًا أو نقدًا حسب الاتفاق.,Alimony and Maintenance 
882,ما هي العوامل التي تؤثر في تحديد نفقة الزوجة؟,تعتمد على دخل الزوج واحتياجات الزوجة.,Alimony and Maintenance 
883,هل يمكن للزوجة مطالبة بنفقة للإقامة في مكان آخر؟,"نعم، إذا كان ذلك ضروريًا لحمايتها.",Alimony and Maintenance 
884,هل هناك شروط لتعديل النفقة؟,"نعم، يجب أن يكون هناك تغيير في الظروف المالية أو الاحتياجات.",Alimony and Maintenance 
885,هل يتم تحديد النفقة بناءً على عدد الأولاد؟,"نعم، يتم تحديد النفقة وفقًا لعدد الأولاد واحتياجاتهم.",Alimony and Maintenance 
886,هل يمكن لأحد الأقارب تقديم النفقة بدلاً من الزوج؟,"نعم، يمكن للأقارب تقديم النفقة في حال عدم قدرة الزوج.",Alimony and Maintenance 
887,هل يمكن للأب دفع النفقة من حسابه الخاص؟,"نعم، يمكنه دفع النفقة عبر حسابه الشخصي.",Alimony and Maintenance 
888,هل يمكن للزوجة طلب نفقة للأطفال بشكل منفصل؟,"نعم، يمكنها طلب ذلك بناءً على احتياجاتهم.",Alimony and Maintenance 
889,هل يمكن للمحكمة تحديد نفقة الزوجة في حالة عدم وجود عقد زواج؟,"لا، لا تحكم المحكمة بنفقة الزوجة باعتبارها زوجة إذا لم يثبت وجود عقد زواج صحيح. ويجوز لها نظر ما يترتب على العلاقة من حقوق أخرى إذا وجد سند نظامي لذلك، أما نفقة الزوجة فتتطلب ثبوت قيام الزوجية وفق أحكام نظام الأحوال الشخصية.",Alimony and Maintenance 
890,هل يحق للزوجة المطالبة بنفقة حتى لو كانت تعمل؟,"نعم، يحق لها حتى لو كانت غنية .",Alimony and Maintenance 
891,ما هو تأثير الدخل الشخصي على النفقة؟,زيادة الدخل يمكن أن تؤدي إلى زيادة النفقة.,Alimony and Maintenance 
892,هل يمكن للأب أن يرفض دفع النفقة؟,"لا، يمكنه رفع دعوى لتعديلها ولكن لا يمكنه رفضها.",Alimony and Maintenance 
893,هل يمكن تعديل النفقة بناءً على تغير المستوى المعيشي؟,"نعم، إذا تغيرت الظروف المالية.",Alimony and Maintenance 
894,هل يمكن للمحكمة تغيير نفقة الأولاد بشكل مؤقت؟,"نعم، في حالات الطوارئ يمكن تعديل النفقة مؤقتًا.",Alimony and Maintenance 
895,هل يجب دفع النفقة في حالة الطلاق الرجعي؟,"نعم، يجب دفع النفقة إذا كانت الزوجة في فترة العدة.",Alimony and Maintenance 
896,هل يتم تحديد نفقة الزوجة بناءً على وضعها المالي؟,"نعم، يتم تحديد النفقة بناءً على احتياجات الزوجة وظروف الزوج.",Alimony and Maintenance 
897,هل يمكن للزوجة طلب النفقة عن طريق الشرطة؟,"لا، يجب رفع دعوى أمام المحكمة.",Alimony and Maintenance 
898,هل يمكن للزوجة الحصول على نفقة إذا كانت تعيش في بلد آخر؟,"نعم، إذا كانت بحاجة إلى النفقة وكانت في حاجة قانونية.",Alimony and Maintenance 
899,هل يمكن للمحكمة تعديل النفقة بعد سنوات من الحكم؟,"نعم، يمكن تعديل النفقة إذا تغيرت الظروف المالية.",Alimony and Maintenance 
900,ما هو الإجراء الذي على الزوجة اتباعه إن كان الزوج لا ينفق عليها؟,يمكن رفع دعوى قضائية للمطالبة بالنفقة.,Alimony and Maintenance 
901,هل يمكن للأم أن تطلب نفقة إضافية للأطفال؟,"نعم، إذا كانت هناك حاجة ماسة.",Alimony and Maintenance 
902,هل يجب على الزوج دفع النفقة في حالة الطلاق إذا كان يعيش في الخارج؟,"نعم، يمكن مطالبة الزوج بدفع النفقة حتى وإن كان خارج البلاد.",Alimony and Maintenance 
903,هل يمكن للأم مطالبة بنفقة للأبناء في حالة الطلاق؟,"نعم، يمكنها طلب النفقة للأبناء.",Alimony and Maintenance 
904,هل يمكن دفع النفقة عبر التحويل البنكي؟,"نعم، يمكن دفع النفقة عبر التحويل البنكي.",Alimony and Maintenance 
905,هل يمكن رفع دعوى نفقة بدون محامي؟,"نعم، يمكن رفع دعوى نفقة دون الحاجة لمحامي.",Alimony and Maintenance 
906,هل يمكن رفع دعوى نفقة قبل الطلاق؟,"نعم، يمكن رفع دعوى نفقة قبل الطلاق في حالة الحاجة.",Alimony and Maintenance 
907,هل يمكن تعديل النفقة بناءً على الحالة الصحية؟,"نعم، يمكن تعديل النفقة إذا كان هناك احتياج صحي.",Alimony and Maintenance 
908,هل يمكن تحديد النفقة بناءً على متطلبات التعليم؟,"نعم، يمكن تحديد النفقة بناءً على احتياجات التعليم.",Alimony and Maintenance 
909,هل يمكن تقليل النفقة إذا كان الطرف الآخر في حالة عسر مالي؟,"نعم، يمكن تقليل النفقة بناءً على عسر الطرف الآخر.",Alimony and Maintenance 
910,هل يمكن رفع دعوى نفقة إذا كانت الزوجة في الخارج؟,"نعم، يمكن رفع دعوى في المحكمة حتى لو كانت الزوجة في الخارج.",Alimony and Maintenance 
911,ما هي شروط النكاح الخمسة؟,"1- تعيين الزوجين، 2- رضا الزوجين، 3- الولي، 4- الشهود، 5- عدم وجود مانع شرعي.",Marriage
912,لماذا يُشترط تعيين الزوجين في عقد النكاح؟,"حتى يكون العقد واضحًا ومحددًا، فلا يجوز العقد على مجهول.",Marriage
913,هل يكفي ذكر اسم العائلة في عقد النكاح لتعيين الزوجين؟,"لا، يجب تحديد الزوجين بالاسم الكامل أو بما يرفع الالتباس.",Marriage
914,هل يشترط رضا الزوجين في صحة عقد النكاح؟,"نعم، لا يصح إجبار أحد على الزواج، والرضا شرط أساسي.",Marriage
915,ما حكم النكاح إذا تم بالإكراه؟,النكاح بالإكراه باطل.,Judicial Dissolution
916,هل يعتبر سكوت البكر عند سؤالها عن الزواج رضا منها؟,"نعم، إذا لم تعترض، يُعد سكوتها رضاً شرعًا.",Marriage
917,ما ذا يترتب على الزواج الباطل بعد الدخول؟,"يترتب عليه ثلاثة أمور: أ. وجوب العدة، ب. حرمة المصاهرة، ج. استحقاق المرأة مهر المثل ما لم يسم مهرا، إن كانت لا تعلم حكم العقد.",Marriage
918,من هو الولي في النكاح؟,"الولي في النكاح هو الرجل المسؤول عن تزويج المرأة من عصباتها، وترتيبه: الأب، ثم الجد وإن علا، ثم الأخ الشقيق فالأبَوِي، ثم ابن الأخ، ثم العم، ثم القاضي إذا لم يوجد ولي.",Marriage
919,هل يجوز للمرأة أن تزوج نفسها دون ولي؟,"لا يجوز للمرأة اختيار ولي آخر بنفسها، لكن إذا رفض وليها الشرعي (كالأب) تزويجها من كفء بغير سبب شرعي، ينتقل حق التزويج إلى القاضي.",Marriage
920,ما الحكمة من اشتراط الولي في النكاح؟," الحكمة من اشتراط الولي هي حماية المرأة من استغلالها أو التسرع، وضمان اختيار زوج كفء يحفظ حقوقها ومصلحتها، ولإقرار النظام الأسري، فهو يُعين المرأة على اتخاذ القرار الصائب ويحميها من الضرر..",Marriage
921,هل يجوز للمرأة أن تختار وليها إذا رفض وليها الشرعي تزويجها؟,"إذا رفض وليها تزويجها بغير سبب شرعي، يُنتقل الحق إلى القاضي الشرعي.",Marriage
922,هل يشترط الشهود في عقد النكاح؟,"نعم، يشترط وجود شاهدين.",Marriage
923,ما الحكمة من اشتراط الشهود في عقد النكاح؟," الحكمة من اشتراط الشهود هي إثبات الزواج رسميًا، ومنع الإنكار أو النزاع فيه مستقبلًا، وضمان الإشهار والشفافية",Marriage
924,هل يمكن عقد النكاح بدون شهود ثم إعلانه بعد ذلك؟,"لا يصح عقد النكاح بدون شهود ثم إعلانه بعد ذلك، لأن حضور الشهود شرط لصحة العقد لحظة الإيجاب والقبول.",Marriage
925,ما هي الموانع الشرعية التي تمنع صحة النكاح؟,"الموانع الشرعية التي تمنع صحة النكاح تشمل: اولاً، المحرمات بالنسب: كالأم والبنت والأخت، ثانياً، المحرمات بالمصاهرة: كأم الزوجة وزوجة الأب، ثالثاً، المحرمات بالرضاع: كالأم والأخت من الرضاع. رابعا، اختلاف الدين: كزواج المسلمة من غير مسلم. خامساً، العدة: زواج المرأة قبل انتهاء عدتها. سادساً، الإحرام: الزواج أثناء الإحرام بالحج أو العمرة. سابعاً، الجمع بين المحرمات: كالأختين معًا. وفي نظام الأحوال الشخصية (المادة 10)، تُحظر الزيجات المخالفة لهذه الموانع. هذه الموانع تُبطل العقد لحفظ الأنساب والأخلاق..",Alimony and Maintenance 
926,هل يجوز للمرأة أن تتزوج أثناء عدتها؟,"لا يجوز للمرأة الزواج أثناء عدتها، سواء كانت عدة طلاق (ثلاث حيضات أو ثلاثة أشهر أو الوضع) أو وفاة (أربعة أشهر وعشرة أيام)، لأنها محرمة على غير زوجها حتى تنتهي العدة، وفق نظام الأحوال الشخصية (المادة 10)..",Divorce
927,ما حكم زواج المسلمة من غير المسلم؟,"لا يجوز زواج المسلمة من غير مسلم (كمسيحي أو يهودي أو ملحد) مطلقًا، لأن الإسلام يشترط أن يكون الزوج مسلمًا، وفق قوله تعالى: ""وَلَا تُنكِحُوا الْمُشْرِكِينَ حَتَّىٰ يُؤْمِنُوا"" (البقرة: 221). وفي نظام الأحوال الشخصية  يُعتبر هذا الزواج باطلاً..",Marriage
928,ما حكم الزواج المؤقت أو المحدد بمدة؟,"الزواج المؤقت (نكاح المتعة) محرم عند جمهور العلماء، لأنه زواج باطل لتحديده بمدة، وخالف حديث: ""أحلت لكم المتعة ثم حرمتها"" (رواه مسلم). وفي نظام الأحوال الشخصية (المادة 9)، يُشترط أن يكون النكاح دائمًا.",Marriage
929,هل يجوز توثيق عقد الزواج لمن هو دون الثامنة عشرة؟,"يمنع توثيق عقد الزواج لمن هو دون ثمانية عشر عاماً، وللمحكمة أن تأذن بزواج من هو دون ذلك ذكراً كان أو أنثى إذا كان بالغاً بعد التحقق من مصلحته في هذا الزواج.",Marriage
930,ما ترتيب الأولياء في النكاح؟,"ترتيب الأولياء في النكاح حسب القرابة: الأب ثم وصيه. ثانياً، الجد (أبو الأب) وإن علا ثم الابن وابنه وإن نزل، ثم الأخ الشقيق، ثم الأخ لأب، ثم ابن الأخ الشقيق ثم ابن الأخ لأب وإن نزلا، ثم العم الشقيق، ثم العم لأب ثم بنوهما وإن نزلوا ثم ثم أقرب عصبة على ترتيب
الإرث، ثم القاض.",Marriage
931,هل يجوز تزويج المرأة نفسها إذا كان وليها غائبًا؟," لا يجوز للمرأة تزويج نفسها إذا كان وليها غائبًا، لأن الولي شرط لصحة النكاح، لكن يجوز للقاضي أن يزوجها إذا لم يكن لها ولي حاضر أو كان غائبًا وتعذر الاتصال به.",Marriage
932,ما الفرق بين الولي المجبر والولي غير المجبر؟,"الولي المجبر هو الأب والجد، ولهما حق تزويج البكر الصغيرة أو الكبيرة غير الرشيدة بدون إذنها إذا كان في ذلك مصلحة، أما البالغة الرشيدة فلا تُجبر. والولي غير المجبر (كالأخ والعم) لا يملك الإجبار ويحتاج إلى رضاها..",Marriage
933,هل يجوز للولي أن يمنع المرأة من الزواج إذا كان الخاطب كفؤًا؟,"لا يجوز للولي منع المرأة من الزواج إذا كان الخاطب كفؤًا (في الدين والخلق) وطلبت الزواج منه، وإذا منعها بغير سبب شرعي ينتقل حق التزويج إلى القاضي،  المنع بغير حق يُسقط ولاية الولي ويُحيل الأمر إلى القاضي..",Marriage
934,ما حكم زواج المرأة من غير كفء في النسب بإذن وليها؟,"يجوز زواج المرأة من غير كفء في النسب إذا وافق وليها ورضيت به، لأن الكفاءة ليست شرطًا للصحة لكن الأولى اختيار الكفء للمصلحة. الزواج صحيح إذا استوفى الشروط، لكن الكفاءة تُراعى للاستقرار.",Marriage
935,هل يعتبر القاضي وليًا للمرأة عند عدم وجود ولي لها؟,"نعم، القاضي يكون وليًا للمرأة التي ليس لها ولي شرعي.",Marriage
936,هل يمكن للأب أن يزوج ابنته بغير رضاها؟,"لا يجوز للأب إجبار ابنته البالغة الرشيدة على الزواج بغير رضاها، وفق حديث: 'لا تُزَوَّجُ الأيم حتى تُستأمر' (رواه البخاري)، ونظام الأحوال الشخصية (المادة 17/2). لكن يجوز له تزويج الصغيرة غير البالغة إذا كان فيه مصلحة لها..",Marriage
937,هل يجوز للأخ تزويج أخته مع وجود الأب؟," لا يجوز للأخ تزويج أخته إذا كان الأب موجودًا وقادرًا على الولاية، لأن الأب أحق بالولاية من الأخ، وفق ترتيب الأولياء .",Marriage
938,من هن المحرمات بالنسب؟,"المحرمات بالنسب هن: الأم وإن علت، والبنت وإن نزلت، والأخت (شقيقة أو لأب أو لأم)، والعمة (شقيقة أو لأب)، والخالة (شقيقة أو لأم)، وابنة الأخ، وابنة الأخت، وفق قوله تعالى: 'حُرِّمَتْ عَلَيْكُمْ أُمَّهَاتُكُمْ وَبَنَاتُكُمْ...' (النساء: 23)..",Marriage
939,ما سبب تحريم الزواج بالمحرمات بالنسب؟,"سبب تحريم الزواج بالمحرمات بالنسب هو الحفاظ على الروابط الأسرية، ومنع الفساد الأخلاقي والاجتماعي، وضمان استقرار النظام العائلي، وفق قوله تعالى: 'حُرِّمَتْ عَلَيْكُمْ أُمَّهَاتُكُمْ...' (النساء: 23)..",Marriage
940,ما هي المحرمات بالمصاهرة؟,"أم الزوجة، وبنت الزوجة المدخول بها، وزوجة الأب، وزوجة الابن.",Marriage
941,ما حكم الزواج بامرأة أرضعتني أمها؟,"يحرم الزواج بامرأة رضعت بأمك إذا كان الرضاع في السنتين الأوليين وبلغ خمس رضعات مشبعات، لأنها أصبحت أختًا من الرضاع، وفق قوله تعالى: 'وَأُمَّهَاتُكُمُ اللَّاتِي أَرْضَعْنَكُمْ وَأَخَوَاتُكُم مِّنَ الرَّضَاعَةِ' (النساء: 23). الرضاع يُحرم كالنسب..",Alimony and Maintenance 
942,هل تحرم بنت الزوجة إذا لم يدخل الزوج بأمها؟,"لا تحرم بنت الزوجة إذا لم يدخل الزوج بأمها، لأن التحريم يشترط الدخول الفعلي بأمها، وفق قوله تعالى: 'وَرَبَائِبُكُمُ اللَّاتِي فِي حُجُورِكُمْ مِن نِّسَائِكُمُ اللَّاتِي دَخَلْتُم بِهِنَّ' (النساء: 23)..",Marriage
943,ما حكم الزواج بامرأة كانت متزوجة بوالد الزوج؟,"يحرم الزواج بامرأة كانت متزوجة بوالد الزوج (زوجة الأب)، سواء دُخل بها أم لا، وفق قوله تعالى: 'وَلَا تَنكِحُوا مَا نَكَحَ آبَاؤُكُم مِّنَ النِّسَاءِ' (النساء: 22). وفي نظام الأحوال الشخصية (المادة 10/1/ب)، تُعتبر محرمة. فهي من المحرمات بالمصاهرة..",Marriage
944,هل يجوز الزواج من الأخت بالرضاعة؟,"لا يجوز الزواج من الأخت بالرضاعة إذا ثبت الرضاع بخمس رضعات مشبعات في السنتين الأوليين، لأنها أخت شرعًا، وفق قوله تعالى: ""وَأَخَوَاتُكُم مِّنَ الرَّضَاعَةِ"" (النساء: 23). وفي نظام الأحوال الشخصية (المادة 10/1/ج)، تُعتبر محرمة.",Alimony and Maintenance 
945,هل يجوز الجمع بين المرأة وخالتها في الزواج؟,لا يجوز الجمع بين المرأة وخالتها أو عمتها.,Marriage
946,ما حكم الزواج بالمرأة أثناء عدتها؟,"الزواج بالمرأة أثناء عدتها (طلاق أو وفاة) باطل شرعًا وقانونًا، ولا يجوز عقد النكاح إلا بعد انتهاء العدة. الزواج في العدة محرم ويُفرق بين الزوجين للتأكد من براءة الرحم..",Marriage
947,ما أنواع الشروط في عقد النكاح؟,"الشروط في عقد النكاح نوعان: أولاً، شروط صحيحة: تُلزم الوفاء بها إذا وافق عليها الطرفان ولم تُخالف الشرع (كعدم الزواج بأخرى). ثانياً، شروط باطلة: لا تُعتد بها وتُلغى (كتحديد مدة الزواج). وفي نظام الأحوال الشخصية (المادة 22)، تُقبل الشروط غير المخالفة للشرع.",Marriage
948,ما مثال على شرط صحيح في النكاح؟,"مثال على شرط صحيح: اشتراط الزوجة ألا يتزوج زوجها بغيرها، أو أن يسكنها في بلد معين، وهو ملزم إذا وافق الزوج، وفق نظام الأحوال الشخصية (المادة 22). تكون الشروط المفيدة للزوجة دون تحريم حلال صحيحة..",Marriage
949,ما حكم اشتراط المرأة أن لا يتزوج عليها زوجها؟,"اشتراط المرأة ألا يتزوج زوجها عليها شرط صحيح وملزم إذا وافقه الزوج، وفق نظام الأحوال الشخصية (المادة 22)، لكنه لا يمنع الزواج شرعًا، بل يُعطيها حق طلب التفريق إذا خالفه. .",Marriage
950,ما مثال على شرط باطل في عقد النكاح؟,"مثال على شرط باطل: اشتراط ألا ترث الزوجة زوجها، أو أن يكون الزواج مؤقتًا (كالمتعة)، لأنه يُخالف الشرع، ويُلغى الشرط دون العقد. فالشروط المحرمة باطلة.",Marriage
951,ما حكم الزواج من امرأة مسيحية؟,"نعم، يجوز للمسلم الزواج من امرأة مسيحية إذا كانت كتابية (أي تؤمن بالديانة المسيحية كما أُنزلت على عيسى عليه السلام قبل التحريف)، كما قال تعالى: ""وَالْمُحْصَنَاتُ مِنَ الَّذِينَ أُوتُوا الْكِتَابَ مِن قَبْلِكُمْ"" (المائدة: 5). الزواج من الكتابية جائز بشرط أن تكون عفيفة، ولا يشترط إسلامها. وفي نظام الأحوال الشخصية (المادة 16)، يُشترط أن يكون الزواج موثقًا وفق الضوابط الشرعية.",Marriage
952,ما حكم الزواج من امرأة يهودية؟,"نعم، يجوز للمسلم الزواج من امرأة يهودية إذا كانت كتابية (تؤمن بالديانة اليهودية كما أُنزلت على موسى عليه السلام قبل التحريف)، استنادًا إلى الآية: ""وَالْمُحْصَنَاتُ مِنَ الَّذِينَ أُوتُوا الْكِتَابَ"". فيجوز ذلك بشرط العفة، ولا يُشترط إسلامها. وفي نظام الأحوال الشخصية (المادة 16)، يُلزم توثيق الزواج شرعًا.",Marriage
953,هل يجوز الزواج من امرأة غير مسلمة إذا كانت لا تؤمن بأي دين؟,"لا يجوز للمسلم الزواج من امرأة لا تؤمن بأي دين (كالملحدة أو الوثنية)، لأن الزواج لا يصح شرعًا ويكون باطل إلا من مسلمة أو كتابية (يهودية أو مسيحية)، وفق قوله تعالى: ""وَلَا تَنكِحُوا الْمُشْرِكَاتِ حَتَّىٰ يُؤْمِنَّ"" (البقرة: 221)، والآية لا تُجيز إلا الكتابيات من أهل الكتاب.",Marriage
954,متى يحل الزواج من امرأة متزوجة سابقاً؟,"يجوز الزواج من امرأة كانت متزوجة سابقًا (مطلقة أو أرملة)، بشرط انتهاء عدتها من زوجها السابق، وهي ثلاث حيضات إذا كانت مطلقة وتحيض، أو ثلاثة أشهر إذا كانت آيسة، أو حتى الوضع إذا كانت حاملًا، أو أربعة أشهر وعشرة أيام إذا كانت أرملة، وفق نظام الأحوال الشخصية.",Marriage
955,هل يصح للمرأة أن تشترط على زوجها ألا يتزوج عليها؟,"نعم، يجوز للمرأة أن ترفض الزواج الذي يختاره وليها إذا لم تكن راضية بالزوج أو لم يكن كفؤًا (في الدين والخلق)، لأن رضاها شرط في صحة العقد، وفق حديث: ""لا تُزَوَّجُ الأيم حتى تُستأمر و البكر حتى تستأذن"" (رواه البخاري). وفي نظام الأحوال الشخصية، لا يجوز إجبارها على الزواج.",Marriage
956,ما هي مدة العدّة؟,"العدة هي المدة التي تتربص فيها المرأة بعد انتهاء زواجها (بالطلاق أو الخلع أو الوفاة) قبل أن تتزوج آخر، وتختلف حسب الحالة: فتكون بثلاث حيضات للمطلقة أو المختلعة إذا كانت تحيض، وثلاثة أشهر إذا كانت آيسة أو لا تحيض، حتى الوضع إذا كانت حاملًا، وأربعة أشهر وعشرة أيام إذا توفي زوجها، وهذا وفق نظام الأحوال الشخصية (المادة 135/1)، فإن العدة واجبة للتأكد من براءة الرحم..",Divorce
957,ما حكم من تزوج بامرأة أثناء عدتها؟,"الزواج من امرأة أثناء عدتها باطل شرعًا وقانونًا، لأنها محرمة على غير زوجها حتى تنتهي العدة، سواء كانت عدة طلاق أو وفاة، وفق نظام الأحوال الشخصية (المادة 10) التي تمنع الزواج في حالة الموانع الشرعية..",Divorce
958,هل يمكن أن يتم الزواج بدون مهر؟,"نعم، يصح الزواج بدون تسمية مهر في العقد، ويثبت للزوجة مهر المثل عند الدخول أو الوفاة، وفق نظام الأحوال الشخصية (المادة 18). لكن المهر حق للزوجة، ويُستحب تسميته لتفادي النزاع..",Marriage
959,ما حكم رفض الزوجة لمهرها؟,"المهر حق للزوجة شرعا، لكن يجوز لها التنازل عنه أو جزء منه برضاها بعد العقد دون إكراه، فالمهر حق لها، ولهَا التصرف فيه بالتنازل إذا شاءت بعد قبضه أو تعيينه.",Marriage
960,هل يجوز للرجل أن يزوج نفسه؟,"نعم، يجوز للرجل أن يُبرم عقد زواجه بنفسه إذا كان بالغًا عاقلًا ولا موانع شرعية (كالمحرمية أو العدة)، لأنه لا يحتاج إلى ولي كالمرأة، وفق نظام الأحوال الشخصية (المادة 13). فالرجل يملك ولاية نفسه في الزواج إذا استوفى الشروط..",Marriage
961,ما حكم الزواج في السر؟,"لا يجوز الزواج دون إعلان في أي مدة، لأن الإعلان عن الزواج شرط لصحة عقد الزواج. يتم الإعلان عبر الشهود والتوثيق، وفق نظام الأحوال الشخصية (المادة 13)، التي تلزم بإشهار عقد الزواج. الزواج السري يُعتبر باطلًا إذا لم يُشهد عليه..",Marriage
962,ما المقصود بعشرة النساء؟,"عشرة النساء تعني المعاشرة بين الزوجين في الحياة الزوجية أي أنها العلاقة الزوجية بما فيها من مودة ورحمة، وتشمل الحقوق (كالنفقة والمعاشرة) والواجبات (كالطاعة في المعروف والاحترام)، وفق قوله تعالى: 'وَعَاشِرُوهُنَّ بِالْمَعْرُوفِ' (النساء: 19)..",Marriage
963,ما حكم حسن العشرة بين الزوجين؟,"حسن العشرة بين الزوجين واجب شرعًا على كل منهما، وفق قوله تعالى: 'وَعَاشِرُوهُنَّ بِالْمَعْرُوفِ' (النساء: 19)، وقوله: 'وَلَهُنَّ مِثْلُ الَّذِي عَلَيْهِنَّ بِالْمَعْرُوفِ' (البقرة: 228). وفي نظام الأحوال الشخصية (المادة 23)، يُلزم الزوجان بالمعاشرة بالمعروف'.",Marriage
964,ما المقصود بالمعروف في العشرة الزوجية؟,"المعروف في العشرة الزوجية هو ما تعارف عليه الناس من حسن المعاملة، كالاحترام المتبادل، والتقدير، واللين، وعدم الإيذاء بالقول أو الفعل، وفق قوله تعالى: 'وَعَاشِرُوهُنَّ بِالْمَعْرُوفِ' (النساء: 19). ويشمل كل ما يحقق الاستقرار والمودة حسب العرف الشرعي.",Marriage
965,هل يجب على الزوج النفقة على زوجته؟,"نعم، يجب على الزوج النفقة على زوجته بالمعروف (طعامًا وشرابًا وكسوة وسكنًا)، وفق قوله تعالى: 'لِيُنفِقْ ذُو سَعَةٍ مِّن سَعَتِهِ' (الطلاق: 7)، ونظام الأحوال الشخصية (المادة 23).",Alimony and Maintenance 
966,هل يحق للزوجة طلب الطلاق إذا أساء الزوج عشرتها؟,"نعم، يحق للزوجة طلب الطلاق أو التفريق إذا أساء الزوج عشرتها (كالعنف أو الإهانة) وكان الضرر شديدًا ومستمرًا ولم تُصلح الأمور بالنصح أو التحكيم.",Divorce
967,هل يحق للزوجة أن تشترط عدم الزواج عليها؟,"نعم، يحق للزوجة أن تشترط في عقد الزواج عدم الزواج عليها بأخرى، وهو شرط صحيح وملزم إذا وافق الزوج عليه صراحةً، وفق نظام الأحوال الشخصية (المادة 22) التي تجيز الشروط في العقد ما لم تُخالف الشرع. فهذا الشرط جائز ويجب الوفاء به لأنه لا يُحرم حلالًا ولا يُحلل حرامًا، فإذا خالفه الزوج جاز لها طلب التفريق للضرر..",Marriage
968,ما المقصود بالقسم بين الزوجات؟,"القسم بين الزوجات هو العدل الواجب على الزوج في حال التعدد، ويشمل توزيع الوقت في المبيت بينهن بالتساوي، وتوفير النفقة والسكنى بحسب حاجة كل زوجة وقدرته المالية، بناءً على قوله تعالى: ""فَانكِحُوا مَا طَابَ لَكُم مِّنَ النِّسَاءِ... فَإِنْ خِفْتُمْ أَلَّا تَعْدِلُوا فَوَاحِدَةً"" (النساء: 3). فالقسم من شروط التعدد..",Alimony and Maintenance 
969,هل يجوز للزوج أن يمنع زوجته من الإنفاق من مالها الخاص؟,"لا يجوز للزوج منع زوجته من الإنفاق من مالها الخاص، لأن المال ملكيتها الشخصية ولها الحق في التصرف فيه شرعًا وقانونًا،  التي تؤكد استقلال المرأة المالي. لكن يُستحسن التشاور بينهما في الأمور المالية للحفاظ على الود الزوجي. فللمرأة حق التصرف في مالها دون ولاية الزوج ما لم يكن هناك ضرر على الأسرة..",Alimony and Maintenance 
970,ما معنى القسم بين الزوجات؟,"القسم بين الزوجات يعني العدل الواجب على الزوج في توزيع الوقت للمبيت بين زوجاته بالتساوي، والإنفاق عليهن حسب حاجتهن وقدرته، والمعاملة بالمعروف دون تمييز ظالم، استنادًا إلى قوله تعالى: ""وَلَن تَسْتَطِيعُوا أَن تَعْدِلُوا بَيْنَ النِّسَاءِ وَلَوْ حَرَصْتُمْ"" (النساء: 129) في الميل القلبي، لكن العدل في الظاهر واجب..",Alimony and Maintenance 
971,هل يجب العدل بين الزوجات في المحبة القلبية؟,"لا يجب العدل بين الزوجات في المحبة القلبية، لأنها أمر خارج عن إرادة الإنسان، كما في قوله تعالى: ""وَلَن تَسْتَطِيعُوا أَن تَعْدِلُوا بَيْنَ النِّسَاءِ"" (النساء: 129)، لكن يجب العدل في الأمور الظاهرة كالمبيت والنفقة والمعاملة، وفق نظام الأحوال الشخصية (المادة 27). كما أن الميل القلبي لا يُؤاخذ به إذا لم يؤثر على العدل الواجب.",Marriage
972,هل يجوز للزوج أن يبيت عند إحدى زوجاته أكثر من الأخرى؟,"لا يجوز للزوج أن يبيت عند إحدى زوجاته أكثر من الأخرى دون رضا الزوجة الأخرى، لأن العدل في المبيت واجب شرعًا، وإلا كان ظلمًا محرمًا، وفق نظام الأحوال الشخصية (المادة 27). لكن إذا رضيت الزوجة الأخرى بتنازل عن حقها في المبيت، جاز ذلك. كما أن القسم في المبيت واجب، وتركه بغير رضا ظلم يُحاسب عليه..",Marriage
973,ما حكم تفضيل زوجة على أخرى في الإنفاق؟,"لا يجوز تفضيل زوجة على أخرى في الإنفاق بقصد الظلم أو التمييز، بل يجب العدل بينهن في النفقة بحسب حاجة كل واحدة (كعدد الأولاد أو الظروف) وقدرة الزوج المالية، وفق نظام الأحوال الشخصية (المادة 27). كما أن النفقة تُقسم بالعدل، وتفضيل إحداهن بغير مسوغ ظلم محرم.",Alimony and Maintenance 
974,هل يجوز للزوجة التنازل عن ليلتها لأخرى؟,"نعم، يجوز للزوجة التنازل عن ليلتها في القسم لزوجة أخرى باختيارها ورضاها دون إكراه، ويصبح ذلك جائزًا للزوج حينها، وفق نظام الأحوال الشخصية (المادة 27) التي تُركز على العدل مع مراعاة رضا الزوجات. فإن للزوجة التنازل عن حقها في المبيت إذا رضيت، ولا يجوز للزوج إجبارها على ذلك..",Marriage
975,هل يجوز للزوجة طلب الطلاق إذا شعرت بالظلم في القسم؟,"نعم، يجوز للزوجة طلب الطلاق أو التفريق إذا شعرت بالظلم في القسم (كتفضيل زوجة أخرى في المبيت أو النفقة) وكان الظلم واضحًا ومستمرًا دون إصلاح من الزوج، لأنه ضرر يُبرر التفريق. كما أن الظلم في القسم قد يُوجب التفريق إذا استحكم الشقاق ولم يُمكن الإصلاح..",Divorce
976,ما الفرق بين العدل في القسم والعدل في المحبة؟,"العدل في القسم واجب شرعًا في الأمور الظاهرة كالمبيت والنفقة والمعاملة بين الزوجات، بينما العدل في المحبة القلبية غير واجب ولا مُطالب به لأنه خارج عن إرادة الإنسان، كما في قوله تعالى: ""وَلَن تَسْتَطِيعُوا أَن تَعْدِلُوا بَيْنَ النِّسَاءِ"" (النساء: 129). القسم ملزم في الظاهر دون القلب.",Marriage
977,هل يجوز التفاوت في النفقة بين الزوجات؟,"نعم، يجوز التفاوت في النفقة بين الزوجات إذا كان بسبب اختلاف حاجاتهن (كوجود أولاد لإحداهن أو مرض)، وليس بقصد التفضيل الظالم، ويُراعى قدرة الزوج المالية، وفق نظام الأحوال الشخصية (المادة 27). فإن النفقة تُقسم بحسب الحاجة لا بالمساواة الحرفية، لكن التفضيل بلا مبرر ظلم..",Alimony and Maintenance 
978,ما الفرق بين القسم في المبيت والقسم في النفقة؟,"القسم في المبيت يجب أن يكون متساويًا بين الزوجات في عدد الليالي دون تمييز إلا برضاهن، بينما القسم في النفقة يكون بحسب حاجة كل زوجة (كعدد الأولاد أو الظروف) وقدرة الزوج. أي أن المبيت يُقسم بالتساوي، والنفقة بالعدل حسب الحاجة..",Alimony and Maintenance 
979,هل يجوز للزوج تخصيص وقت إضافي لإحدى زوجاته بسبب ظروف خاصة؟,"نعم، يجوز للزوج تخصيص وقت إضافي لإحدى زوجاته إذا كانت هناك ظروف ضرورية (كمرض أو ولادة أو سفر)، بشرط أن يعوض الزوجات الأخريات لاحقًا أو يحصل على رضاهن. كما أن العذر الشرعي يُبيح التفاوت في القسم مع التعويض أو الرضا..",Marriage
980,ما معنى النشوز في الإسلام؟,"النشوز في الإسلام هو امتناع أحد الزوجين عن أداء الحقوق الزوجية الواجبة شرعًا، سواء من الزوجة (كرفض الطاعة في المعروف) أو من الزوج (كإهمال النفقة أو سوء المعاملة)، وهو مأخوذ من قوله تعالى: ""وَاللَّاتِي تَخَافُونَ نُشُوزَهُنَّ"" (النساء: 34)..",Marriage
981,ما أنواع النشوز؟,النشوز نوعان ولكل منها حكمه وعلاجه. اولاً هو نشوز الزوجة: امتناعها عن طاعة زوجها في المعروف (كالمبيت أو المعاشرة) دون عذر شرعي. ثانياً نشوز الزوج: إهماله حقوق زوجته (كالنفقة أو السكنى) أو سوء معاملته لها.,Marriage
982,كيف يجب التعامل مع الزوجة الناشز؟,"يُعامل الزوج الزوجة الناشز بثلاث مراحل وفق قوله تعالى: ""وَاللَّاتِي تَخَافُونَ نُشُوزَهُنَّ فَعِظُوهُنَّ وَاهْجُرُوهُنَّ فِي الْمَضَاجِعِ وَاضْرِبُوهُنَّ"" (النساء: 34)، اولاً الموعظة بالحكمة والنصح. ثانياً الهجر في المضجع (كتجنب الكلام أو النوم معها). ثالثاً الضرب غير المبرح (بحدود خفيفة كالمسواك) إذا استمر النشوز ولم يُجدِ الحلان السابقان. هذه المراحل تُتبع تدريجيًا، ويُفضل اللجوء إلى القضاء إذا فشلت.",Marriage
983,هل يمكن للزوجة أن ترفع قضية نشوز ضد زوجها؟,"نعم، يمكن للزوجة رفع قضية نشوز ضد زوجها إذا أساء معاملتها أو أهمل حقوقها (كالنفقة أو السكنى)، وذلك برفع دعوى إلى المحكمة لإلزامه بحقوقها أو التفريق. نشوز الزوج يُرفع إلى الحاكم لإنصاف الزوجة.",Marriage
984,هل يجوز للزوجة طلب الطلاق بسبب نشوز الزوج؟,"نعم، يجوز للزوجة طلب الطلاق أو التفريق إذا كان الزوج ناشزًا بإساءة معاملتها أو إهمال حقوقها الشرعية (كالنفقة أو المعاشرة)، لأنه ضرر يُبرر التفريق، نشوز الزوج إذا استمر وسبب شقاقًا جاز للحاكم التفريق.",Marriage
985,ما الفرق بين النشوز والهجر؟,"النشوز هو الامتناع عن أداء الحقوق الزوجية من أي من الطرفين، بينما الهجر هو أسلوب تأديبي يستخدمه الزوج مع الزوجة الناشز بترك معاشرتها في المضجع كمرحلة علاجية، وفق قوله تعالى: ""وَاهْجُرُوهُنَّ فِي الْمَضَاجِعِ"" (النساء: 34). النشوز سبب والهجر علاج.",Marriage
986,هل يعتبر امتناع الزوج عن النفقة نشوزًا؟,"نعم، يُعتبر امتناع الزوج عن النفقة نشوزًا إذا كان قادرًا ماليًا وامتنع دون سبب شرعي، لأن النفقة حق واجب على الزوج، وفق نظام الأحوال الشخصية.",Alimony and Maintenance 
987,هل يجوز للزوجة رفض طلب زوجها للمعاشرة الزوجية؟,"لا يجوز للزوجة رفض طلب زوجها للمعاشرة الزوجية دون عذر شرعي (كالحيض أو المرض أو الضرر)، وإلا تُعتبر ناشزًا وتسقط نفقتها، فأن رفض المعاشرة بغير عذر نشوز، كما ذكر في حديث: ""إذا دعا الرجل امرأته إلى فراشه فأبت فبات غضبان عليها لعنتها الملائكة"" (رواه البخاري).",Marriage
988,هل يجوز للزوجة مغادرة بيت الزوجية دون إذن زوجها؟,"لا يجوز للزوجة مغادرة بيت الزوجية دون إذن زوجها إلا لعذر شرعي (كالخوف من ضرر أو زيارة محارمها بعلمه)، وإلا تُعتبر ناشزًا وتفقد حقها في النفقة، فإن الخروج بغير إذن نشوز إلا إذا كان لعذر كالضرورة أو رفع الظلم.",Marriage
989,هل يجوز للزوج الامتناع عن النفقة بسبب نشوز زوجته؟,"نعم، يجوز للزوج الامتناع عن النفقة إذا نشزت الزوجة (كرفضها الطاعة أو مغادرتها البيت بغير حق)، لأن النفقة واجبة مقابل الطاعة في المعروف. الناشز تُحرم النفقة ما لم تعُد إلى الطاعة أو تثبت عذرًا شرعيًا.",Alimony and Maintenance 
990,هل يحق للزوجة فرض شروط معينة للعودة بعد النشوز؟,"نعم، يجوز للزوجة الاشتراط عند العودة من النشوز ما دام الشرط مشروعًا ويهدف إلى تحسين العلاقة الزوجية، ويجب على الزوج الوفاء به إذا قَبِلَه، التي تنص على جواز الصلح بين الزوجين واشتراط ما يحقق المصلحة بينهما.",Marriage
991,ما الحكم إذا كان النشوز من الزوج؟,"إذا كان النشوز من الزوج (كسوء المعاملة أو الامتناع عن النفقة أو الهجر دون سبب شرعي)، فعلى الزوجة أن تنصحه أولًا وتحاول إصلاحه بالمعروف، فإن استمر في ظلمه وجب عليها اللجوء إلى القضاء لرفع الضرر عنها، يمكنها طلب التفريق للضرر أو إلزامه بالنفقة، ويذكر ""كشاف القناع"" أن نشوز الزوج إذا أدى إلى الشقاق والضرر يُرفع إلى الحاكم للنظر في التفريق أو الإصلاح.",Marriage
992,هل يمكن للزوجة إجبار زوجها على الإنفاق إذا كان ناشزًا؟,"نعم، يمكن للزوجة إجبار زوجها الناشز (الذي يمتنع عن الإنفاق أو يهمل حقوقها) على الإنفاق برفع دعوى إلى المحكمة، حيث يُلزم القاضي الزوج بالنفقة الواجبة شرعًا وقانونًا إذا ثبت تقصيره. فإن النفقة حق واجب على الزوج، فإن امتنع ناشزًا جاز للقاضي إلزامه أو التفريق إذا استمر الضرر.",Alimony and Maintenance 
993,هل يمكن للمحكمة فرض عقوبات على الزوج الناشز؟,"نعم، يمكن للمحكمة فرض عقوبات على الزوج الناشز إذا ثبت أنه يضر زوجته أو يهمل حقوقها الشرعية (كالنفقة أو المعاشرة بالمعروف)، كإلزامه بالنفقة أو الحبس التنفيذي إذا امتنع عن الامتثال.",Marriage
994,هل يجوز للزوجة اشتراط عدم الزواج عليها بأخرى لتجنب النشوز؟,"نعم، يجوز للزوجة اشتراط عدم الزواج عليها بأخرى في عقد الزواج لتجنب النشوز أو الضرر، فإذا وافق الزوج صراحةً أصبح ملزمًا بهذا الشرط قانونًا وشرعًا، وفق نظام الأحوال الشخصية التي تجيز الشروط في العقد ما لم تُخالف الشرع.",Marriage
995,هل يمكن للزوجة طلب المساعدة القانونية في حالات النشوز؟," نعم، يمكن للزوجة طلب المساعدة القانونية في حالات نشوز الزوج إذا تعرضت للضرر أو الظلم (كعدم الإنفاق أو سوء المعاملة)، برفع دعوى إلى المحكمة للمطالبة بحقوقها أو التفريق. كما يمكنها طلب مساعدة من الجهات الحكومية أو المحامين.",Marriage
996,هل يجوز للزوجة مغادرة المنزل بسبب سوء معاملة زوجها؟,"نعم، يجوز للزوجة مغادرة المنزل إذا كانت تتعرض لسوء معاملة من زوجها تُسبب ضررًا واضحًا (كالعنف أو الإهانة الشديدة)، بشرط أن تلجأ إلى القضاء لإثبات ذلك وحماية حقوقها. فالزوجة إذا خافت على نفسها من ضرر الزوج جاز لها الخروج، ولا تُعد ناشزًا إذا كان لها عذر شرعي كالخوف.",Marriage
997,ما الفرق بين النشوز وسوء العشرة؟,"النشوز هو الامتناع الكلي أو الجزئي عن أداء الحقوق الشرعية، كامتناع الزوجة عن طاعة زوجها بغير حق، أو امتناع الزوج عن النفقة أو المعاشرة بالمعروف. أما سوء العشرة فهو التصرفات المسيئة (كالإهانة أو الغلظة) دون أن يصل إلى الامتناع الصريح عن الحقوق، لكنه قد يؤدي إلى النشوز إذا تفاقم. وكلاهما قد يؤدي إلى الشقاق ويُبرر التفريق إذا ثبت الضرر. وذلك وفق نظام الأحوال الشخصية.",Marriage
998,هل يمكن للقاضي إجبار الزوجة على العودة بعد النشوز؟,"نعم، يمكن للقاضي إجبار الزوجة على العودة إلى بيت الزوجية إذا ثبت أنها ناشز بتركها البيت دون سبب شرعي (كالضرر أو عدم الإنفاق)، وذلك بعد التحقيق  لكن إذا أثبتت سببًا مشروعًا كسوء المعاملة، فلا تُجبر.",Marriage
999,ما الإجراءات القانونية المتاحة للزوجة ضد الزوج الناشز؟,"الإجراءات القانونية المتاحة للزوجة ضد الزوج الناشز تشمل: اولاً، رفع دعوى لإلزامه بالنفقة إذا امتنع عنها  ثانيا، طلب التفريق للضرر إذا استمر نشوزه (كالعنف أو الهجر)  ثالثاً، المطالبة بالحضانة أو السكنى إذا كانت متضررة.",Marriage
1000,ما الفرق بين نشوز الزوجة ونشوز الزوج؟,"نشوز الزوجة هو امتناعها عن أداء حقوق زوجها الشرعية (كالطاعة في المعروف أو المعاشرة) دون عذر شرعي. أما نشوز الزوج فيكون بإهماله حقوق الزوجة (كالنفقة أو السكنى) أو بسوء معاملته لها (كالهجر أو العنف).  يترتب على نشوز الزوجة سقوط نفقتها، وعلى نشوز الزوج إلزامه بحقوقها أو التفريق. النشوز من الزوجة عصيان، ومن الزوج ظلم.",Marriage
1001,ما هو تعريف الخلع في الشريعة الإسلامية؟,"الخلع في الشريعة الإسلامية هو إنهاء عقد الزواج بطلب من الزوجة مقابل عوض (فدية) تدفعه للزوج، غالبًا يكون برد المهر أو دفع مبلغ آخر يتفقان عليه أو يُحدده القاضي، بناءً على قوله تعالى: ""فَإِنْ خِفْتُمْ أَلَّا يُقِيمَا حُدُودَ اللَّهِ فَلَا جُنَاحَ عَلَيْهِمَا فِيمَا افْتَدَتْ بِهِ"" (البقرة: 229). فالخلع طلاق بائن بفدية من الزوجة.",Khulʿ
1002,ما الدليل على مشروعية الخلع؟,"ثبتت مشروعيته في القرآن الكريم والسنة النبوية، ومنها حديث امرأة ثابت بن قيس التي طلبت الخلع.",Khulʿ
1003,هل يشترط رضا الزوج في الخلع؟,"في الأصل، يشترط رضا الزوج في الخلع الرضائي لأنه عقد تراضٍ، لكن إذا رفض الزوج دون سبب مقبول ورغم وجود ضرر على الزوجة (كسوء المعاملة)، يجوز للقاضي الحكم بالخلع دون رضاه.",Khulʿ
1004,هل الخلع يعتبر طلاقًا أم فسخًا؟,"الخلع يعتبر فسخ لعقد الزواج وليس طلاقًا، فلا يُحسب من الطلقات، ولا يمنع الزوج من إعادة الزواج بها بعقد جديد دون الحاجة إلى محلل. ، يُعامل الخلع كإنهاء للعقد بائنًا.",Khulʿ
1005,ما الحكمة من تشريع الخلع؟,"الحكمة من تشريع الخلع هي رفع الضرر عن الزوجة إذا كرهت العيش مع زوجها ولم تستطع الاستمرار بالمعاشرة بالمعروف، وحمايتها من الوقوع في المعصية إذا خافت ألا تُقيم حدود الله، كما في قوله تعالى: ""فَلَا جُنَاحَ عَلَيْهِمَا فِيمَا افْتَدَتْ بِهِ"" (البقرة: 229). فالخلع رحمة للزوجة لتخليصها من زواج لا تستطيع تحمله..",Khulʿ
1006,هل يجوز للزوج إجبار زوجته على الخلع؟," لا يجوز للزوج إجبار زوجته على الخلع، لأن الخلع يكون بطلب الزوجة وإرادتها الحرة مقابل فدية، ولا يحق للزوج فرضه عليها، وإلا كان ظلمًا محرمًا.  الخلع ينشأ من الزوجة، فإن إجبارها على الخلع باطل شرعًا لأنه يُخالف أصل المشروعية..",Khulʿ
1007,هل يجوز للزوجة طلب الخلع لأي سبب؟,"نعم، يجوز للزوجة طلب الخلع إذا كرهت العيش مع زوجها وخافت ألا تُقيم حدود الله بالمعاشرة بالمعروف، كما في حديث امرأة ثابت بن قيس، سواء كان السبب ضررًا واضحًا (كالعنف) أو كراهية نفسية، الكراهية المستحكمة سبب كافٍ للخلع إذا خشيت العصيان،",Khulʿ
1008,هل يجوز للقاضي إجبار الزوج على قبول الخلع؟,"نعم، يجوز للقاضي إجبار الزوج على قبول الخلع إذا ثبت أنه يُسيء إلى الزوجة أو يمنعها من حقوقها أو يسبب لها ضررًا (كالهجر أو العنف)، وذلك بحكم قضائي يُحدد العوض، ",Khulʿ
1009,ما مقدار المال الذي تدفعه الزوجة في الخلع؟,"مقدار المال في الخلع غالبًا يكون المهر الذي دفعه الزوج (مقدمه أو مؤخره)، لكن يجوز أن يكون أكثر أو أقل حسب اتفاق الزوجين أو تقدير القاضي إذا رفض الزوج التراضي،",Khulʿ
1010,هل يمكن للزوجة أن تطلب الخلع بدون مبرر شرعي؟," ليس من الأصل طلب الخلع بدون مبرر شرعي واضح (كالضرر أو سوء العشرة)، لكن إذا كرهت الزوجة زوجها كراهية شديدة وخافت ألا تُقيم حدود الله بالعشرة بالمعروف، فلها الحق في طلب الخلع حتى بدون ضرر مادي ملموس.",Khulʿ
1011,هل هناك فرق بين الخلع والفدية؟," الخلع والفدية مترادفان في الاستخدام العام، فالخلع هو إنهاء الزواج بطلب الزوجة مقابل فدية تدفعها للزوج، والفدية هي العوض نفسه (كالمهر أو غيره). لكن في بعض السياقات الفقهية، الخلع أعم من الفدية، فقد يكون الخلع بمال أو منفعة، والفدية تُطلق على المال تحديدًا،  العوض هو الفدية في سياق الخلع..",Khulʿ
1012,هل يشترط حضور شهود عند الخلع؟,"في النظام السعودي، يُفضل توثيق الخلع لدى المحكمة أو الجهات المختصة بحضور القاضي لضمان حفظ حقوق الطرفين وتجنب النزاعات، ولا يتطلب ذلك شهودًا إذا تم التوثيق رسميًا. فإذا كان الخلع قضائيًا (بحكم القاضي)، فلا حاجة للشهود أيضًا لأن الحكم القضائي يُغني عن ذلك..",Khulʿ
1013,هل يجوز للمرأة أن تطلب الخلع إذا كان زوجها عاقرًا؟,"نعم، يجوز للمرأة أن تطلب الخلع إذا كان زوجها عاقرًا وكانت ترى أن عدم الإنجاب يسبب لها ضررًا نفسيًا أو اجتماعيًا أو يمنعها من تحقيق غرض أساسي من الزواج (كالأمومة)، خاصة إذا شعرت أنها لا تستطيع الاستمرار معه وخافت ألا تُقيم حدود الله. يحق للقاضي الحكم بالخلع إذا ثبت الضرر، ويُعتبر العقم سببًا محتملاً للضرر إذا أثر على استقرار حياتها الزوجية. فالخلع جائز إذا كرهت الزوجة زوجها لسبب يمنع استمرار العشرة بالمعروف، ومن ذلك ما يتعلق بالعقم إذا كان يُسبب لها مشقة نفسية شديدة.",Khulʿ
1014,هل يحق للزوجة طلب الخلع بسبب سوء أخلاق الزوج؟,"نعم، يحق للزوجة طلب الخلع أو الفسخ بسبب سوء أخلاق الزوج إذا كان يؤذيها نفسيًا أو جسديًا أو كان سيئ العشرة، كالإهانة المستمرة أو العنف أو الإهمال، لأن ذلك يُعد ضررًا يُبرر التفريق. يجوز للقاضي الحكم بالفسخ دون عوض إذا ثبت الضرر من سوء خلق الزوج، سواء بالشهادة أو الأدلة.",Khulʿ
1015,هل يحق للزوج رفض الخلع إذا كانت الزوجة متضررة؟,"لا يحق للزوج رفض الخلع إذا ثبت أن الزوجة متضررة ضررًا واضحًا (كالعنف أو الهجر أو سوء العشرة)، لأن القاضي يملك سلطة الحكم بالفسخ بدون عوض في هذه الحالة دون رضاه، إذا ثبت الضرر بعد التحقيق، يُفرّق القاضي بين الزوجين ويُحدد العوض إن لزم، حتى لو رفض الزوج.",Khulʿ
1016,ما الحكم إذا رفض الزوج استلام المال مقابل الخلع؟,"إذا رفض الزوج استلام المال المقرر كعوض مقابل الخلع، يمكن للزوجة إيداع المبلغ لدى المحكمة أو الجهة المختصة، ويُعتبر الخلع نافذًا بمجرد ذلك إذا وافق القاضي، لأن الرفض لا يُعطل حقها في التفريق. يُحدد العوض باتفاق أو حكم قضائي، وإذا رفض الزوج استلامه يُحفظ في المحكمة ويُنفذ الخلع.",Khulʿ
1017,هل يمكن للزوج التراجع عن الخلع بعد الاتفاق عليه؟,"لا، لا يمكن للزوج التراجع عن الخلع بعد الاتفاق عليه ونفاذه، لأن الخلع بمجرد وقوعه - سواء بالتراضي أو بحكم القاضي - يُنهي العلاقة الزوجية نهائيًا ويُصبح طلاقًا بائنًا بينونة صغرى، ",Khulʿ
1018,ما الفرق بين الخلع والتفريق القضائي؟,"الخلع هو تفريق بطلب الزوجة مقابل عوض تدفعه عادةً (كالمهر أو غيره)، ويتم بالتراضي بين الزوجين أو بحكم القاضي إذا رفض الزوج وثبت الضرر، أما التفريق القضائي فهو إنهاء الزواج بحكم القاضي بسبب ضرر واضح (كالعيب أو الهجر أو عدم الإنفاق) دون أن تدفع الزوجة عوضًا، بل يكون بسبب تقصير الزوج أو عيب فيه.",Khulʿ
1019,هل يجوز اشتراط عدم زواج الزوجة بعد الخلع؟,"لا يجوز اشتراط عدم زواج الزوجة بعد الخلع، لأن هذا الشرط باطل شرعًا وقانونًا، إذ تصبح الزوجة بعد الخلع حرة في تصرفاتها بمجرد انتهاء عدتها، ولا يحق لأحد منعها من الزواج بمن تشاء. وفق نظام الأحوال الشخصية، الخلع يُنهي العلاقة الزوجية نهائيًا ، ولا يجوز فرض قيود على حريتها بعد ذلك.",Khulʿ
1020,هل تحتاج الزوجة إلى ولي لقبول الخلع؟,"ا، لا تحتاج الزوجة إلى ولي لقبول الخلع أو طلبه، لأن الخلع عقد يتم بين الزوجين مباشرة بالتراضي، أو بطلب الزوجة للقاضي إذا رفض الزوج، ولا يُشترط فيه تدخل الولي كما في عقد الزواج. تُباشر الزوجة الخلع بنفسها أو بوكيل عنها، الخلع لا يتطلب وليًا لأنه ليس عقد زواج بل تفريق، فالمرأة هنا تُنهي حقها الشرعي بإرادتها..",Khulʿ
1021,هل هناك مدة محددة يجب أن تبقى فيها الزوجة مع الزوج قبل طلب الخلع؟,"لا، ليس هناك مدة محددة يجب أن تبقى فيها الزوجة مع زوجها قبل طلب الخلع، فيمكنها طلبه في أي وقت تشعر فيه بعدم القدرة على الاستمرار أو بوجود ضرر أو كراهية تمنع العشرة بالمعروف، سواء بعد يوم أو سنوات.  يحق لها رفع الدعوى متى استشعرت الضرر، الخلع جائز متى كرهت الزوجة زوجها وخافت ألا تُقيم حدود الله، دون اشتراط مدة معينة..",Khulʿ
1022,ما حكم الزوج الذي يساوم زوجته بمبلغ كبير للخلع؟,"إذا ساوم الزوج زوجته بمبلغ كبير للخلع بقصد الظلم أو استغلال حاجتها للتفريق، فهذا محرم شرعًا لأنه تعسف وظلم، والعوض يجب أن يكون معقولًا ومتناسبًا مع الوضع.  يُحدد القاضي العوض إذا رفض الزوج التراضي، ويمنع الاستغلال. فالخلع يقوم على العدل، فإذا طالب الزوج بما يفوق المهر أو استغلها بمبلغ تعجيزي، فهو ظلم يُرفع للقاضي لتقدير العوض العادل..",Khulʿ
1023,هل يجوز خلع الزوج دون علمه؟," لا يجوز خلع الزوج دون علمه، لأن الخلع إما أن يتم بالتراضي بين الزوجين وموافقته، أو بحكم القاضي بعد استدعاء الزوج وإعلامه بالدعوى.  يُشترط إعلام الزوج ليتمكن من الدفاع عن موقفه، وإذا تغيب بعد الإعلان يجوز الحكم غيابيًا..",Khulʿ
1024,هل يمكن إعادة الزوجة بعد الخلع بدون عقد جديد؟,"لا، لا يمكن إعادة الزوجة بعد الخلع دون عقد جديد، لأن الخلع طلاق بائن بينونة صغرى، وبعد انتهاء العدة لا تعود إلى زوجها إلا بعقد زواج جديد ومهر جديد إذا رغب الطرفان.  الخلع يُنهي الزواج نهائيًا،.",Khulʿ
1025,هل يحق للزوجة التراجع عن طلب الخلع؟,"نعم، يحق للزوجة التراجع عن طلب الخلع قبل أن يصبح نافذًا، سواء كان ذلك قبل صدور حكم القاضي في الخلع القضائي أو قبل إتمام الاتفاق النهائي بينها وبين الزوج في الخلع الرضائي. ، يُحاول القاضي الصلح أولًا، فإذا تراجعت الزوجة خلال هذه المرحلة يُوقف الإجراء..",Khulʿ
1026,ما الحكم إذا ندمت الزوجة بعد الخلع؟,"إذا ندمت الزوجة بعد الخلع وبعد نفاذه، لا يمكنها الرجوع إلى زوجها إلا إذا وافق الزوج على ذلك بعقد زواج جديد ومهر جديد، لأن الخلع طلاق بائن بينونة صغرى يُنهي الزواج نهائيًا،  المختلعة تصبح أجنبية عن زوجها بعد الخلع، ولا رجعة إلا بنكاح جديد ومهر جديد إذا رضي الزوج..",Khulʿ
1027,هل تسقط حضانة الأطفال بعد الخلع؟,"لا، لا تسقط حضانة الأطفال بسبب الخلع، لأن الحضانة تُحدد بناءً على مصلحة الطفل وليست مرتبطة بإنهاء العلاقة الزوجية. تُعطى الأولوية للأم في الحضانة إذا توفرت فيها الشروط (كالأهلية والقدرة)، ما لم يثبت عكس ذلك، بغض النظر عن الخلع..",Khulʿ
1028,ما حكم الزوج الذي يماطل في قبول الخلع؟," إذا ماطل الزوج في قبول الخلع بقصد الظلم والتعنت رغم وجود ضرر على الزوجة، فهذا محرم شرعًا، ويحق للقاضي الحكم بالخلع لرفع الضرر عنها.  إذا ثبت الضرر وتعنت الزوج، يُفرّق القاضي بينهما ويُحدد العوض..",Khulʿ
1029,هل يمكن أن تطلب الزوجة الخلع دون إبداء السبب؟,"في الأصل، يُفضل أن تُبدي الزوجة سببًا لطلب الخلع (كالضرر أو الكراهية)، لكن ليس شرطًا لازمًا إذا شعرت بعدم الراحة وكرهت الاستمرار مع زوجها وخافت ألا تُقيم حدود الله بالمعاشرة بالمعروف، فإن لها الحق في طلبه. يُحاول القاضي الصلح، لكن إذا أصرت الزوجة يحكم بالخلع دون إلزامها بإثبات سبب إذا كان طلبها صادقًا..",Khulʿ
1030,ما الخطوات التي تتبعها الزوجة لطلب الخلع؟,"الخطوات التي تتبعها الزوجة لطلب الخلع في النظام السعودي هي: أولاً، تقديم طلب دعوى خلع إلى محكمه الأحوال الشخصية مع بيان أسبابها إن وجدت. ثانياً، يقوم القاضي بمحاولة الصلح بين الزوجين  ثالثاً، إذا رفض الزوج الصلح أو أصرت الزوجة على الخلع وثبت الضرر أو رغبتها الصادقة، يُحدد القاضي العوض (إن لزم) ويحكم بالخلع. رابعاً، يُوثق الحكم رسميًا ويُنهي الزواج.",Khulʿ
1031,هل تحتاج الزوجة إلى تقديم أدلة عند طلب الخلع؟,"ليس شرطًا أساسيًا أن تقدم الزوجة أدلة عند طلب الخلع، لكن إذا كان طلبها مبنيًا على ضرر (كالعنف أو سوء العشرة)، فقد يطلب القاضي إثبات الضرر بالشهود أو الوثائق لتأكيد الحكم،  أما إذا كانت رغبتها نابعة من الكراهية وعدم القدرة على الاستمرار، فلا حاجة لأدلة إذا أبدت ذلك بصدق وأصرت عليه، لأن الخلع حقها. فالكراهية كافية للخلع إذا خافت ألا تُقيم حدود الله، دون إلزام بإثبات مادي..",Khulʿ
1032,هل يشترط حضور الزوج عند جلسات الخلع في المحكمة؟,"لا يشترط حضور الزوج حضورًا إجباريًا في جلسات الخلع، لكن يُفضل حضوره لسماع موقفه ومحاولة الصلح، ويتم إعلامه رسميًا بالدعوى .فإذا رفض الحضور بعد الإعلان أو تعذر حضوره، يجوز للقاضي إصدار الحكم غيابيًا بناءً على أقوال الزوجة والتحقيق، ويُنفذ الخلع..",Khulʿ
1033,هل يمكن للقاضي رفض طلب الخلع؟,"يمكن للقاضي أن يرفض طلب الخلع مؤقتًا إذا لم يجد سببًا واضحًا أو ضررًا ملموسًا، ويحاول الصلح بين الزوجين أولًا لكن إذا أصرت الزوجة على الخلع وأبدت كراهيتها للاستمرار وخوفها من عدم إقامة حدود الله، فلا يجوز للقاضي رفض طلبها نهائيًا، بل يحكم بالخلع بعد تقدير العوض..",Khulʿ
1034,متى تصبح الزوجة منفصلة رسميًا بعد الخلع؟,"تصبح الزوجة منفصلة رسميًا بعد الخلع بمجرد صدور الحكم النهائي من المحكمة في الخلع القضائي، أو بمجرد الاتفاق مع الزوج وتوثيق الخلع لدى الجهة المختصة في الخلع الرضائي. ويبدأ سريان العدة من تاريخ النفاذ، ويُعتبر الزواج منتهيًا حينها.",Khulʿ
1035,هل يتم تسجيل الخلع في السجلات الرسمية؟,"نعم، يتم تسجيل الخلع في السجلات الرسمية لدى محكمه الأحوال الشخصية ، سواء كان رضائيًا أو قضائيًا، للحفاظ على الحقوق القانونية للطرفين (كحقوق الأطفال أو المطالبات المالية) ولمنع النزاعات المستقبلية. ويُعتبر التوثيق إجراءً إلزاميًا في النظام السعودي لضمان الوضوح والشفافية،.",Khulʿ
1036,ما الفرق بين الخلع الطوعي والخلع الجبري؟,"الخلع الطوعي هو الذي يتم بالتراضي بين الزوجين، حيث تقدم الزوجة العوض والزوج يقبله ويُطلقها، ويُوثق عادةً دون تدخل قضائي مباشر، أما الخلع الجبري فيتم بقرار القاضي إذا رفض الزوج الخلع رغم وجود سبب شرعي كالضرر (كالعنف أو الهجر)، فيُحدد القاضي العوض ويُفرّق بينهما ",Khulʿ
1037,هل يجب على الزوجة الانتظار فترة معينة قبل الزواج بعد الخلع؟," نعم، يجب على الزوجة الانتظار حتى تنتهي عدتها الشرعية بعد الخلع قبل أن تتزوج من آخر، وهي ثلاث حيضات إذا كانت حائضًا، أو ثلاثة أشهر إذا كانت آيسة- لاتحيض لكبر السن-، أو حتى الوضع إذا كانت حاملًا،  المختلعة تلزمها العدة كالمطلقة، ولا يجوز لها الزواج قبل انتهائها للتأكد من براءة الرحم وحفظ الأنساب..",Khulʿ
1038,ما حكم من يتراجع عن دفع العوض بعد الخلع؟,"إذا اتفق الزوجان على عوض في الخلع ثم تراجعت الزوجة عن دفعه بعد نفاذ الخلع، فهذا غير جائز شرعًا وقانونًا، لأن العوض التزمت به يصبح دينًا في ذمتها، ويجب دفعه للزوج.، إذا لم تدفع يحق للزوج المطالبة به قانونيًا عبر المحكمة..",Khulʿ
1039,هل يحق للزوجة أخذ مؤخر الصداق بعد الخلع؟,"في الغالب، لا يحق للزوجة أخذ مؤخر الصداق بعد الخلع، لأن الخلع يتم بفدية تدفعها الزوجة عادةً، وغالبًا ما تشمل التنازل عن حقوقها المالية كالمهر المؤخر،  لكن إذا اتفق الزوجان صراحةً على أن مؤخر الصداق ليس جزءًا من العوض، أو قضى القاضي باستحقاقها له لسبب (كعدم إدراجه في الفدية)، فقد يكون لها الحق فيه..",Khulʿ
1040,هل يجوز أن يكون العوض غير مالي؟,"نعم، يجوز أن يكون العوض في الخلع غير مالي، كأن تتنازل الزوجة عن حقوق مالية مستحقة لها حاليًا، مثل المهر المقدم أو ديون متراكمة على الزوج قبل الخلع، أو تقدم منفعة أخرى يقبلها الزوج، مثل التنازل عن حق الحضانة إذا اتفق الطرفان ووافق القاضي لمصلحة الأطفال، بشرط التراضي بين الزوجين أو حكم القاضي. وفق نظام الأحوال الشخصية (المادة 93)، يُحدد العوض باتفاق الزوجين أو بقرار قضائي، كما أن العوض في الخلع قد يكون مالًا أو منفعة، طالما كان محددًا وقابلًا للتقدير شرعًا وقانونًا. ولا يشمل العوض النفقة الزوجية لأنها تنتهي بمجرد الخلع بانتهاء العلاقة الزوجية، إلا أن تستحق الزوجة نفقة العدة في حال كانت حاملًا بغض النظر عن التنازل..",Khulʿ
1041,هل يحق للزوجة طلب الخلع إذا كان الزوج مسافرًا؟,"نعم، يحق للزوجة طلب الخلع في محكمه الأحوال الشخصية حتى لو كان الزوج مسافرًا أو غائبًا، لأن حقها في رفع الضرر عن نفسها لا يتوقف على حضور الزوج. تُقدم الدعوى إلى محكمه الأحوال الشخصية ، ويتم استدعاء الزوج أو إعلانه قانونيًا، فإن لم يحضر، ينظر القاضي في القضية ويحكم بناءً على الأدلة ",Khulʿ
1042,هل يتم إسقاط الحقوق الزوجية بعد الخلع؟,"نعم، يتم إسقاط بعض الحقوق الزوجية بعد الخلع، مثل النفقة الزوجية والسكنى، لأن الخلع ينهي العلاقة الزوجية وتتنازل الزوجة عادةً عن هذه الحقوق كجزء من الفدية،  لكن حقوق الأطفال، كالنفقة وحضانتهم، لا تسقط، لأنها مستقلة عن عقد الزواج وتبقى واجبة على الأب..",Khulʿ
1043,هل يمكن للزوجة الاستفادة من نفقة العدة بعد الخلع؟,"في الغالب، لا تستحق الزوجة نفقة العدة بعد الخلع، لأن الخلع يتم بفدية تدفعها الزوجة للخروج من الزواج، وهذا يشمل التنازل عن النفقة أثناء العدة،  لكن إذا اتفق الزوجان على استحقاقها للنفقة أثناء العدة، أو قضى القاضي بذلك لسبب معين (كالحمل مثلًا)، فقد تستحقها. فأن المختلعة لا تستحق النفقة في العدة إلا إذا كانت حاملًا، ما لم يُتفق على خلاف ذلك..",Khulʿ
1044,هل يجوز أن تفرض المحكمة الخلع على الزوج دون إرادته؟,"نعم، يجوز للقاضي الحكم بالخلع دون موافقة الزوج، إذا أثبتت الزوجة كراهيتها له وخشيت ألا تقيم حدود الله، ولم يتوصل الطرفان إلى اتفاق على الخلع، وكان استمرار الزواج فيه ضرر واضح. ، حيث يقدّر القاضي العوض المناسب ويحكم بالخلع عند الحاجة..",Khulʿ
1045,هل للزوج الحق في التنازل عن العوض بعد الخلع؟," نعم، للزوج الحق في التنازل عن العوض بعد الخلع إذا أراد ذلك طواعية، سواء كان العوض مالًا أو منفعة، ولا إثم عليه في ذلك، لأنه تصرف في حقه الشرعي. يُحدد العوض باتفاق الطرفين أو حكم القاضي، فإذا تنازل الزوج عنه بعد الاتفاق، فهذا جائز ولا يُلزمه شيء.",Khulʿ
1046,ما هو العضل في النكاح؟,"العضل في النكاح هو منع الولي الشرعي للمرأة من الزواج بشخص كفء في الدين والخلق والقدرة المالية، ترضاه المرأة، دون وجود سبب شرعي يبرر هذا المنع، كعدم كفاءة الخاطب أو ضرر محتمل..",Marriage
1047,ما الفرق بين العضل والتأخير المشروع في تزويج المرأة وفقًا للقانون؟,"التأخير المشروع في الزواج يكون لأغراض مشروعة ومعتبرة، مثل التأكد من كفاءة الخاطب أو تحقيق مصلحة قانونية للمرأة، بينما العضل يُعتبر تعسفًا وظلمًا لمنع المرأة من الزواج دون مبرر شرعي أو قانوني.",Marriage
1048,هل يُشترط في العضل أن يكون من قِبل الولي المباشر فقط؟,"لا، لا يُشترط أن يكون العضل من الولي المباشر (كالأب) فقط، بل قد يكون من أي ولي شرعي في ترتيب الولاية (كالأخ أو العم) إذا منع المرأة من الزواج بكفء دون سبب شرعي. وفي كل الحالات، يحق للمرأة رفع الأمر إلى القاضي ).",Marriage
1049,هل يقتصر العضل على الأب فقط؟,"لا، لا يقتصر العضل على الأب فقط، بل يمكن أن يكون من أي ولي شرعي كالأخ الأكبر أو العم أو غيرهما من الأولياء حسب الترتيب الشرعي، إذا منعوا المرأة من الزواج بكفء دون مبرر شرعي. ويُعد ذلك ظلمًا محرمًا يستوجب التدخل القضائي.",Marriage
1050,متى يُعد الولي عضلًا في الشرع؟,"يُعد الولي عضلًا في الشرع إذا منع المرأة من الزواج بشخص كفء في الدين والخلق والقدرة المالية، دون وجود مبرر شرعي كعدم كفاءة الخاطب أو ضرر محتمل على المرأة. وهذا المنع ظلم محرم.",Marriage
1051,ما هي الإجراءات القانونية التي يمكن اتخاذها إذا تعرضت المرأة للعضل؟,"إذا تعرضت المرأة للعضل، يحق لها رفع الأمر إلى القاضي الشرعي. يتحقق القاضي من تعنت الولي في منع الزواج، وإذا ثبت العضل، يحق له نقل الولاية إلى ولي آخر أو تزويجها بنفسه  .",Marriage
1052,ما دور القاضي في رفع العضل؟,"دور القاضي في رفع العضل هو التحقيق في الدعوى التي ترفعها المرأة، فإذا ثبت أن الولي منعها من الزواج بكفء دون سبب شرعي، يحق للقاضي نقل الولاية إلى ولي آخر حسب الترتيب الشرعي، أو يتولى تزويجها بنفسه إذا لم يوجد ولي صالح، .",Marriage
1053,هل يحق للمرأة الزواج دون ولي إذا مُنعت ظلمًا؟,"في الأحوال العادية، لا يجوز للمرأة الزواج دون ولي لأن الولي شرط في صحة النكاح. لكن إذا مُنعت ظلمًا من الزواج بكفء وثبت العضل، يحق للقاضي أن يتولى تزويجها بنفسه وفق نظام الأحوال الشخصية ، فيكون هو وليها في هذه الحالة لرفع الضرر عنها.",Marriage
1054,هل يُشترط رضا الولي في زواج المرأة البالغة؟,"نعم، يُشترط رضا الولي في زواج المرأة البالغة في الأحوال العادية، لأن الولي شرط في صحة العقد. وقول النبي صلى الله عليه وسلم: ""لا نكاح إلا بولي"". لكن إذا عضلها الولي ومنعها من الزواج بكفء دون سبب شرعي، يحق لها رفع الأمر إلى القاضي الذي يتولى تزويجها",Marriage
1055,هل يؤثر العرف في تحديد العضل وفقًا للقانون؟,"نعم، يؤثر العرف في تحديد العضل، فإذا كان العرف يقر بتأخير الزواج لأسباب معتبرة شرعًا كالتأكد من كفاءة الخاطب أو انتظار نضج المرأة، ولم يكن في ذلك ضرر، فلا يُعد عضلًا. لكن إذا كان التأخير تعسفًا وخالف الشرع، فهو عضل محرم بغض النظر عن العرف.",Marriage
1056,ما هي الحالات التي يكون فيها منع الولي مشروعًا ولا يعد عضلاً؟,"كون رفض الولي مشروعًا إذا كان مبنيًا على سبب معتبر يتعلق بمصلحة المرأة، مثل ثبوت سوء خلق الخاطب، أو وجود مانع شرعي أو نظامي، أو عدم قدرته على تحمل مسؤوليات الزواج، أو وجود ضرر ظاهر قد يلحق بالمرأة من هذا الزواج. وتقدير مشروعية الرفض للمحكمة بعد سماع الأقوال.",Marriage
1057,هل يجوز للأب منع ابنته من الزواج لأجل دراستها وفقًا لنظام الأحوال الشخصية؟,"وفقًا لنظام الأحوال الشخصية في المملكة العربية السعودية، إذا كان المنع لمصلحة واضحة ومعتبرة شرعًا، مثل إتمام الدراسة أو تحقيق مصلحة مستقبلية للمرأة، فلا يُعد ذلك عضلًا. ومع ذلك، يجب أن يكون المنع غير تعسفي ولا يُلحق ضررًا بالمرأة، وفي حال كان المنع بدون مبرر شرعي، يحق للمرأة اللجوء إلى القضاء للحصول على حقها في الزواج.",Marriage
1058,هل يعتبر منع الولي زواج المرأة بحجة رعاية أهلها نوعًا من العضل؟,"لا يجوز منع المرأة من الزواج بسبب الحاجة إلى رعاية أهلها، لأن الزواج حق شرعي لها لا يجوز تعطيله بدون مبرر شرعي. ومع ذلك، إذا وافقت المرأة طواعية على التأخير لرعاية أهلها دون إكراه أو ضغط، فلا حرج في ذلك، شريطة ألا يتسبب في ضرر لها. أما إذا كان المنع من الولي بغير رضاها، فهو عضل محرم، ويحق لها رفع الأمر إلى القاضي.",Marriage
1059,هل يُعد اشتراط ولي الأمر المهر العالي نوعًا من العضل؟,"نعم، يُعد اشتراط ولي الأمر مهرًا عاليًا نوعًا من العضل إذا كان الهدف منه تعطيل الزواج أو تعجيز الخاطب الكفء دون مبرر شرعي. الشريعة تحث على التيسير في المهور، كما في قول النبي صلى الله عليه وسلم: ""خير الصداق أيسره""، وإذا ثبت أن التعنت في المهر يمنع الزواج، فهو عضل محرم.",Marriage
1060,هل يجوز للولي رفض الخاطب لأسباب مالية؟,"نعم، يجوز للولي رفض الخاطب لأسباب مالية إذا كان غير قادر على النفقة أو تحمل تكاليف الزواج، لأن الكفاءة المالية من الشروط الشرعية المعتبرة في الزواج لضمان حقوق المرأة. أما إذا كان الخاطب قادرًا على النفقة ومؤهلاً للزواج، ورفضه الولي لأسباب مالية غير مشروعة، فهذا يُعد عضلًا محرمًا.",Marriage
1061,هل يجوز للمرأة أن تختار زوجها بنفسها؟,"نعم، يجوز للمرأة أن تختار زوجها بنفسها، لأن رضاها شرط أساسي في عقد الزواج، لكن لا يمكن لها أن تُزوّج نفسها بدون ولي.",Marriage
1062,ما الإجراء في حالة عضل الأخ الأكبر لأخته؟, يحق للمرأة رفع دعوى إلى القاضي للنظر في أمرها ورفع الضرر عنها.,Marriage
1063,هل هناك تمييز قانوني بين العضل والتأخير المبرر في تزويج المرأة؟,"العضل يُقصد به امتناع الولي عن تزويج المرأة دون مبرر شرعي معتبر، ويُعد محظورًا شرعًا ومخالفًا لنظام الأحوال الشخصية. أما التأخير المبرر، فهو تأجيل الزواج لمصلحة شرعية معتبرة، مثل التحقق من كفاءة الخاطب من حيث الدين، الخلق، أو القدرة المالية، أو مراعاة مصلحة المرأة الخاصة، شريطة ألا يكون التأخير تعسفيًا أو يلحق بها ضررًا. وفي حال تجاوز الولي هذه الضوابط، يحق للمرأة التظلم ورفع الأمر للقضاء.",Marriage
1064,هل يحق للمرأة قانونًا رفض تزويجها بمن لا ترضاه؟,"نعم، يحق للمرأة رفض تزويجها بمن لا ترضاه، لأن الرضا شرط أساسي في عقد الزواج، فلا يجوز للولي إجبارها على الزواج بمن تكرهه.",Marriage
1065,ما الفرق بين العضل والتعسف في استخدام حق الولاية؟,"التعسف في استخدام حق الولاية هو أي ظلم أو تجاوز من الولي في ممارسة سلطته، سواء بمنع الزواج أو فرضه أو غير ذلك من أشكال الضرر. أما العضل فهو نوع خاص من التعسف، ويتمثل في منع المرأة من الزواج بكفء دون مبرر شرعي. فكل عضل تعسف، وليس كل تعسف عضلًا.",Marriage
1066,هل يُعد رفض تزويج الفتاة لعدم تكافؤ النسب عضلًا؟,"لا يُعد رفض تزويج الفتاة لعدم تكافؤ النسب عضلًا إذا كان التكافؤ معتبرًا شرعًا، لأن التكافؤ في الدين والخلق والنسب من الأمور التي يُنظر فيها الولي لمصلحة المرأة. لكن إذا كان الخاطب كفءًا في الدين والخلق، ورفضه الولي لمجرد النسب دون ضرر واضح، فقد يُعتبر تعنتًا، ويحق للمرأة رفع الأمر للقاضي .",Marriage
1067,ما الأدلة المطلوبة لإثبات دعوى العضل؟,"لم يحدد نظام الأحوال الشخصية وسيلة حصرية لإثبات العضل، ويجوز إثباته بالإقرار، وشهادة الشهود، والمراسلات والمحادثات، وتكرار رفض الخطاب الأكفاء، وغيرها من القرائن التي تدل على منع الولي المرأة من الزواج دون سبب معتبر.",Marriage
1068,هل يشترط دليل معين لإثبات دعوى العضل؟,"لا، لم يحدد النظام دليلًا معينًا أو وسيلة حصرية لإثبات العضل، وإنما تخضع الأدلة للقواعد العامة في الإثبات، وتقدّر المحكمة مدى كفايتها بحسب ظروف كل دعوى.",Marriage
1069,هل يحق للمرأة المخطوبة الاعتراض على الولي إذا رفض بلا سبب؟,"نعم، يحق للمرأة المخطوبة الاعتراض على الولي إذا رفض الخاطب بلا سبب شرعي، ولها أن ترفع دعوى عضل إلى القاضي للنظر في أمرها ورفع الضرر عنها.",Marriage
1070,ما الحل إذا أصر الولي على رفض كل الخطاب دون سبب؟,"إذا أصر الولي على رفض كل الخطاب دون سبب شرعي، وثبت تعنته، تنتقل الولاية إلى ولي آخر حسب ترتيب الأولياء الشرعيين (كالأخ أو العم)، فإن لم يوجد ولي آخر أو تعنتوا جميعًا، يتولى القاضي تزويج المرأة بنفسه",Marriage
1071,هل يجوز تزويج المرأة نفسها دون ولي؟," لا يجوز للمرأة تزويج نفسها دون ولي، لأن الولي شرط في صحة عقد الزواج.",Marriage
1072,هل تعد الرسائل والمحادثات دليلًا في دعوى العضل؟,"نعم، قد تُعد الرسائل والمحادثات من القرائن التي تساعد في إثبات رفض الولي للزواج أو اشتراطه شروطًا غير مبررة، وتخضع لقناعة المحكمة وتقديرها.",Marriage
1073,هل يمكن إثبات العضل بشهادة الشهود؟,"نعم، يمكن الاستناد إلى شهادة الأقارب أو الأشخاص الذين حضروا طلب الزواج أو علموا برفض الولي وأسباب الرفض.",Marriage
1074,هل يُعد تأخير الزواج لغرض التأكد من الخاطب عضلًا؟,"لا يُعد تأخير الزواج لغرض التأكد من الخاطب عضلًا إذا كان التأخير معقولًا وفي حدود المصلحة، كالتحقق من دين الخاطب وخلقه، ولم يتسبب في تعطيل طويل أو ضرر للمرأة. أما إذا كان التأخير تعنتًا أو تعسفًا دون مبرر شرعي، فهو عضل محرم.",Marriage
1075,هل يعد تكرار رفض الخطاب الأكفاء دليلًا على العضل؟,قد يكون تكرار رفض الخطاب الأكفاء دون أسباب مقنعة قرينة على تعسف الولي ومنعه المرأة من الزواج دون مصلحة معتبرة.,Marriage
1076,"في حالة العضل، هل يجوز لها اختيار ولي آخر بنفسها؟","لا يمكن للمرأة اختيار وليها بنفسها في الأحوال العادية، لأن الولاية تكون حسب الترتيب الشرعي (الأب ثم الأخ ثم العم). لكن إذا عضلها الأولياء الأقربون، ولم يكن لها ولي آخر يتولى أمرها، فالقاضي يصبح وليها ويتولى تزويجها ",Marriage
1077,من يقرر ما إذا كانت الأدلة تثبت وقوع العضل؟,تتولى المحكمة المختصة تقدير جميع الأدلة والقرائن والظروف المحيطة بالدعوى لتحديد ما إذا كان الولي قد منع المرأة من الزواج دون سبب معتبر وفق المادة (20) من نظام الأحوال الشخصية.,Marriage
1078,هل يُعد رفض تزويج الفتاة بسبب صغر سنها عضلًا؟,"لا يُعد رفض تزويج الفتاة بسبب صغر سنها عضلًا إذا كان الرفض لعدم نضجها بدنيًا أو عقليًا ولتحقيق مصلحتها، لأن الولي مكلف بالنظر في مصلحة المرأة.",Marriage
1079,هل يجوز للأم أن ترفض تزويج ابنتها إن لم تكن وليًا شرعيًا؟,"الأم ليست وليًا شرعيًا في الزواج، فلا يحق لها الرفض أو الموافقة قانونًا، لأن الولاية تكون للأب أو من يليه حسب الترتيب الشرعي، ويشترط في الولي الذكورة. لكن رأيها يُؤخذ بعين الاعتبار لمصلحة الفتاة، ولا يُلزم الولي.",Marriage
1080,هل يحق للولي رفض أو تأخير زواج موليته بسبب عدم قناعته الشخصية بالخاطب رغم تحقق الكفاءة الشرعية فيه؟,"لا يجوز للولي تأخير الزواج لعدم قناعته بالخاطب إذا كان الخاطب كفءًا في الدين والخلق والقدرة المالية، ولم يكن هناك سبب شرعي للرفض. فإذا ثبت التعنت، فهو عضل محرم، ويحق للمرأة رفع الأمر للقاضي ",Marriage
1081,هل يُعد عضل الولي لموليته عن الزواج من الكفء ظلمًا وفسقًا في ميزان الشريعة والنظام؟,"نعم، العضل سبب من أسباب الفسوق والظلم في الإسلام، لأنه منع لحق شرعي وهو الزواج، وفيه ظلم للمرأة بتعطيل مصلحتها دون مبرر. وقد حذر النبي صلى الله عليه وسلم من ذلك في قوله: ""إذا أتاكم من ترضون دينه وخلقه فزوجوه، إلا تفعلوا تكن فتنة في الأرض وفساد كبير"".",Marriage
1082,هل يمكن إسقاط ولاية الأب في حال ثبوت العضل؟,"نعم، يمكن إسقاط ولاية الأب في حال ثبوت العضل بعد التحقيق القضائي، وتنتقل الولاية إلى الولي التالي في الترتيب الشرعي (كالأخ أو العم)، فإن لم يوجد أو تعنتوا، يتولى القاضي التزويج  ).",Marriage
1083,هل تُقبل شهادة الأقارب في قضايا العضل؟,"نعم، تُقبل شهادة الأقارب في قضايا العضل، بشرط عدم وجود مصلحة شخصية للشاهد قد تؤثر على نزاهة شهادته. يُشترط أن يكون الشاهد بالغًا السن القانونية، وألا يكون من أقارب الخصوم حتى الدرجة الرابعة، وألا تكون له مصلحة مباشرة في القضية. بالإضافة إلى ذلك، يجب أن يدلي الشاهد بشهادته بحرية ودون إكراه، وأن يؤدي حلف اليمين قبل الإدلاء بشهادته.",Marriage
1084,هل يشترط رفع قضية في المحكمة لإثبات العضل؟,"نعم، يشترط رفع دعوى في المحكمة الشرعية لإثبات العضل، حيث إن العضل هو منع الولي للمرأة من الزواج بكفء دون مبرر شرعي، وهو أمر يتطلب تحقيقًا من القاضي للتأكد من وقوع الضرر.، يحق للمرأة رفع دعوى عضل إذا امتنع وليها عن تزويجها بكفء دون سبب مشروع، ويتولى القاضي الفصل في القضية بعد التحقيق.",Marriage
1085,ما الإجراءات التي تتبعها المحاكم في قضايا العضل؟,"تتبع محكمة الأحوال الشخصية في المملكة العربية السعودية عدة إجراءات في قضايا العضل، وتشمل: أولًا استقبال الشكوى من المدعية (المرأة التي تدعي العضل). ثانيًا استدعاء الولي (المدعى عليه) لسماع أقواله ومبرراته. ثالثًا التحقيق في الادعاء من خلال الاستماع إلى الشهود أو تقديم الأدلة التي تدعم وجود العضل. رابعًا التأكد من كفاءة الخاطب من حيث الدين والخلق والقدرة المالية وفق المعايير الشرعية. خامسًا إذا ثبت العضل (أي المنع بغير سبب شرعي)، يحق للقاضي نقل الولاية إلى ولي آخر أو تولي تزويجها بنفسه،  هذه الإجراءات تتماشى مع مقاصد الشريعة في رفع الضرر وحماية حقوق المرأة، فإن العضل يُعد ظلمًا يُرفع إلى القاضي للنظر فيه.",Marriage
1086,هل يجوز للفتاة أن تلجأ مباشرة للقاضي في حال عضلها وليها؟,"نعم، يجوز للفتاة أن تلجأ مباشرة إلى القاضي الشرعي في حال عضلها وليها، وهو حق كفلته لها الشريعة الإسلامية ونظام الأحوال الشخصية في المملكة العربية السعودية. فإذا شعرت الفتاة بأن وليها يمنعها من الزواج بكفء دون سبب شرعي، فلها أن ترفع دعوى عضل لدى المحكمة لينظر القاضي في أمرها ويرفع الضرر عنها.",Marriage
1087,هل هناك فرق بين العضل والتأخير بقصد البحث عن خاطب أفضل؟,"نعم، هناك فرق بين العضل والتأخير بقصد البحث عن خاطب أفضل. فالعضل هو منع الزواج بغير مبرر شرعي، كأن يرفض الولي خاطبًا كفءًا دون سبب مقبول، وهو محرم شرعًا لما فيه من ضرر على المرأة. أما التأخير لمصلحة معتبرة، مثل انتظار خاطب أفضل من حيث الدين أو الخلق أو الوضع المالي، فلا يُعد عضلًا إذا كان فيه مصلحة حقيقية للمرأة ولم يتسبب في ضرر أو تعطيل طويل.",Marriage
1088,هل يجب على الولي تبرير رفضه للخاطب أمام القاضي؟,"إذا رُفعت دعوى عضل ضده. نعم، يجب على الولي تبرير رفضه للخاطب أمام القاضي، إذا لم يقدم الولي مبررًا شرعيًا مقبولًا لرفضه، مثل عدم كفاءة الخاطب دينيًا أو أخلاقيًا أو ماليًا، يُعتبر ذلك عضلًا محرمًا. في هذه الحالة، يحق للقاضي التدخل لرفع الضرر عن المرأة، إما بنقل الولاية إلى ولي آخر أو بتولي تزويجها بنفسه.",Marriage
1089,ما خطوات رفع دعوى العضل أمام المحكمة المختصة؟,"تبدأ الإجراءات بإعداد صحيفة الدعوى متضمنة بيانات الأطراف، وصلة الولاية، ووقائع العضل، وطلبات المدعية، ثم تُرفق المستندات والأدلة المتاحة وتُقدم الدعوى إلى محكمة الأحوال الشخصية المختصة. بعد ذلك تُقيد الدعوى ويُحدد موعد لنظرها، ويُبلغ الولي المدعى عليه، ثم تنظر المحكمة في أقوال الأطراف والأدلة والقرائن قبل إصدار حكمها بثبوت العضل أو عدم ثبوته.",Marriage
1090,هل يمكن رفع قضية عضل على أكثر من ولي؟,"نعم، يمكن رفع قضية عضل على أكثر من ولي إذا كانوا جميعًا يمنعون الفتاة من الزواج بكفء دون سبب شرعي. في هذه الحالة، تُرفع الدعوى ضد الأولياء المتسببين في العضل، ويتولى القاضي التحقيق معهم جميعًا. إذا ثبت تعنتهم، يمكن للقاضي نقل الولاية إلى ولي آخر أو تولي تزويجها بنفسه).",Marriage
1091,ما شروط قبول دعوى العضل؟,"تُقبل دعوى العضل متى توافرت الشروط الإجرائية العامة لرفع الدعوى، وثبت للمحكمة أن الولي منع موليته من الزواج بكفء رضيت به دون سبب معتبر، وفق المادة (20) من نظام الأحوال الشخصية.",Marriage
1092,من يحق له رفع دعوى العضل؟,"الأصل أن ترفع المرأة المعضولة الدعوى بنفسها أو عن طريق وكيلها، وقد تُقبل من ذي مصلحة وفق ما تقرره المحكمة.",Marriage
1093,هل يشترط أن يكون الخاطب كفئًا لقبول دعوى العضل؟,"نعم، تنظر المحكمة في كفاءة الخاطب للمرأة، وتُقدّر الكفاءة باعتبار صلاح الدين وما جرى العرف على اعتباره.",Marriage
1094,هل يمكن إثبات العضل عبر الرسائل والمحادثات؟,"نعم، يمكن إثبات العضل عبر الرسائل والمحادثات إذا كانت تُظهر بوضوح رفض الولي التعسفي للخاطب دون مبرر شرعي. هذه الوسائل تُعتبر من الأدلة المعاصرة التي تقبلها محكمة الأحوال الشخصية في بعض الحالات، بشرط أن تكون موثوقة ومثبتة بشكل قانوني (مثل تقديمها كجزء من الأدلة المرفقة مع الدعوى). ومع ذلك، يظل تقدير هذه الأدلة ومدى قبولها متروكًا للقاضي وفقًا للنظام القضائي.",Marriage
1095,هل يجب على المرأة أن تحضر جلسات المحكمة في دعوى العضل؟,"نعم، عادة ما يُطلب من المرأة حضور جلسات المحكمة في دعوى العضل لتقديم شهادتها وتوضيح الضرر الذي لحق بها نتيجة منع الولي لزواجها. حضورها يساعد القاضي في فهم تفاصيل القضية والتحقيق في ادعائها. ومع ذلك، إذا كان هناك وكيل شرعي يمثلها، فقد يُكتفى بحضوره في بعض الحالات، حسب تقدير القاضي وطبيعة القضية، وهو ما يتماشى مع الإجراءات القضائية في المملكة.",Marriage
1096,أين تُرفع دعوى العضل؟,"تُرفع أمام محكمة الأحوال الشخصية، مباشرة أو إلكترونيًا عبر ناجز، مع استكمال بيانات الدعوى ومرفقاتها.",Marriage
1097,هل يُعتبر رفض الولي بسبب جنسية الخاطب عضلًا؟,"إذا كان الخاطب متمتعًا بالكفاءة الدينية والأخلاقية، فإن رفض الولي الزواج بناءً على جنسية الخاطب قد يُعد عضلًا، ويعتبر تصرفًا محرمًا. وفقًا لنظام الأحوال الشخصية، لا يجوز للولي رفض تزويج المرأة إلا إذا كان هناك سبب شرعي معتبر.",Marriage
1098,ماهي المادة الأولى في نظام الأحوال الشخصية؟,الخطبة هي طلب الزواج والوعد به.,Marriage
1099,ماهي المادة الثانية في نظام الأحوال الشخصية؟,لكل من الخاطب والمخطوبة العدول عن الخطبة.,Marriage
1100,ماهي المادة الثالثة في نظام الأحوال الشخصية؟,"جميع ما يقدمه الخاطب أو المخطوبة إلى الآخر خلال فترة الخطبة يعد هدية، ما لم يصرح الخاطب بأن ما قدمه يعد مهراً أو جرى عرف على أنه من المهر.",Marriage
1101,ماهي المادة الرابعة في نظام الأحوال الشخصية؟,"إذا عدل أي من الخاطب أو المخطوبة عن الخطبة بسبب يعود إليه، فليس له الرجوع في الهدية التي قدمها. وللطرف الآخر أن يسترد منه ما قدمه من هدية إن كانت قائمة وإلا بمثلها، أو قيمتها يوم قبضها، ما لم تكن الهدية مما يستهلك بطبيعتها. وفي جميع الأحوال، إذا انتهت الخطبة بالوفاة، أو بسبب لا يد لأحد الطرفين فيه، فلا يسترد شيء من الهدايا.",Marriage
1102,ماهي المادة السابعة؟,الخلوة -في سبيل تطبيق هذا النظام- هي انفراد الزوجين في مكان ليس عندهما من يميِّز.,Marriage
1103,ماهي المادة الثامنة؟,"يجب توثيق عقد الزواج، وعلى الزوجين -أو أحدهما- توثيقه، وذلك وفق الأحكام المنظمة لذلك. يجوز لكل ذي مصلحة طلب إثبات عقد الزواج غير الموثق. يوثق عقد زواج غير المسلم لدى المختص بالتوثيق، وتبين لوائح هذا النظام الأحكام المتصلة بذلك.",Marriage
1104,ماهي المادة التاسعة؟,"يمنع توثيق عقد الزواج لمن هو دون (ثمانية عشر) عاماً، وللمحكمة أن تأذن بزواج من هو دون ذلك ذكراً كان أو أنثى إذا كان بالغاً بعد التحقق من مصلحته في هذا الزواج، وتبين لوائح هذا النظام الضوابط والإجراءات اللازمة لذلك.",Marriage
1105,ماهي المادة العاشرة؟,يكتسب من تزوج وفق حكم المادة (التاسعة) من هذا النظام أهلية التقاضي في كل ما له علاقة بالزواج وآثاره؛ إذا كان عاقلاً.,Marriage
1106,ماهي المادة الحادية عشرة؟,"للمحكمة أن تأذن بزواج المجنون أو المعتوه بناء على طلب ولي تزويجه، بعد توافر الشروط الآتية: أن يقدم الولي تقريراً طبيًّا معتمداً عن حالة الجنون أو العته. أن يقبل الطرف الآخر في عقد الزواج بعد اطلاعه على حالة المجنون أو المعتوه. أن يكون في هذا الزواج مصلحة للمجنون أو المعتوه.",Marriage
1107,ماهي المادة الثانية عشرة؟,"أركان عقد الزواج هي: الزوجان، وهما: الرجل والمرأة. الإيجاب والقبول.",Marriage
1108,ماهي المادة الثالثة عشرة؟,يشترط لصحة عقد الزواج ما يأتي: تعيين الزوجين. رضا الزوجين. الإيجاب من الولي. شهادة شاهدين. ألا تكون المرأة محرَّمة على الرجل تحريماً مؤبداً أو مؤقتاً.,Marriage
1109,ماهي المادة الرابعة عشرة؟,"كفاءة الرجل للمرأة شرطٌ للزوم عقد الزواج لا لصحته. العبرة في كفاءة الرجل حين العقد بصلاح دينه وكل ما قام العرف على اعتباره. لكل ذي مصلحة من الأقارب -حتى الدرجة الثالثة- يتأثر بانعدام الكفاءة؛ الحق في الاعتراض على عقد الزواج، وتقدر المحكمة ذلك.",Marriage
1110,ماهي المادة الخامسة عشرة؟,"مع التقيد بأحكام المادة (الثالثة عشرة) من هذا النظام، ينعقد الزواج بإيجاب من الولي وقبول من الزوج بلفظ الزواج الصريح، وبالكتابة عند العجز عن النطق، وبالإشارة المفهومة عند العجز عن النطق والكتابة.",Marriage
1111,ماهي المادة السادسة عشرة؟,"يشترط في الإيجاب والقبول: أن يكونا متوافقين صراحةً. أن يكونا مقترنين في مجلس واحد حقيقة، ويصح أن يكونا مقترنين في مجلس واحد حكماً؛ وذلك وفقاً لما تقرره الأحكام النظامية في هذا الشأن. أن يكونا منجزين، لا معلقين على شرط ولا مضافين إلى مستقبل.",Marriage
1112,ماهي المادة السابعة عشرة؟,"يكون ترتيب الأولياء في الزواج على النحو الآتي: الأب، ثم وصيه، ثم الجد لأب وإن علا، ثم الابن، ثم ابنه وإن نزل، ثم الأخ الشقيق ثم الأخ لأب، ثم ابن الأخ الشقيق ثم ابن الأخ لأب وإن نزلا، ثم العم الشقيق ثم العم لأب، ثم بنوهما وإن نزلوا، ثم أقرب عصبة على ترتيب الإرث، ثم القاضي. إذا استوى الأولياء في الدرجة؛ تعين من عينته المرأة منهم، وإن لم تُعين جاز تولي أي منهم عقد الزواج. ليس للولي -ولو كان الأب- أن يزوج موليته بغير رضاها على أن يُضمّن عقد الزواج ما يثبت الرضا.",Marriage
1113,ماهي المادة الثامنة عشرة؟,"يشترط في الولي -في الزواج- أن يكون ذكراً عاقلاً بالغاً سن الرشد، موافقاً للمرأة في الدين، فإن فُقد شرط؛ زَوَّج الوليُّ الذي يليه.",Marriage
1114,ماهي المادة التاسعة عشرة؟,إذا تعذر حضور ولي المرأة أو تعذر تبليغه؛ فتنقل المحكمة بناءً على طلب المرأة ولاية التزويج إلى الولي الذي يليه.,Marriage
1115,ماهي المادة العشرون؟,"إذا منع الولي -ولو كان الأب- موليته من الزواج بكفئها الذي رضيت به؛ تتولى المحكمة تزويج المرأة المعضولة بطلب منها أو من ذي مصلحة، وللمحكمة نقل ولايتها لأي من الأولياء لمصلحة تراها، أو تفويض أحد المرخصين -وفق الأحكام النظامية- بإجراء العقد.",Marriage
1116,ماهي المادة الحادية والعشرون؟,"يشترط في الشاهد أن يكون رجلاً بالغاً عاقلاً سامعاً الإيجاب والقبول فاهماً المقصود بهما، وأن يكون مسلماً متى كان الزوجُ مسلماً.",Marriage
1117,ماهي المادة الثانية والعشرون؟,"يحرم على التأبيد بسبب القرابة من النسب، الزواجُ من: الأصل وإن علا. الفرع وإن نزل. فروع الوالدين وإن نزلوا. الطبقة الأولى من فروع الأجداد أو الجدات.",Marriage
1118,ماهي المادة الثالثة والعشرون؟,"يحرم على التأبيد بسبب المصاهرة، زواج الرجل من: أ- أمهات زوجته وإن علون. ب- بنات زوجته التي دخل بها. ج- ‌من كانت زوجة أحد أصوله وإن علوا، أو أحد فروعه وإن نزلوا. الجماع في غير الزواج الصحيح يُوجب ما يوجبه التحريم بالمصاهرة في الزواج الصحيح.",Marriage
1119,ماهي المادة الرابعة والعشرون؟,يحرم على التأبيد زواج الرجل من المرأة التي لاعنها أمام القضاء ولو أكذب نفسه.,Marriage
1120,ماهي المادة الخامسة والعشرون؟,"يحرم من الرضاع ما يحرم من النسب، إذا توافر الشرطان الآتيان: ‌أن يقع الرضاع في العامين الأولين من الولادة. أن يبلغ (خمس) رضعات متيقنة متفرقة ولو تقارب وقتها.",Marriage
1121,ماهي المادة السادسة والعشرون؟,"يحرم الزواج مؤقتاً، في الحالات الآتية: زواج الرجل من المعتدة من غيره. زواج الرجل من البائن منه بينونة كبرى بطلاقها ثلاثاً مع مراعاة أحكام المادة (الخامسة والثمانين) من هذا النظام. الجمع بين أكثر من أربع نسوة ولو كانت إحداهن في عدة طلاق رجعي أو بائن أو فسخ. الجمع بين الأختين، أو بين المرأة وعمتها أو خالتها. زواج المحرِم بالحج أو العمرة قبل التحلل. زواج المسلم من غير الكتابية. زواج المسلمة من غير المسلم.",Marriage
1122,ماهي المادة السابعة والعشرون؟,الزوجان عند شروطهما. لا يكون الشرط مثبتاً لخيار فسخ عقد الزواج إلا إذا نص على الشرط كتابةً في وثيقة عقد الزواج أو أقر به الزوجان.,Marriage
1123,المادة الثامنة والعشرون,"إذا لم يفِ أحد الزوجين بما شرطه الآخر وفقاً لما تضمنته المادة (السابعة والعشرون) من هذا النظام؛ فللمشترط طلب فسخ عقد الزواج متى شاء إلا إذا أسقط حقه صراحة. فإذا كان عدم الوفاء من الزوج فيكون الفسخ بلا عوض، وإذا كان من الزوجة فيكون بعوض لا يزيد على المهر.",Marriage
1124,ماهي المادة التاسعة والعشرون؟,"إذا اشترط في عقد الزواج ما ينافي استمراره، أو جُعل عقد الزواج مقابل عقد زواج آخر؛ فالعقد باطل. مع مراعاة ما تضمنته الفقرة (1) من هذه المادة، يصح عقد الزواج، ويبطل الشرط إذا كان منافياً لمقتضى العقد.",Marriage
1125,ماهي المادة الثلاثون؟,"الزواج نوعان، وهما: زواجٌ صحيح. زواجٌ غير صحيح، ويشمل ما يأتي: أ- الزواج الباطل. ب- الزواج الفاسد.",Marriage
1126,ماهي المادة الحادية والثلاثون؟,"يكون عقد الزواج صحيحاً إذا توافرت أركانه وشروطه، ويرتب آثاره من حين انعقاده.",Marriage
1127,ماهي المادة الثانية والثلاثون؟,"يكون عقد الزواج باطلاً إذا تخلف أحد أركانه، أو أحد شروط صحته، أو اُشترط فيه أحد الشرطين الواردين في الفقرة (1) من المادة (التاسعة والعشرين) من هذا النظام.",Marriage
1128,ماهي المادة الثالثة والثلاثون؟,"لا يرتب الزواج الباطل أي أثر قبل الدخول. يترتب على الزواج الباطل بعد الدخول، الأحكام الآتية: أ- وجوب العدة. ب- حرمة المصاهرة. ج- استحقاق المرأة مهر المثل ما لم يسم مهر، إن كانت لا تعلم حكم العقد.",Marriage
1129,ماهي المادة الرابعة والثلاثون؟,"تفسخ المحكمة عقد الزواج الفاسد، ولا يترتب عليه أي أثر قبل الدخول إلا الطلاق إذا أوقعه الزوج فيقع بائناً بينونةً صغرى. يترتب على الزواج الفاسد بعد الدخول ما يأتي: أ- استحقاق المرأة المهر المسمى. ب- ثبوت نسب الولد. ج- وجوب العدة. د- حرمة المصاهرة. هـ- استحقاق المرأة النفقة ما لم تكن عالمة فساد العقد. و- الطلاق إذا أوقعه الزوج فيقع بائناً بينونةً صغرى. تطبق الآثار المترتبة على الزواج الفاسد على كل زواج باطل بعد الدخول إذا كان الزوجان لا يعلمان حكمه.",Marriage
1130,ماهي المادة الخامسة والثلاثون؟,"يصح للزوجين إبرام عقد زواج جديد مستوفٍ الأركانَ والشروط دون الحاجة إلى حكم قضائي بفسخ العقد السابق الفاسد أو الباطل، وذلك مع مراعاة الإجراءات المنظمة للتوثيق.",Marriage
1131,ماهي المادة السادسة والثلاثون؟,المهر هو المال الذي يدفعه الرجل للمرأة بسبب عقد الزواج.,Marriage
1132,ماهي المادة السابعة والثلاثون؟,كلُّ ما صحَّ اعتباره مالاً صح أن يكون مهراً.,Marriage
1133,ماهي المادة الثامنة والثلاثون؟,"المهر ملك للمرأة، لا تجبر على أي تصرف فيه.",Marriage
1134,ماهي المادة التاسعة والثلاثون؟,"يجوز الاتفاق في عقد الزواج على تأجيل المهر كله أو بعضه. إذا لم ينصّ في العقد على تأجيل المهر ولم يحدد وقت معين لتسليمه، فيتعين تسليمه عند المطالبة به. إذا نص في العقد على تأجيل المهر فلا يخلو من الأحوال الآتية: أ- إذا ذكر أجل معلوم، فيحل المهر بحلول الأجل. ب- إذا ذكر أجل غير معلوم، فهو معجل. ج- إذا لم يذكر وقت الأجل، فيحل بالفرقة البائنة، أو وفاة أحد الزوجين.",Marriage
1135,ماهي المادة الأربعون؟,"يجب المهر بموجب عقد الزواج الصحيح. يتأكد المهر المسمَّى كاملاً -أو مهر المثل- بالدخول، أو الخلوة، أو وفاة أحد الزوجين. تستحق المطلقة قبل الدخول نصف المهر إن كان المهر مسمى، وإلا فلها متعة لا تتجاوز نصف مهر المثل.",Marriage
1136,ماهي المادة الحادية والأربعون؟,يثبت للمرأة مهر المثل في الأحوال الآتية: السكوت عن تسمية المهر. نفي المهر في عقد الزواج. فساد المهر المسمى.,Marriage
1137,ماهي المادة الثانية والأربعون؟,"يلزم على كل من الزوجين حقوق للزوج الآخر، وهي: حسن المعاشرة بينهما بالمعروف، وتبادل الاحترام بما يؤدي للمودة والرحمة بينهما. عدم إضرار أحدهما بالآخر ماديًّا أو معنويًّا. عدم امتناع أحد الزوجين عن المعاشرة الزوجية أو الإنجاب إلا بموافقة الطرف الآخر. السكن في بيت الزوجية، بمبيت الزوج فيه وبقاء الزوجة معه. المحافظة على مصلحة الأسرة، ورعاية الأولاد وحسن تربيتهم. وعلى الزوج النفقة بالمعروف، والعدل بين الزوجات في القسم والنفقة الواجبة، وعلى الزوجة الطاعة بالمعروف، وإرضاع أولادهما ما لم يكن هناك مانع.",Marriage
1138,ماهي المادة الثالثة والأربعون؟,"للزوجة الامتناع عن الدخول والانتقال إلى بيت الزوجية حتى تقبض مهرها الحال ويهيئ الزوج لها المسكن المناسب، ولها الحق في النفقة خلال هذه المدة. إذا رضيت الزوجة بالدخول قبل أن تقبض مهرها الحال، فيبقى دَيْناً في ذمة الزوج لها المطالبة به في أي وقت شاءت، وليس لها الامتناع بعد ذلك إذا هيَّأ لها المسكن المناسب.",Marriage
1139,ماهي المادة الرابعة والأربعون؟,"نفقة كل إنسان في ماله، إلا الزوجة فنفقتها على زوجها ولو كانت موسرة. إن لم يوجد لمجهول الأبوين مال ولم يتبرع أحد بالإنفاق عليه، كانت نفقته على الدولة.",Alimony and Maintenance 
1140,ماهي المادة الخامسة والأربعون؟,"النفقة حق من حقوق المنفق عليه، وتشمل: الطعام، والكسوة، والسكن، والحاجيات الأساسية بحسب العرف وما تقرره الأحكام النظامية ذات الصلة.",Alimony and Maintenance 
1141,ماهي المادة السادسة والأربعون؟,يراعى في تقدير النفقة حال المنفَق عليه وسعةُ المنفِق.,Alimony and Maintenance 
1142,ماهي المادة السابعة والأربعون؟,يجوز أن تكون النفقة نقداً. يعد من الإنفاق إتاحة المال عيناً أو منفعةً.,Alimony and Maintenance 
1143,ماهي المادة الثامنة والأربعون؟,"مع مراعاة ما تقضي به المادة (السادسة والأربعون) من هذا النظام، يجوز زيادة النفقة أو إنقاصها تبعاً لتغير الأحوال. لا تُسمع دعوى زيادة النفقة أو إنقاصها قبل مضي (سنة) من تاريخ صدور الحكم بالنفقة إلا في الظروف الاستثنائية التي تقدرها المحكمة. تُحسَب زيادة النفقة أو نقصانها اعتباراً من تاريخ صدور الحكم.",Alimony and Maintenance 
1144,ماهي المادة التاسعة والأربعون؟,"تستحق النفقة المستمرة للزوجة والأولاد والوالدين من تاريخ إقامة الدعوى للمطالبة بها، وتعد ديناً ممتازاً يقدم على سائر الديون بخلاف النفقة الماضية، فتخضع إلى حكم باقي الديون.",Alimony and Maintenance 
1145,ماهي المادة الخمسون؟,"تكون المطالبة بالنفقة وفق الأحكام المنظمة لذلك. وللمحكمة -عند الاقتضاء- أثناء نظرها طلباً يتعلق بنفقةٍ مستمرة، الحكم بنفقة مؤقتة لمستحقها بناء على طلبه دون حضور الطرف الآخر.",Alimony and Maintenance 
1146,ماهي المادة الحادية والخمسون؟,"مع مراعاة أحكام المادة (الثالثة والأربعين) من هذا النظام، تجب النفقة للزوجة على زوجها بموجب عقد الزواج الصحيح إذا مكَّنته من نفسها حقيقةً أو حكماً.",Alimony and Maintenance 
1147,ماهي المادة الثانية والخمسون؟,لا يسقط حق الزوجة في النفقة إلا بالأداء أو الإبراء. لا تسمع الدعوى بنفقة الزوجة عن مدة سابقة تزيد على (سنتين) من تاريخ إقامة الدعوى.,Alimony and Maintenance 
1148,ماهي المادة الثالثة والخمسون؟,"تجب النفقة للمعتدة من طلاق رجعي إلى حين انتهاء عدتها. لا تجب النفقة للمعتدة البائن إلا إذا كانت حاملاً، فلها النفقة حتى تضع حملها.",Alimony and Maintenance 
1149,ماهي المادة الرابعة والخمسون؟,"لا نفقة للمعتدة من الوفاة إلا إذا كانت حاملاً فتجب نفقتها في مال الحمل حتى تضع حملها، فإن لم يكن له مال وجبت النفقة على وارث الحمل. يحق للمعتدة من الوفاة السكنى في بيت الزوجية مدة العدة.",Alimony and Maintenance 
1150,ماهي المادة الخامسة والخمسون؟,"يسقط حق الزوجة في النفقة إذا منعت نفسها من الزوج، أو امتنعت عن الانتقال إلى بيت الزوجية أو المبيت فيه أو السفر مع الزوج، من دون عذر مشروع.",Alimony and Maintenance 
1151,ماهي المادة السادسة والخمسون؟,"تسكن الزوجة مع زوجها في مسكن الزوجية المناسب، إلا إذا اشترطت في عقد الزواج خلاف ذلك.",Marriage
1152,ماهي المادة السابعة والخمسون؟,"للزوج أن يسكن مع زوجته في بيت الزوجية: أبويه، وأولاده من غيرها متى كان مكلفاً بالإنفاق عليهم، بشرط ألا يلحق الزوجة ضرر من ذلك. للزوجة أن تسكن معها في بيت الزوجية أولادها من غير الزوج إذا لم يكن لهم حاضن غيرها أو أنهم يتضررون من مفارقتها، أو إذا رضي الزوج بذلك صراحة أو ضمناً، ويحق للزوج العدول متى لحقه ضرر من ذلك. إذا اشترك الزوجان في ملكية بيت الزوجية أو استئجاره أو توفيره، فليس لأي منهما أن يسكن معهما أحداً إلا برضا الطرف الآخر.",Alimony and Maintenance 
1153,ماهي المادة الثامنة والخمسون؟,"تجب على الأب منفرداً نفقة الولد الذي لا مال له، إذا كان الأب موسراً أو قادراً على التكسب. دون إخلال بالفقرة (1) من هذه المادة، تجب النفقة للابن إلى أن يصل إلى الحد الذي يقدر فيه أمثاله على التكسب، وللبنت إلى أن تتزوج.",Alimony and Maintenance 
1154,ماهي المادة التاسعة والخمسون؟,"في حال عدم إنفاق الأب الموسر أو غيابه ولم يكن له مال يمكن الإنفاق منه على الولد؛ تنفق الأم على الولد إن كانت موسرة، وإن كانت معسرة فينفق من تجب عليه النفقة في حالة عدم الأب، وتكون ديناً على الأب يرجع بها من أنفق إن كان قد نوى الرجوع على الأب حين إنفاقه. ولا تُسمع دعوى الرجوع بنفقة تزيد على (سنة) سابقة لتاريخ إقامة الدعوى.",Alimony and Maintenance 
1155,ماهي المادة الستون؟,"مع مراعاة ما تقضي به المادة (التاسعة والخمسون) من هذا النظام، في حال وفاة الأب أو فقده أو إعساره، تجب نفقة الولد على من يرثه من أقاربه الموسرين بحسب أنصبتهم في الإرث منه.",Alimony and Maintenance 
1156,ماهي المادة الحادية والستون؟,"يلتزم الأب بأجرة إرضاع ولده الصغير في الحولين إذا تعذر على الأم إرضاعه أو لم تعُد زوجة للأب، ويعد ذلك من النفقة.",Alimony and Maintenance 
1157,ماهي المادة الثانية والستون؟,تجب للوالدين غير الموسرين النفقة كلها أو تكميلها على الأولاد الموسرين -بقدر إرثهم- كباراً أو صغاراً ولو كان الوالدان قادرين على التكسب.,Alimony and Maintenance 
1158,ماهي المادة الثالثة والستون؟,"إذا أنفق أحد الأولاد على والديه أو أحدهما ولم ينو الرجوع على إخوته فليس له مطالبتهم. فإن نوى حين إنفاقه الرجوع عليهم -فيما زاد على نصيبه- فله ذلك، على ألا تسمع الدعوى بها عن مدة سابقة تزيد على (مائة وثمانين) يوماً من تاريخ إقامة الدعوى.",Alimony and Maintenance 
1159,ماهي المادة الرابعة والستون؟,"دون إخلال بأحكام النفقة المتعلقة بالأولاد والوالدين الواردة في هذا النظام، تجب نفقة كل مستحق للنفقة -غير قادر على التكسب- على وارثيه الموسرين بحسب أنصبتهم في الإرث منه.",Alimony and Maintenance 
1160,ماهي المادة الخامسة والستون؟,"إذا تعدد المستحقون للنفقة، ولم يستطع من وجبت عليه الإنفاق عليهم جميعاً، تُقدم نفقة الزوجة، ثم نفقة الأولاد، ثم نفقة الوالدين؛ ثم نفقة الأقارب: الأقرب فالأقرب.",Alimony and Maintenance 
1161,ماهي المادة السادسة والستون؟,"مع مراعاة ما تقضي به المادة (التاسعة والخمسون) من هذا النظام، تسقط نفقة القريب بمضي المدة ما لم ينفق عليه غير من وجبت عليه بنية الرجوع، ولا تُسمع دعوى الرجوع بنفقة تزيد على (مائة وثمانين) يوماً من تاريخ إقامة الدعوى.",Alimony and Maintenance 
1162,ماهي المادة السابعة والسبعون؟,الطلاق حل عقد الزواج بإرادة الزوج باللفظ الدال عليه.,Divorce
1163,ماهي المادة الثامنة والسبعون؟,"اللفظ الدال على الطلاق نوعان: صريح، وهو لفظ الطلاق أو ما تصرف منه. كناية، وهو اللفظ الذي يحتمل الطلاق وغيره إذا نوى به الزوج الطلاق.",Divorce
1164,ماهي المادة التاسعة والسبعون؟,"يقع الطلاق بالنطق أو بالكتابة، وعند العجز عنهما فبالإشارة المفهومة.",Divorce
1165,ماهي المادة الثمانون؟,"لا يقع الطلاق في الحالات الآتية: طلاق غير العاقل أو غير المختار. طلاق من زال عقله اختياراً ولو بمُحَرَّم. طلاق من اشتد غضبه حتى حال بينه وبين تحكمه في ألفاظه. إذا كانت الزوجة في حال حيض، أو نفاس، أو طهر جامعها زوجها فيه، وكان الزوج يعلم بحالها.",Divorce
1166,ماهي المادة الحادية والثمانون؟,"1- يقع الطلاق المعلق على فعل شيء أو تركه؛ إلا إذا كان التعليق بنية الحث أو المنع أو التصديق أو التكذيب، ولم يقترن بالتعليق قصد إيقاع الطلاق. 2- لا يقع الطلاق بالحنث بيمين الطلاق أو الحرام إلا إذا قصد به الطلاق.",Divorce
1167,ماهي المادة الثانية والثمانون؟,لا يقبل الطعن في صحة الطلاق في الحالات الواردة في المادتين (الثمانين) و(الحادية والثمانين) من هذا النظام متى وثّق وفقاً للإجراءات النظامية.,Divorce
1168,ماهي المادة الثالثة والثمانون؟,كل طلاق اقترن بالعدد لفظاً أو إشارة أو تكرر في مجلس واحد لا يقع به إلا طلقة واحدة.,Divorce
1169,ماهي المادة الرابعة والثمانون؟,يصح توكيل الزوج غيره -ذكراً كان أو أنثى- بالتطليق. لا يُقبل قول الزوج في الرجوع عن الوكالة الموثقة بعد إيقاع الطلاق من الوكيل إلا إذا وثق الزوج رجوعه قبل وقوع الطلاق.,Divorce
1170, ماهي المادة الخامسة والثمانون؟,"الطلاق نوعان، هما: طلاق رجعي لا ينهي عقد الزواج إلا بانقضاء العدة. طلاق بائن ينهي عقد الزواج حين وقوعه، وينقسم إلى قسمين: أ- الطلاق البائن بينونة صغرى، لا تحل المطلقة بعده لمطلقها إلا بعقد ومهر جديدين مع احتساب الطلقات السابقة. ب- الطلاق البائن بينونة كبرى، لا تحل المطلقة بعده لمطلقها إلا بعد انقضاء عدتها من زوج آخر دخل بها في زواج صحيح من غير قصد الزوج التحليل.",Divorce
1171,ماهي المادة السادسة والثمانون؟,"كل طلاق في زواج صحيح يعد طلاقاً رجعيًّا ما عدا الطلاق المكمل للثلاث، تبين به المرأة بينونة كبرى. الطلاق قبل الدخول أو الخلوة، تبين به المرأة بينونة صغرى.",Divorce
1172,ماهي المادة السابعة والثمانون؟,"إذا طلق الزوج زوجته طلاقاً رجعيًّا فله مراجعتها ما لم تنته العدة، ولا يسقط حق المراجعة بالتنازل عنه.",Divorce
1173,ماهي المادة الثامنة والثمانون؟,"تصح المراجعة باللفظ الصريح، نطقاً أو كتابةً، وعند العجز عنهما فبالإشارة المفهومة. ويعد الجماع في العدة مراجعة.",Divorce
1174,ماهي المادة التاسعة والثمانون؟,"لا تصح المراجعة إلا منجزة، ولا يجوز تعليقها على شرط أو إضافتها إلى المستقبل.",Divorce
1175,ماهي المادة التسعون؟,"يجب على الزوج أن يوثق الطلاق أمام الجهة المختصة -وفق الإجراءات المنظمة لذلك- وذلك خلال مدة أقصاها (خمسة عشر) يوماً من حين البينونة، ولا يخل ذلك بحق الزوجة في إقامة دعوى إثبات الطلاق.",Divorce
1176,ماهي المادة الحادية والتسعون؟,"إذا لم يوثق الزوج الطلاق على النحو الوارد في المادة (التسعين) من هذا النظام، ولم تعلم المرأة بطلاقه لها، فلها الحق بتعويض بما لا يقل عن الحد الأدنى لمقدار النفقة من تاريخ وقوع الطلاق إلى تاريخ علمها به.",Divorce
1177,ماهي المادة الثانية والتسعون؟,"يجب على الزوج في الطلاق الرجعي توثيق المراجعة، وفقاً للإجراءات المنظمة لذلك خلال مدة أقصاها (خمسة عشر) يوماً من تاريخ المراجعة إذا كان وثق الطلاق.",Divorce
1178,ماهي المادة الثالثة والتسعون؟,لا يقبل قول الزوجة في دعوى الطلاق والمراجعة إلا ببينة.,Divorce
1179,ماهي المادة الرابعة والتسعون؟,يقبل قول الزوجة في انقضاء عدة الطلاق قبل المراجعة إذا كانت المدة تحتمل انقضاء العدة فيها عادة.,Divorce
1180,ماهي المادة الخامسة والتسعون؟,الخلع هو فراق بين الزوجين بطلب الزوجة وموافقة الزوج مقابل عوض تبذله الزوجة أو غيرها.,Khulʿ
1181,ماهي المادة السادسة والتسعون؟,"يصح الخُلع بتراضي الزوجين كاملي الأهلية على إنهاء عقد الزواج، دون الحاجة إلى حكم قضائي.",Khulʿ
1182,ماهي المادة السابعة والتسعون؟,"يقع الخلع بأي لفظ دل على الفرقة بالنطق أو الكتابة وعند العجز عنهما فبالإشارة المفهومة، ويعد فسخاً لعقد الزواج ولو كان بلفظ الطلاق، ويكون فرقة بائنة بينونة صغرى، ولا يحسب من التطليقات الثلاث.",Khulʿ
1183,ماهي المادة الثامنة والتسعون؟,"يقع الخلع في أي حالٍ كانت عليه الزوجة، بما في ذلك حال حيضها، ونفاسها، والطُّهر الذي جَامعها زوجُها فيه.",Khulʿ
1184,ماهي المادة التاسعة والتسعون؟,"لا يقع الخلع إذا كان بغير عوض، فإذا خالع الزوج زوجته بلا عوض فلا يعد خلعاً، وتطبق أحكام الطلاق.",Khulʿ
1185,ماهي المادة المائة؟,"كلُّ ما صحَّ اعتباره مالاً صحَّ أن يكون عوضاً في الخلع، ولا يجوز أن يكون العوض إسقاط أي حق من حقوق الأولاد أو حضانتهم.",Khulʿ
1186,ماهي المادة الأولى بعد المائة؟,"إذا كان عوض الخُلع هو المهر فيقتصر على تسليم ما قُبِضَ من المهر، ويسقط ما بقي منه ولو كان مؤجلاً.",Khulʿ
1187,ماهي المادة الثانية بعد المائة؟,"يجب توثيق الخلع، وعلى الزوجين -أو أحدهما- توثيقه، وفق الأحكام المنظمة لذلك. يجوز لكل ذي مصلحة طلب إثبات الخلع بأي من وسائل الإثبات.",Khulʿ
1188,ماهي المادة الثالثة بعد المائة؟,"كل تفريق بحكم قضائي يعد فسخًا، وتكون فرقة بائنة بينونة صغرى، ولا تحسب من التطليقات الثلاث.",Judicial Dissolution
1189,ماهي المادة الرابعة بعد المائة؟,لكل من الزوجين طلب فسخ عقد الزواج لعلة مضرة في الآخر أو منفرة تمنع المعاشرة الزوجية -سواء كانت العلة قبل عقد الزواج أو طرأت بعده- ما لم يكن طالب الفسخ عالماً بالعلة حين إبرام العقد أو علم بها بعد إبرامه وحصل منه ما يدل على الرضا بها من قول أو فعل.,Judicial Dissolution
1190,ماهي المادة الخامسة بعد المائة؟,"إذا فسخ عقد الزواج لعلة في أحد الزوجين، فعلى المحكمة أن تقرر ما يأتي: إذا كانت العلة حدثت في أي من الزوجين بعد الدخول، فليس للزوج استرداد ما دفعه من المهر.",Judicial Dissolution
1191,ماهي المادة السادسة بعد المائة؟,"تفسخ المحكمة عقد زواج الزوجة التي لم يتم الدخول بها، بناء على طلبها لعدم أداء الزوج مهرها الحال إذا انتهى الأجل الذي حددته المحكمة لأداء المهر ولم يؤده، على ألا يزيد الأجل على (ثلاثين) يوماً من تاريخ الطلب.",Judicial Dissolution
1192,ماهي المادة السابعة بعد المائة؟,تفسخ المحكمة عقد الزواج بناء على طلب الزوجة إذا امتنع زوجها عن الإنفاق عليها أو تعذر استيفاء النفقة منه.,Alimony and Maintenance 
1193,ماهي المادة الثامنة بعد المائة؟,تفسخ المحكمة عقد الزواج بناء على طلب الزوجة إذا ادعى الزوج الإعسار بالنفقة الواجبة لزوجته ولو كانت عالمة بذلك قبل عقد الزواج. ولها طلب الفسخ فوراً أو متراخياً.,Alimony and Maintenance 
1194,ماهي المادة التاسعة بعد المائة؟,"تفسخ المحكمة عقد الزواج بناء على طلب الزوجة لإضرار الزوج بها ضرراً يتعذر معه دوام العشرة بالمعروف، إذا ثبت وقوع الضرر.",Judicial Dissolution
1195,ماهي المادة العاشرة بعد المائة؟,"إذا لم يثبت وقوع الضرر الذي يتعذر معه بقاء العشرة بالمعروف، واستمر الشقاق بين الزوجين، وتعذر الإصلاح؛ فيتعين على كل واحد من الزوجين اختيار حكم من أهله خلال الأجل الذي تحدده المحكمة، وإلَّا عينت المحكمة حكمين من أهليهما إن تيسر، وإلا فمن غير أهليهما ممن تُرجى منه القدرة على الإصلاح.",Marriage
1196,ماهي المادة الحادية عشرة بعد المائة؟,"إذا عجز الحكمان عن الإصلاح بين الزوجين، قررا ما يريانه من التفريق بينهما بعوض أو دونه. وفي جميع الأحوال يجب ألا يزيد العوض الذي تدفعه المرأة على المهر، ويقدم الحكمان إلى المحكمة تقريراً يشتمل على جميع ما قاما به في سبيل الإصلاح بين الزوجين، والرأي الذي انتهيا إليه مع بيان الأوجه التي اُستند إليها.",Marriage
1197,ماهي المادة الثانية عشرة بعد المائة؟,"تحكم المحكمة بفسخ عقد الزواج متى طلبت الزوجة فسخه قبل الدخول أو الخلوة، وامتنع الزوج عن طلاقها أو مخالعتها، وأعادت ما قبضته من مهر، وتعذر الإصلاح بينهما.",Judicial Dissolution
1198,ماهي المادة الثالثة عشرة بعد المائة؟,"على المحكمة أن تفسخ عقد الزواج بناء على طلب الزوجة في الحالتين الآتيتين: إذا حلف زوجها على عدم جماعها مدة تزيد على (أربعة) أشهر، ما لم يرجع عن يمينه قبل انقضاء الأشهر الأربعة.",Judicial Dissolution
1199,ماهي المادة الرابعة عشرة بعد المائة؟,"ما لم تكن الغيبة بسبب عمل، للزوجة طلب فسخ عقد الزواج بسبب غياب زوجها المعروف موطنه أو محل إقامته إذا غاب عنها مدة لا تقل عن (أربعة) أشهر ولو كان له مال يمكن استيفاء النفقة منه.",Judicial Dissolution
1200,ماهي المادة الخامسة عشرة بعد المائة؟,"للزوجة طلب فسخ عقد الزواج بسبب فقد زوجها أو غيابه إذا كان لا يعرف موطنه ولا محل إقامته، على ألَّا تحكم المحكمة بفسخ العقد إلَّا بعد مضي مدة تحددها، على ألا تقل المدة عن (سنة) ولا تزيد على (سنتين) من تاريخ فقده أو غيبته.",Judicial Dissolution
1201,ماهي المادة السادسة عشرة بعد المائة؟,العدة هي المدة المحددة التي لا يجوز للمرأة خلالها الزواج بسبب وقوع الفرقة الزوجية أو ما في حكمها.,Divorce
1202,ماهي المادة السابعة عشرة بعد المائة؟,"مع مراعاة ما تقضي به المادتان (الثالثة والثلاثون) و(الرابعة والثلاثون) من هذا النظام، تجب العدة بالوفاة في عقد الزواج الصحيح ولو قبل الدخول. وتجب إذا وقعت الفرقة في غير حالة الوفاة بالخلوة أو الدخول في عقد الزواج الصحيح.",Divorce
1203,ماهي المادة الثامنة عشرة بعد المائة؟,"يبدأ احتساب مدة العدة من حين وقوع الطلاق أو الخلع أو الوفاة. وفي حالات الفرقة بحكم قضائي، يبدأ احتساب مدة العدة من تاريخ صدور الحكم في حالات فسخ عقد الزواج، أو بطلانه، وفي حالة إثبات الطلاق المتنازع فيه من تاريخ ثبوت الطلاق عند المحكمة، ولا تتزوج المرأة -في الحالات السابقة- إلا بعد انتهاء مدة العدة أو اكتساب الحكم الصفة النهائية، أيهما أبعد.",Divorce
1204,ماهي المادة التاسعة عشرة بعد المائة؟,"مع مراعاة ما تقضي به المادة (العشرون بعد المائة) من هذا النظام، عدة المتوفى عنها زوجها ولو قبل الدخول بها هي (أربعة أشهر وعشرة أيام).",Divorce
1205,ماهي المادة العشرون بعد المائة؟,عدة الحامل المفارقة بالوفاة وغيرها هي وضع حملها متى جاوز الحمل (ثمانين) يوماً.,Divorce
1206,ماهي المادة الحادية والعشرون بعد المائة؟,"عدة غير الحامل المفارقة بغير الوفاة تكون على النحو الآتي: (ثلاث) حيضات لذوات الحيض. (ثلاثة) أشهر للآيسة، و(ثلاثة) أشهر لمن لم تحض، فإن رأت الحيض قبل انقضائها ابتدأت المرأة العدةَ بالحيض.",Divorce
1207,ماهي المادة الثانية والعشرون بعد المائة؟,"إذا توفي الزوج وكانت المرأة في العدة من طلاق رجعي، تنتقل إلى عدة الوفاة، ولا يحسب ما مضى.",Divorce
1208,ماهي المادة الثالثة والعشرون بعد المائة؟,"إذا توفي الزوج والمرأة في العدة من خلع أو فسخ أو طلاق بائن، فتكمل عدتها وليس عليها عدة وفاة، إلا إذا كان الطلاق في مرض الموت وبغير طلبها فتعتد بأطول العدتين.",Divorce
1209,ماهي المادة الرابعة والعشرون بعد المائة؟,"الحضانة هي حفظ من لا يستقل بنفسه عما يضره، وتربيته والقيام على مصالحه بما في ذلك التعليم والعلاج.",Custody and Visitation
1210,ماهي المادة الخامسة والعشرون بعد المائة؟,"مع مراعاة ما تقضي به المادة (العاشرة) من هذا النظام، يشترط أن تتوافر في الحاضن الشروط الآتية: كمال الأهلية.القدرة على تربية المحضون وحفظه ورعايته. السلامة من الأمراض المعدية الخطيرة.",Custody and Visitation
1211,ماهي المادة السادسة والعشرون بعد المائة؟,"دون إخلال بما تضمنته المادة (الخامسة والعشرون بعد المائة) من هذا النظام، يتعين التقيد بالشروط الآتية: إذا كان الحاضن امرأة، فيجب أن تكون غير متزوجة برجل أجنبي عن المحضون، ما لم تقتض مصلحة المحضون خلاف ذلك. إذا كان الحاضن رجلاً، فيجب أن يكون ذا رحم محرم للمحضون إن كان أنثى، وأن يقيم عند الحاضن من يصلح للحضانة من النساء.",Custody and Visitation
1212,ماهي المادة السابعة والعشرون بعد المائة؟,"الحضانة من واجبات الوالدين معاً ما دامت الزوجية قائمة بينهما، فإن افترقا فتكون الحضانة للأم، ثم الأحق بها على الترتيب الآتي: الأب، ثم أم الأم، ثم أم الأب، ثم تقرر المحكمة ما ترى فيه مصلحة المحضون، وذلك دون إخلال بما تضمنته المادة (السادسة والعشرون بعد المائة) من هذا النظام. للمحكمة أن تقرر خلاف الترتيب الوارد في الفقرة (1) من هذه المادة، بناء على مصلحة المحضون.",Custody and Visitation
1213,ماهي المادة الثامنة والعشرون بعد المائة؟,"مع مراعاة ما تقضي به الأنظمة ذات العلاقة، يسقط الحق في الحضانة في الحالات الآتية: إذا تخلف أحد الشروط المذكورة في المادتين (الخامسة والعشرين بعد المائة) و(السادسة والعشرون بعد المائة) من هذا النظام. إذا انتقل الحاضن إلى مكان بقصد الإقامة تفوت به مصلحة المحضون. إذا سكت مستحق الحضانة عن المطالبة بها مدة تزيد على (سنة) من غير عذر؛ ما لم تقتض مصلحة المحضون خلاف ذلك.",Custody and Visitation
1214,ماهي المادة التاسعة والعشرون بعد المائة؟,"مع مراعاة ما تقضي به الأحكام النظامية ذات العلاقة، يخضع السفر بالمحضون إلى خارج المملكة للأحكام الآتية: لا يجوز للحاضن إذا كان أحد الوالدين السفر بالمحضون إلى خارج المملكة مدة تزيد على (تسعين) يوماً في السنة إلا بموافقة الوالد الآخر، والولي على النفس في حال وفاة الوالد. لا يجوز للحاضن من غير الوالدين السفر بالمحضون إلى خارج المملكة مدة تزيد على (ثلاثين) يوماً في السنة إلا بموافقة الوالدين أو أحدهما في حال وفاة الآخر، والولي على النفس في حال وفاتهما.",Custody and Visitation
1215,ماهي المادة الثلاثون بعد المائة؟,يجوز لمن سقط حقه في الحضانة أن يتقدم إلى المحكمة بطلبها مجدداً إذا زال سبب سقوطها عنه.,Custody and Visitation
1216,ماهي المادة الحادية والثلاثون بعد المائة؟,"إذا كان سن المحضون لا يتجاوز العامين ولم يطلب الحضانة أحد مستحقيها، فتلزم بها الأم إن وجدت وإلا ألزم بها الأب. إذا تجاوز المحضون سن العامين ولم يطلب الحضانة أحد مستحقيها، فيلزم بها الأب إن وجد وإلا فتلزم بها الأم.",Custody and Visitation
1217,ماهي المادة الثانية والثلاثون بعد المائة؟,"إذا لم يوجد الوالدان، ولم يقبل الحضانة مستحق لها، تختار المحكمة من تراه صالحاً من أقارب المحضون، أو غيرهم، أو إحدى الجهات المؤهلة لهذا الغرض.",Custody and Visitation
1218,ماهي المادة الثالثة والثلاثون بعد المائة؟,"إذا تركت الأم بيت الزوجية لخلاف أو غيره، فلا يسقط حقها في الحضانة لأجل ذلك، ما لم تقتض مصلحة المحضون خلاف ذلك.",Custody and Visitation
1219,ماهي المادة الرابعة والثلاثون بعد المائة؟,"مع مراعاة ما تقضي به المادة (التاسعة والعشرون بعد المائة) من هذا النظام: إذا كان المحضون في حضانة أحد الوالدين، فللآخر زيارته واستزارته واستصحابه بحسب ما يتفقان عليه، وفي حال الاختلاف تقرر المحكمة ما تراه. إذا كان أحد والدي المحضون متوفى أو غائباً، فللمحكمة أن تعين مستحق الزيارة من أقاربه وفق مصلحة المحضون. إذا كان المحضون لدى غير والديه، فللمحكمة أن تعين مستحق الزيارة من أقاربه وفق مصلحة المحضون.",Custody and Visitation
1220,ماهي المادة الخامسة والثلاثون بعد المائة؟,"إذا أتم المحضون (الخامسة عشرة) من عمره، فله الاختيار في الإقامة لدى أحد والديه، ما لم تقتض مصلحة المحضون خلاف ذلك. تنتهي الحضانة إذا أتم المحضون (ثمانية عشر) عاماً. إذا كان المحضون مجنوناً أو معتوهاً أو مريضاً مرضاً مقعداً، فتستمر الحضانة وفق الترتيب المنصوص عليه في المادة (السابعة والعشرون بعد المائة) من هذا النظام.",Custody and Visitation
1221,متى يفسخ عقد الزواج بناء على طلب الزوجة؟,"إذا حلـف زوجهـا عـلى عـدم جماعهـا مـدة تزيد عـلى (أربعة) أشـهر، مـا لم يرجع عـن يمينه قبل انقضاء الأشـهر الأربعة أو إذا امتنع عن جماعها مدة تزيد على (أربعة) أشهر بلا عذر مشروع.",Judicial Dissolution
1222,هل للزوجة طلـب فسـخ عقـد الزواج بسـبب فقد زوجهـا؟,"للزوجـة طلـب فسـخ عقـد الزواج بسـبب فقد زوجهـا أو غيابـه إذا كان لا يعـرف موطنه ولا محل إقامتـه، عـلى ألا تحكـم المحكمـة بفسـخ العقـد إلا بعد مضي مدة تحددها، عـلى ألا تقل المدة عن (سـنة) ولا تزيـد على (سـنتين) مـن تاريخ فقـده أو غيبته.",Judicial Dissolution
1223,هل يفسـخ عقـد الـزواج لعـدم أداء المهـر للزوجـة التـي تـم الدخـول بهـا؟,"لا يفسـخ عقـد الـزواج لعـدم أداء المهـر للزوجـة التـي تـم الدخـول بهـا، ويبقـى دينـاً في ذمـة الـزوج، ويحكـم بالمهـر الحـال منـه عنـد مطالبـة الزوجـة بـه",Judicial Dissolution
1224,كيف ارفع دعوى توثيق زواج احد الزوجين غير سعودي؟,"لتوثيق زواج أحد الزوجين غير سعودي، يجب تسجيل الدخول على بوابة ناجز باستخدام حساب النفاذ الوطني، ثم اختيار جميع الخدمات الإلكترونية، ثم الدخول إلى باقة الحالات الاجتماعية. بعد ذلك، يتم اختيار خدمة توثيق زواج أحد الزوجين غير سعودي والضغط على أيقونة استخدام الخدمة. يجب على مقدم الطلب تحديد صفته سواء كان الزوج أو الزوجة أو الولي أو أحد الوكلاء، ثم إدخال بيانات الزواج والفحص الطبي ومكان إجراء العقد والشهود وإرفاق المستندات المطلوبة. بعد ذلك، يتم تقديم الطلب، وسيتلقى المستفيد إشعارًا برقم الطلب وتاريخ التقديم عبر رسالة نصية.",Marriage
1225,كيف ارفع دعوى توثيق رجعة؟,"يمكن تقديم طلب توثيق الرجعة عبر بوابة ناجز، حيث يتم تسجيل الدخول بحساب النفاذ الوطني ثم اختيار جميع الخدمات الإلكترونية، ثم الدخول إلى باقة الحالات الاجتماعية. بعد ذلك، يتم الدخول إلى خدمة توثيق الرجعة والضغط على أيقونة استخدام الخدمة. يجب تحديد جهة التوثيق المعنية، ثم إدخال صفة مقدم الطلب وبيانات الأطراف مثل الزوج والزوجة وبيانات الطلاق ومكان الواقعة. بعد ذلك، يتم إرفاق المستندات المطلوبة وتقديم الطلب، وسيتلقى المستفيد رسالة نصية تحتوي على رقم الطلب وتاريخ التقديم.",Divorce
1226,كيف ارفع دعوى توثيق حضانة؟,"خدمة توثيق الحضانة متاحة عبر بوابة ناجز، حيث يمكن للحاضنة أو وكيلها تقديم الطلب بسهولة. يتم تسجيل الدخول إلى البوابة بحساب النفاذ الوطني، ثم اختيار جميع الخدمات الإلكترونية، ثم الدخول إلى باقة الحالات الاجتماعية واختيار خدمة توثيق الحضانة. بعد ذلك، يتم الضغط على أيقونة استخدام الخدمة، ثم إدخال بيانات مقدم الطلب سواء كانت الحاضنة نفسها أو وكيلها، بالإضافة إلى بيانات والد المحضون والأبناء وسبب طلب الوثيقة والشهود. بعد تقديم الطلب، يتم إشعار المستفيد عبر رسالة نصية تحتوي على رقم الطلب وتاريخ التقديم، كما يتم إشعار الشهود للتصديق على الطلب بعد مراجعته.",Custody and Visitation
1227,كيف ارفع استعلام عن حالة طلب الصلح؟,"يمكن الاستعلام عن حالة طلب الصلح من خلال منصة تراضي الإلكترونية. يجب الدخول إلى بوابة ناجز، ثم اختيار جميع الخدمات الإلكترونية، ثم الدخول إلى باقة المصالحة. بعد ذلك، يتم اختيار خدمة استعلام عن حالة طلب الصلح والضغط على أيقونة الاستعلام لمعرفة حالة الطلب الذي تم تقديمه مسبقًا.",Marriage
1228,كيف ارفع قضية فسخ نكاح؟,"يمكن رفع قضية فسخ نكاح عبر بوابة ناجز بسهولة. يتم تسجيل الدخول باستخدام النفاذ الوطني الموحد، ثم الدخول إلى خدمات القضاء واختيار صحيفة الدعوى ثم طلب جديد. بعد ذلك، يتم اختيار التصنيف الرئيسي وهو الأحوال الشخصية، ثم التصنيف الفرعي دعاوى النكاح والفرقة، ثم تحديد نوع الدعوى كفسخ نكاح. بعد ذلك، يتم تعبئة البيانات المطلوبة وإرسال الطلب للمحكمة المختصة للنظر فيه.",Judicial Dissolution
1229,ما هي طريقة تقديم طلب نفقة؟,"لتقديم أو رفع دعوى نفقة، يجب الدخول إلى بوابة ناجز وتسجيل الدخول عبر النفاذ الوطني الموحد، ثم اختيار القضاء، وبعدها صحيفة الدعوى. يتم بعد ذلك اختيار طلب جديد، وتحديد التصنيف الرئيسي (أحوال شخصية) والتصنيف الفرعي (دعاوى الحضانة والزيارة والنفقة)، ثم تحديد نوع الدعوى سواء نفقة ماضية أو نفقة مستقبلية. من شروط الوصول للخدمة إرفاق المستندات المطلوبة، وبعد ذلك يمكن تقديم الطلب.",Alimony and Maintenance 
1230,كيف أرفع دعوى توثيق طلاق؟,"يمكن تقديم طلب توثيق الطلاق عبر بوابة ناجز، حيث يتم تسجيل الدخول بحساب النفاذ الوطني، ثم اختيار جميع الخدمات الإلكترونية والدخول إلى باقة الحالات الاجتماعية. بعد ذلك، يتم الدخول إلى خدمة توثيق طلاق، ثم اختيار جهة التوثيق المعنية، وإدخال بيانات مقدم الطلب والأطراف مثل الزوج والزوجة، وبيانات عقد الزواج، وبيانات الطلاق، ومكان الواقعة. بعد ذلك، يتم إرفاق جميع المستندات المطلوبة وتقديم الطلب. سيتلقى المستفيد رسالة نصية تحتوي على رقم الطلب وتاريخ التقديم. من شروط الوصول للخدمة وجود وكالة سارية إذا كان مقدم الطلب وكيلاً، وإرفاق الوثائق المطلوبة، وتصديق الوثائق الخارجية من وزارتي العدل والخارجية إذا كانت صادرة من خارج المملكة.",Divorce
1231,كيف أرفع دعوى توثيق زواج؟,"لتوثيق عقد الزواج، يجب على المأذون الدخول إلى بوابة ناجز باستخدام حساب النفاذ الوطني، ثم اختيار جميع الخدمات الإلكترونية والدخول إلى باقة الحالات الاجتماعية. بعد ذلك، يتم الدخول إلى خدمة دخول المأذون لاعتماد توثيق عقد الزواج، والضغط على أيقونة تقديم طلب جديد. يجب إدخال بيانات المأذون، مثل رقم الرخصة، ورقم الهوية الوطنية، ورقم الطلب، ثم الاطلاع على الطلب واعتماده. من شروط الوصول للخدمة وجود رخصة سارية للمأذون وتوفر رقم طلب لعقد زواج ورقم هوية أحد أطراف العقد.",Marriage
1232,كيف أرفع دعوى توثيق زواج سابق؟,"يمكن تقديم طلب توثيق زواج سابق من خلال بوابة ناجز، حيث يتم تسجيل الدخول بحساب النفاذ الوطني، ثم اختيار جميع الخدمات الإلكترونية والدخول إلى باقة الحالات الاجتماعية. بعد ذلك، يتم الدخول إلى خدمة توثيق زواج سابق، ثم اختيار جهة التوثيق المعنية وإدخال البيانات المطلوبة مثل بيانات الزوج والزوجة أو وكلائهما، وبيانات الزواج، وشروط الزواج، وبيانات الأبناء، ومكان الواقعة، والشهود. بعد ذلك، يتم تقديم الطلب، وسيتلقى المستفيد رسالة نصية تحتوي على رقم الطلب وتاريخ التقديم. كما سيتم إشعار أطراف العقد برسائل نصية لمصادقة الطلب، ويتم اعتماد الطلب بعد تدقيقه، ثم تصدر وثيقة عقد الزواج. من شروط الوصول للخدمة توفر الوثائق الداعمة المطلوبة، وتوفير رقم وثيقة الطلاق إذا كانت الزوجة مطلقة، أو صك حصر الورثة إذا كانت المرأة متوفى عنها زوجها، وتوفير بيانات جميع أطراف العقد والشهود، ووجود رقم جوال موثق في أبشر لجميع الأطراف. كما يجب أن يكون عمر جميع أطراف العقد والشهود أعلى من 18 سنة، وفي حال كان عمر أحد الزوجين أقل من 18 سنة، فيجب إرفاق صك الموافقة على الزواج المبكر. إذا كان أحد طرفي الزواج سعوديًا والآخر غير سعودي، يخضع الطلب للائحة زواج السعودي بغير السعودي، كما يجب تصديق الوثائق الخارجية من وزارة العدل، وإرفاق الوكالة الخارجية بعد تصديقها إذا كان مقدم الطلب وكيلاً.",Marriage
1233,كيف أرفع دعوى تصديق عقد زواج؟,"لتقديم طلب تصديق عقد زواج، يجب تسجيل الدخول إلى بوابة ناجز بحساب النفاذ الوطني، ثم اختيار جميع الخدمات الإلكترونية، ثم اختيار باقة الحالات الاجتماعية. بعد ذلك، يتم الدخول إلى خدمة تصديق عقد زواج، ثم الضغط على أيقونة استخدام الخدمة، واختيار جهة التوثيق المعنية. يجب إدخال صفة مقدم الطلب وبيانات الأطراف، مثل الزوج والزوجة والولي أو وكلائهم، وإرفاق جميع المستندات المطلوبة، ثم الضغط على أيقونة تقديم الطلب. بعد ذلك، يتم إشعار المستفيد برسالة نصية برقم الطلب وتاريخ التقديم. من شروط الوصول للخدمة إرفاق الفحص الطبي للزواج، ووجود وكالة سارية في حال كان مقدم الطلب وكيلاً، وإرفاق وثيقة عقد الزواج الصادرة من المأذون.",Marriage
1234,كيف أرفع دعوى إنشاء عقد زواج؟,"لإنشاء عقد زواج، يجب تسجيل الدخول إلى بوابة ناجز بحساب النفاذ الوطني، ثم اختيار جميع الخدمات الإلكترونية، وبعدها اختيار باقة الحالات الاجتماعية. بعد ذلك، يتم الدخول إلى خدمة إنشاء عقد زواج، ثم الضغط على أيقونة استخدام الخدمة، وإدخال البيانات المطلوبة، مثل بيانات الزوجة، حالة الزوجة، بيانات الزوج، بيانات ولي الزوجة، الفحص الطبي، المهر، شروط الزوج والزوجة، مكان الواقعة، المرفقات، وبيانات الشهود. بعد ذلك، يتم تقديم الطلب، وسيتم إشعار المستفيد برسالة نصية برقم الطلب وتفاصيله، كما سيتم إشعار الأطراف (الزوج، الزوجة، الولي، والشهود) برسائل نصية للمصادقة على الطلب بعد تدقيقه. ثم يتم اعتماد الطلب، وإرساله إلى مأذون الأنكحة، حيث يتم التواصل مع مأذوني الأنكحة أو اختيار المأذون من قبل مقدم الطلب من خلال دليل مأذوني الأنكحة. بعد ذلك، يتم تزويد المأذون برقم الطلب والدخول من حساب المأذون لاعتماد الطلب، ثم صدور وثيقة عقد الزواج، وإشعار الأطراف بذلك. من شروط الوصول للخدمة توفر فحص طبي للسعوديين فقط، وتوفر الوثائق الداعمة حسب متطلبات النموذج الإلكتروني، وتوفير رقم وثيقة الطلاق الإلكترونية في حال كانت الزوجة مطلقة أو نسخة من صك الطلاق الورقي. إذا كانت المرأة متوفى عنها زوجها، يجب توفير رقم توثيق ورثة المتوفى إذا كان إلكترونيًا، أو نسخة من صك حصر الورثة في حال كان ورقيًا. كما يجب توفير بيانات جميع أطراف العقد والشهود، وأن يكون عمرهم أعلى من 18 سنة، وفي حال كان عمر الزوج أو الزوجة أقل من 18 سنة، يتطلب وجود صك الموافقة على الزواج المبكر. كما يجب أن يكون ولي المرأة وفق تسلسل الولاية الشرعية، مع إرفاق ما يثبت انتقال الولاية. إذا كانت الوثائق صادرة من خارج المملكة، فيجب تصديقها من وزارة العدل، وفي حال كان مقدم الطلب وكيلًا بموجب وكالة خارجية، يجب التحقق منها أو إرفاقها.",Marriage
1235,كيف أرفع قضية خلع؟,"لرفع قضية خلع، يجب الدخول إلى بوابة ناجز، ثم تسجيل الدخول، ثم الانتقال إلى الخدمات الإلكترونية، واختيار خدمة القضاء، ثم اختيار صحيفة الدعوى. بعد ذلك، يتم اختيار التصنيف الرئيسي (أحوال شخصية)، ثم التصنيف الفرعي (دعاوى النكاح والفرقة)، ثم إدخال نوع الدعوى (الخلع)، ثم إدخال بيانات الخصوم بالدعوى واستكمال الطلب.",Khulʿ
1236,متى يتم رفع دعوى نفقة؟,"يمكن رفع دعوى نفقة وسكن إذا كان الزوج أو الأب لا يقوم بدفع النفقة المستحقة للزوجة أو الأبناء رغم استحقاقها قانونيًا. كما يمكن رفعها عند انتهاء فترة النفقة التي تم الحكم بها مسبقًا ويحتاج الطرف المستحق إلى تجديد النفقة أو تعديلها. أيضًا، يمكن رفع الدعوى إذا طرأت تغييرات كبيرة على الوضع المالي للشخص الملتزم بالنفقة أو على احتياجات المستفيدين منها، مما يستدعي تعديل مقدارها. كما يمكن رفع دعوى نفقة عند الطلاق أو الانفصال لتحديد المستحقات المالية، بما في ذلك نفقة الأبناء.",Alimony and Maintenance 
1237,ما هي الأسباب التي تبرر فسخ النكاح؟,"أسباب فسخ النكاح تشمل: وجود عيب شرعي كالعجز الجنسي أو مرض مزمن، عدم دفع المهر قبل الدخول، غياب الزوج لأكثر من 4 أشهر مع إنذار أو سنة دون معرفة مكانه، عدم الإنفاق على الزوجة، أو عدم تنفيذ شرط في عقد الزواج مثل عدم التعدد. يجب إثبات السبب بالأدلة لدى المحكمة.",Judicial Dissolution
1238,كيف يتم توثيق فسخ النكاح بعد الحكم؟,"بعد صدور حكم الفسخ، يُسجل الحكم في النظام الإلكتروني. تُصدر المحكمة صك فسخ نكاح، يُستلم إلكترونيًا عبر ناجز من 'الخدمات الإلكترونية' ثم 'باقة الحالات الاجتماعية' ثم استعراض الصكوك، أو ورقيًا من المحكمة. الصك يُستخدم لتحديث الحالة الاجتماعية.",Judicial Dissolution
1239,هل يتطلب فسخ النكاح دفع عوض؟,"إذا كان الفسخ لسبب شرعي مثل العيب أو عدم الإنفاق، لا يُطلب عوض. أما إذا طلبت الزوجة الفسخ دون سبب شرعي واضح، قد يُطلب منها عوض مالي يحدده القاضي، مثل إعادة المهر أو تعويض آخر.",Judicial Dissolution
1240,ما الفرق بين فسخ النكاح والخلع؟,"الفسخ هو انقضاء عقد الزواج بحكم قضائي بسبب وجود عيب شرعي أو ضرر يبرر إنهاء الزواج، مثل عدم قدرة الزوج على الإنفاق، العنف، أو الإخلال بأحد شروط العقد. المبرمة بين الزوج والزوجة، بينما الخلع هو فراق بين الزوجين بطلب الزوجة وموافقة الزوج مقابل عوض تبذله الزوجة أو غيرها.",Judicial Dissolution
1241,هل يُحتسب فسخ النكاح من عدد التطليقات؟,"لا، فسخ النكاح لا يُحتسب من الطلقات الثلاث. يُعد بينونة صغرى، فيجوز للزوجين العودة بعقد ومهر جديدين.",Judicial Dissolution
1242,كيف أثبت فسخ نكاح لم يُوثق مسبقًا؟,"لإثبات فسخ سابق، ارفع/ي دعوى إثبات فسخ عبر ناجز بنفس خطوات رفع دعوى الفسخ. قدم/ي أدلة مثل شهادات شهود أو وثائق اتفاق. تُعقد جلسة لسماع الأطراف، وإذا ثبتت الواقعة، تُصدر المحكمة صك إثبات فسخ.",Judicial Dissolution
1243,ما شروط قبول دعوى فسخ النكاح؟,"يجب أن يكون السبب شرعيًا مثل العيب أو الغياب، مع تقديم أدلة كافية كتقارير طبية أو شهادات. يشترط أن يكون المدعي أهلاً (الزوج، الزوجة، أو وكيلهما)، وإثبات الضرر إذا كان السبب غيابًا أو إساءة.",Judicial Dissolution
1244,هل يمكن توثيق فسخ نكاح وديًا دون محكمة؟,"إذا اتفق الزوجان وديًا، يُقدم طلب توثيق فسخ عبر ناجز من 'باقة الحالات الاجتماعية' ثم 'توثيق فسخ'. يُدخل بيانات الاتفاق ويُرفق عقد الزواج. يُوثق الموثق الطلب ويُصدر صك الفسخ. إذا لم يكن هناك اتفاق، يُلزم رفع دعوى قضائية.",Judicial Dissolution
1245,ما الآثار القانونية لفسخ النكاح؟,"ينتهي عقد الزواج رسميًا. تلتزم الزوجة بالعدة (3 قروء أو حتى الوضع إذا كانت حاملاً) إلا إذا كان الفسخ قبل الدخول. إذا كان الفسخ قبل الدخول بسبب عيب في الزوج، تستحق الزوجة المهر كاملاً، وإلا قد لا تستحق. النفقة واجبة خلال العدة إذا كان بعد الدخول.",Judicial Dissolution
1246,كيف يتم توثيق الخلع وديًا؟,"لتوثيق خلع ودي، ادخل/ي ناجز، اختر 'الخدمات الإلكترونية'، ثم 'باقة الحالات الاجتماعية'، و'توثيق خلع'. أدخل/ي بيانات الزوجين، العوض، وتفاصيل الاتفاق. أرفق/ي عقد الزواج وإثبات العوض. قدم/ي الطلب، يُراجعه الموثق، ويُصدر صك خلع يُستلم إلكترونيًا أو من المحكمة.",Khulʿ
1247,ما شروط الخلع؟,"شروط الخلع: أن تكون الزوجة كاملة الأهلية، طلبها طوعي بدون إكراه، دفع عوض مالي كإعادة المهر أو مبلغ آخر، وتوثيق الخلع رسميًا. لا يجوز أن يكون العوض إسقاط حقوق الأبناء أو حضانتهم.",Khulʿ
1248,ما الفرق بين الخلع والطلاق؟,"الخلع طلب من الزوجة مقابل عوض وهو بائن ويحتاج موافقة الزوج أو حكم قضائي.، أما الطلاق  هو انهاء عقد الزواج بإرادة الزوج ويكون الطلاق إما رجعيًا أو بائنًا، لا يتطلب عوضًا، وقد يكون رجعيًا يسمح بالرجوع خلال العدة.",Khulʿ
1249,ما الآثار القانونية للخلع؟,"الخلع ينهي الزواج ببينونة صغرى، تمنع الرجوع إلا بعقد جديد. تلتزم الزوجة بالعدة. لا تستحق نفقة إلا إذا كانت حاملاً، ويُحدد القاضي حقوق الأبناء كالنفقة أو الحضانة.",Khulʿ
1250,كيف أطالب بنفقة المتعة؟,"للمطالبة بنفقة المتعة، ارفع/ي دعوى عبر ناجز بنفس خطوات دعوى النفقة. أدخل/ي بيانات الطلاق (رجعي أو بائن)، واطلب/ي تعويضًا نفسيًا وماليًا. أرفق/ي صك الطلاق وأدلة الضرر. يُقدّر القاضي المتعة بناءً على مدة الزواج وظروف الطلاق.",Alimony and Maintenance 
1251,ما شروط استحقاق النفقة؟,الزوجة تستحق النفقة إذا لم تمنع نفسها من الزوج أو ترفض بيت الزوجية أو السـفر مـع الـزوج بغير عذر. المعتدة تستحق النفقة في الطلاق الرجعي أو إذا كانت حاملاً في البائن. الأبناء يستحقون النفقة إن كان لا مـال لهم وكان الأب قادرًا ماليًا.,Alimony and Maintenance 
1252,ما الآثار القانونية لدعوى النفقة؟,"إذا حكمت المحكمة بالنفقة، يُلزم الزوج أو الأب بالدفع شهريًا أو لمدة محددة. إذا امتنع، يُنفذ الحكم بالحجز على أمواله. النفقة تُغطي السكن والطعام والاحتياجات الأساسية، وتُعدل بناءً على التغيرات المالية.",Alimony and Maintenance 
1253,كيف أثبت طلاقًا لم يُوثق؟,"لإثبات طلاق سابق، ارفع/ي دعوى إثبات طلاق عبر ناجز بنفس خطوات توثيق الطلاق. قدم/ي أدلة مثل شهادات شهود أو وثائق مكتوبة. تُعقد جلسة لسماع الأطراف، وإذا ثبت الطلاق، تُصدر المحكمة صك إثبات طلاق يُستلم إلكترونيًا أو ورقيًا.",Divorce
1254,كيف أحصل على وثيقة طلاق؟,"بعد توثيق الطلاق أو إثباته، يُصدر صك الطلاق تلقائيًا عبر ناجز. ادخل/ي 'الخدمات الإلكترونية' > 'باقة الحالات الاجتماعية' > استعراض الصكوك لاستلامه إلكترونيًا، أو احضر/ي المحكمة. يُستخدم الصك لتحديث الحالة في الأحوال المدنية.",Divorce
1255,ما أنواع الطلاق؟,"الطلاق نوعان: رجعي يسمح برجوع الزوجة خلال العدة دون عقد جديد، وبائن يمنع الرجوع إلا بعقد ومهر جديدين، مثل الخلع أو الطلاق الثالث. الطلاق البائن قد يكون بالخلع أو بحكم قضائي.",Divorce
1256,ما الآثار القانونية للطلاق؟,"الطلاق ينهي الزواج، رجعيًا أو بائنًا. في الرجعي، تستحق الزوجة النفقة والسكن خلال العدة. في البائن، تستحق النفقة فقط إذا كانت حاملاً. يُحدد القاضي حقوق الأبناء كالحضانة والنفقة، وتُسجل الحالة الجديدة بالأحوال المدنية.",Divorce
1257,كيف أطالب بحضانة الأبناء قضائيًا؟,"للمطالبة بالحضانة، ارفع/ي دعوى عبر ناجز، اختر 'القضاء'، ثم 'صحيفة الدعوى'، و'طلب جديد'. حدد/ي 'أحوال شخصية'، ثم 'دعاوى الحضانة والزيارة والنفقة'. أدخل/ي بيانات المدعي والأبناء، وأرفق/ي أدلة الأهلية كالاستقرار المالي. تُنظر القضية، ويُصدر حكم بناءً على مصلحة الطفل.",Custody and Visitation
1258,ما شروط الحضانة؟,"شروط الحضانة: أهلية الحاضن عقليًا وقانونيًا، توفير بيئة آمنة للطفل، ويفضل ألا تكون الحاضنة متزوجة بأجنبي عن المحضون إلا لمصلحة الطفل. الأولوية للأم، ثم الأب، ثم الأقرباء حسب النظام.",Custody and Visitation
1259,ما الآثار القانونية للحضانة؟,"الحضانة تمنح الحاضن حق رعاية الطفل وسكنه. يُلزم الأب بنفقة الأبناء، ويُحدد القاضي الزيارة للوالد الآخر. تستمر الحضانة حتى سن معين أو حسب مصلحة الطفل.",Custody and Visitation
1260,ما شروط الزواج؟,"شروط الزواج: أهلية الزوجين (عمر 18 سنة أو موافقة للزواج المبكر)، موافقة الولي للزوجة، فحص طبي، وعدم وجود محرمات شرعية كزواج الأختين معًا. إذا كان أحد الزوجين غير سعودي، يُطلب تصديق الوثائق الخارجية.",Marriage
1261,ما الآثار القانونية للزواج؟,"الزواج ينشئ حقوقًا وواجبات متبادلة، كالمهر والنفقة للزوجة، والطاعة الزوجية. يُسجل رسميًا بالأحوال المدنية، ويترتب عليه حقوق الأبناء كالنسب والإرث. يُلزم الزوج بالإنفاق وتوفير السكن.",Marriage
1262,كيف أرفع دعوى عضل؟,"لرفع دعوى عضل، سجّل/ي الدخول إلى ناجز، اختر 'القضاء'، ثم 'صحيفة الدعوى'، و'طلب جديد'. حدد/ي 'أحوال شخصية'، ثم 'دعاوى النكاح'، ونوع الدعوى 'عضل'. أدخل/ي بيانات المدعية والولي والخاطب، وأرفق/ي إثبات هوية الخاطب وأدلة الرفض. قدم/ي الطلب، تُنظر القضية، ويُصدر حكم بنقل الولاية أو الزواج إذا ثبت العضل.",Marriage
1263,ما شروط رفع دعوى عضل؟,"شروط دعوى العضل: أن يكون الخاطب كفؤًا شرعًا (مناسب دينيًا واجتماعيًا)، رفض الولي بدون مبرر شرعي، وموافقة المرأة طوعًا. يجب تقديم أدلة الرفض كرسائل أو شهادات.",Marriage
1264,ما الآثار القانونية لدعوى العضل؟,"إذا ثبت العضل، تُزوج المرأة للخاطب المناسب بحكم القاضي، أو تُنقل الولاية لولي آخر. يُصدر صك زواج أو قرار نقل ولاية، ويُسجل الزواج رسميًا. لا يُعاقب الولي إلا إذا ثبت سوء نيته.",Marriage
1265,ما هو سن التخيير للمحضون؟,"سن التخيير للمحضون هو السن الذي يُمنح فيه الطفل الحق في اختيار العيش مع أحد والديه أو غيرهما من الحاضنين، وعادةً يُعتبر عند بلوغ 15 سنة، أو أقل إذا ثبت نضج الطفل. القاضي يراعي مصلحة المحضون عند قبول الاختيار.",Custody and Visitation
1266,كيف يؤثر سن التخيير على الحضانة؟,"عند بلوغ المحضون سن التخيير، يحق له اختيار الحاضن (الأم، الأب، أو غيرهما). إذا اختار المحضون أحد الوالدين وكان الاختيار مناسبًا، يُصدر القاضي حكمًا بنقل الحضانة لهذا الطرف، مع مراعاة مصلحة الطفل.",Custody and Visitation
1267,هل اختيار المحضون عند سن التخيير ملزم للمحكمة؟,"اختيار المحضون عند سن التخيير (عادةً 15 سنة) يُؤخذ بجدية، لكن القاضي غير ملزم به إذا رأى أن الاختيار يتعارض مع مصلحة الطفل، مثل وجود بيئة غير آمنة أو تأثير خارجي على القرار.",Custody and Visitation
1268,ما شروط السماح للمحضون بالتخيير؟,"يجب أن يكون المحضون بلغ سن التخيير (15 سنة أو أقل إذا ثبت النضج)، وأن يكون قادرًا على اتخاذ قرار مستقل دون إكراه، وأن يكون الاختيار في مصلحته. القاضي قد يستعين بخبير نفسي لتقييم نضج الطفل.",Custody and Visitation
1269,كيف يتم تقديم طلب تخيير المحضون في المحكمة؟,"لتقديم طلب تخيير، يُرفع طلب عبر ناجز بالدخول إلى 'القضاء'، ثم 'صحيفة الدعوى'، واختيار 'أحوال شخصية'، ثم 'دعاوى الحضانة'. أدخل/ي بيانات المحضون والحاضنين، وأرفق/ي إثباتات الهوية. تُعقد جلسة لسماع رأي المحضون، ويُصدر حكم بناءً على مصلحته.",Custody and Visitation
1270,ما الأدلة المطلوبة لدعم طلب التخيير؟,"يُطلب إرفاق إثبات هوية المحضون والحاضنين، وصك الحضانة الحالي إن وجد، وأي تقارير نفسية أو اجتماعية تدعم نضج المحضون. القاضي يسمع رأي الطفل مباشرة في جلسة خاصة.",Custody and Visitation
1271,هل يمكن للمحضون التخيير قبل سن 15 سنة؟,"نعم، يمكن للمحضون التخيير قبل 15 سنة إذا ثبت نضجه وقدرته على الاختيار، مثل سن 12 أو 13 سنة. القاضي يقيّم الطفل بناءً على تقارير خبراء وملابسات القضية لضمان المصلحة.",Custody and Visitation
1272,ما الفرق بين سن التخيير وسن التمييز؟,"سن التخيير (عادةً 15 سنة) يمنح المحضون حق اختيار الحاضن بشكل أقوى، بينما سن التمييز (عادةً 7 سنوات) يسمح له فقط بالتعبير عن رأيه دون أن يكون ملزمًا. التخيير يعتمد على نضج أكبر ومصلحة الطفل.",Custody and Visitation
1273,ما الآثار القانونية لاختيار المحضون عند سن التخيير؟,"إذا قُبل اختيار المحضون، تُنقل الحضانة للحاضن المختار بصك قضائي، مع الاحتفاظ بحقوق الوالد الآخر كالزيارة والنفقة. إذا رُفض الاختيار، يبقى الحاضن الحالي إذا كان في مصلحة الطفل.",Custody and Visitation
1274,هل يؤثر التخيير على نفقة المحضون؟,"لا، اختيار المحضون للحاضن عند سن التخيير لا يلغي واجب الأب بدفع النفقة. النفقة تظل مستحقة للمحضون بغض النظر عن الحاضن، ويُحددها القاضي بناءً على احتياجات الطفل.",Alimony and Maintenance 
1275,"وليي غائب خارج الدولة منذ مدة طويلة، فهل يمكن نقل ولاية تزويجي إلى ولي آخر؟","يمكن طلب رفع ولاية الولي عند ثبوت غيبته الطويلة، ونقل ولاية التزويج إلى الولي التالي المستحق بقرار من المحكمة.",Marriage
1276,"إذا خالف الزوج شرطًا مكتوبًا في عقد الزواج، فما الحقوق التي يمكن المطالبة به؟","يمكن للزوجة المطالبة بالحقوق المترتبة على الإخلال بشرط صحيح ومدون في عقد الزواج، بحسب طبيعة الشرط وآثاره والإجراء النظامي المناسب.",Marriage
1277,ما هو مؤخر الصداق؟,"مؤخر الصداق هو المبلغ المالي الذي يُلزم الزوج بدفعه للزوجة، ويُكتب في عقد الزواج كجزء من المهر. ويتم الاتفاق على أن يُدفع هذا المبلغ في وقت متأخر من الزواج، إما عند الطلاق أو عند وفاة الزوج، وفقًا للاتفاق بين الطرفين.",Marriage
1278,هل يصح تنازل الزوجة عن مؤخر الصداق إذا صدر التنازل تحت الإكراه؟,"شترط لصحة تنازل الزوجة عن مؤخر الصداق أن يكون صادرًا بإرادتها ورضاها دون إكراه، ويمكنها الاعتراض على التنازل والمطالبة بحقها إذا ثبت أنه صدر تحت ضغط أو إكراه، وفق ما تقرره المحكمة.",Marriage
1279,ما الإجراء الذي يمكن اتخاذه عند التعرض للإجبار على الزواج؟,"لا يجوز إجبار المرأة على الزواج دون رضاها، ويمكنها اللجوء إلى الجهات المختصة لطلب الحماية وتقديم شكوى. وإذا تم عقد الزواج بالإكراه، فيمكنها رفع دعوى أمام المحكمة لطلب فسخه عند ثبوت الإكراه.",Judicial Dissolution
1280,ما حكم عقد الزواج الذي تم دون ولي شرعي أو من ينوب عنه؟,"يشترط لصحة عقد الزواج وجود الولي الشرعي أو من تنتقل إليه الولاية نظامًا، مثل القاضي عند ثبوت العضل أو تعذر الولي. وإذا تم العقد دون ولي معتبر أو دون انتقال الولاية بالطريق النظامي، فيمكن الطعن في صحته أمام المحكمة.",Marriage
1281,هل يمكن للابن أو من يمثله المطالبة بالنفقة الماضية من الأب؟,"يمكن المطالبة بنفقة الابن الماضية عند توافر شروط استحقاقها، وتحدد المحكمة المدة والمبلغ المستحقين بناءً على تاريخ المطالبة والأدلة والظروف المعروضة عليها، وفق الحدود النظامية.",Alimony and Maintenance 
1282,هل يمكن المطالبة بنفقات الحمل والرضاعة ونفقة الطفل بعد الطلاق؟,"يمكن المطالبة بالنفقات المستحقة المرتبطة بالحمل، كما تجب نفقة الطفل على الأب، وقد تستحق الأم أجرة الرضاعة وفق شروط الاستحقاق وتقدير المحكمة.",Alimony and Maintenance 
1283,"إذا ادعى الزوج أن الزوجة تنازلت عن مؤخر الصداق وأنكرت ذلك، فكيف تنظر المحكمة في النزاع؟","تنظر المحكمة في الأدلة المقدمة لإثبات التنازل، ولا يسقط مؤخر الصداق بمجرد ادعاء الزوج وجود تنازل. ويخضع إثبات التنازل ووسائل الإثبات لتقدير المحكمة.",Marriage
1284,هل يمكن طلب فسخ الزواج بسبب الإيذاء النفسي المستمر؟,"نعم، يمكن للزوجة رفع دعوى لإنهاء العلاقة الزوجية إذا أثبتت وقوع ضرر نفسي مستمر يتعذر معه استمرار الحياة الزوجية، وتحدد المحكمة الإجراء المناسب بناءً على الأدلة والظروف.",Judicial Dissolution
1285,هل يمكن طلب تعديل مواعيد زيارة المحضون إذا كانت تضر به؟,"يمكن طلب تعديل مواعيد الزيارة أو مدتها إذا طرأت ظروف تجعل الترتيب الحالي ضارًا بالمحضون، وتقرر المحكمة ما يحقق مصلحته بناءً على الأدلة والتقارير المقدمة.",Custody and Visitation
1286,ماهي حالات سقوط الحضانة عن الأم؟,"تسقط حضانه الأطفال بعد الطلاق عن الأم في عدة حالات، أبرزها: الإهمال الجسيم في رعاية الطفل، بلوغ الطفل سن الاختيار، حيث يقرر البقاء مع الأب أو الأم، إصابة الأم بمرض معدٍ أو نفسي يمنعها من الرعاية، منعها الأب من رؤية أبنائه ثلاث مرات متتالية بعد إنذاره من القاضي، زواج الأم من رجل أجنبي عن الطفل (إلا إذا رأى القاضي بقاء المصلحة معها)، عدم مطالبة الأم بالحضانة مدة سنة دون عذر شرعي، وسفر الأم بما يمنع الأب من رؤية أبنائه.",Custody and Visitation
1287,هل يمكن نقل الحضانة بسبب إهمال الحاضن لتعليم المحضون؟,"يمكن طلب نقل الحضانة إذا ثبت أن الإهمال الدراسي يمثل إخلالًا مستمرًا بواجبات الحاضن ويلحق ضررًا واضحًا بمصلحة المحضون، وتقدر المحكمة ذلك بناءً على الأدلة والتقارير التعليمية.",Custody and Visitation
1288,هل يمكن نقل الحضانة مؤقتًا عند سفر الحاضن مدة طويلة؟,"نعم، يمكن طلب نقل الحضانة مؤقتًا إذا كان سفر الحاضن مدة طويلة يمنعه من رعاية المحضون، وتقرر المحكمة الترتيب الذي يحقق مصلحة الطفل مع تنظيم التواصل وإعادة النظر في الحضانة عند تغير الظروف.",Custody and Visitation
1289,كيف تحدد المحكمة الحضانة لطفل من ذوي الاحتياجات الخاصة؟,"تراعي المحكمة قدرة كل طرف على توفير الرعاية الصحية والتعليمية والنفسية المناسبة لاحتياجات الطفل، وتمنح الحضانة للطرف الذي يحقق مصلحته بصورة أفضل، مع بقاء نفقة الطفل واحتياجاته الخاصة على من تلزمه النفقة.",Custody and Visitation
1290,هل يؤثر مرض الحاضن في استمرار الحضانة؟,"نعم، ويمكن نقل الحضانة إذا ثبت أن مرض الحاضن يمنعه من أداء واجبات الرعاية ويعرض مصلحة المحضون للضرر، ويكون ذلك بناءً على التقارير الطبية وتقدير المحكمة.",Custody and Visitation
1291,ما الصور التي يمكن أن يكون عليها عوض الخلع؟,"يمكن أن يكون عوض الخلع مبلغًا ماليًا أو ردًا للمهر أو تنازلًا عن حق مالي جائز، ويحدد بالاتفاق بين الزوجين ويثبت أمام المحكمة.",Khulʿ
1292,هل يمكن طلب فسخ النكاح بسبب استمرار عدم الدخول بعد عقد الزواج؟,"يمكن طلب فسخ النكاح إذا استمر عدم الدخول وتعذر بدء الحياة الزوجية بسبب يرجع إلى الزوج، وتتحقق المحكمة من سبب عدم الدخول ومدته والأدلة المقدمة قبل الفصل في الدعوى والحقوق المترتبة عليها.",Judicial Dissolution
1293,هل يمكن طلب فسخ النكاح بسبب إدمان الزوج؟,"يمكن طلب فسخ النكاح إذا ثبت إدمان الزوج وما نتج عنه من ضرر أو خطر أو تعذر استمرار الحياة الزوجية، وتقدر المحكمة ذلك بناءً على الأدلة والتقارير المقدمة.",Judicial Dissolution
1294,هل تشمل نفقة الأم المحتاجة تكاليف من يساعدها على الرعاية؟,"تجب نفقة الأم المحتاجة على أبنائها القادرين، وقد تشمل تكاليف الرعاية الضرورية، مثل الاستعانة بمن يساعدها، إذا ثبتت حاجتها إلى ذلك، وتحدد المحكمة مقدار النفقة وتوزيعها بين الأبناء بحسب قدرتهم المالية.",Alimony and Maintenance 
1295,هل يؤثر اختلاف ديانة الحاضن في استمرار الحضانة؟,"لا يؤدي اختلاف ديانة الحاضن أو تغيرها إلى إسقاط الحضانة تلقائيًا، وإنما تنظر المحكمة في مدى تأثير ذلك في مصلحة المحضون وسلامة تنشئته واستقراره، ويجوز لها إعادة ترتيب الحضانة إذا ثبت وقوع ضرر على الطفل.",Custody and Visitation
1296,هل يمكن تعديل مواعيد ومكان زيارة المحضون بعد انتقال أحد الطرفين إلى مدينة أخرى؟,"يمكن طلب تعديل مواعيد الزيارة أو مكانها عند تغير محل إقامة أحد الطرفين أو تغير الظروف، وتحدد المحكمة الترتيب الذي يضمن استمرار علاقة المحضون بالطرف غير الحاضن ويحقق مصلحته.",Custody and Visitation
1297,هل يجوز الخلع قبل الدخول مقابل رد المهر؟,"يجوز أن يتم الخلع قبل الدخول مقابل رد المهر أو جزء منه أو عوض يتفق عليه الزوجان، وتحدد الأموال أو الممتلكات التي يجب ردها بحسب الاتفاق وما يثبت أنها كانت جزءًا من المهر أو عوض الخلع، مع توثيق ذلك أمام المحكمة.",Khulʿ
1298,هل يمكن أن تشمل نفقة الأبناء تكاليف التنقل؟,"تشمل نفقة الأبناء احتياجاتهم الأساسية، ويمكن أن تدخل فيها تكاليف التنقل عند ثبوت حاجتهم إليها، مثل التنقل للدراسة أو العلاج، مع مراعاة قدرة الأب المالية وتقدير المحكمة.",Alimony and Maintenance 
1299,هل يلزم الأب بتكاليف الحمل والولادة بعد الطلاق؟,"نعم، ويمكن المطالبة بالنفقات المستحقة المرتبطة بالحمل والولادة بعد الطلاق، وتحدد المحكمة مقدارها وفق الحاجة والأدلة المقدمة. كما تبقى نفقة الطفل بعد ولادته واجبة على الأب وفق شروط الاستحقاق.",Alimony and Maintenance 
1300,هل يعد إقرار الزوج بمؤخر الصداق في صك الطلاق دليلًا على استحقاقه؟,"يعد إقرار الزوج المثبت في وثيقة رسمية، مثل صك الطلاق، من الأدلة التي يمكن الاستناد إليها في المطالبة بمؤخر الصداق، وتتحقق المحكمة من الإقرار ومقدار المؤخر وحلول موعد استحقاقه.",Divorce
1301,هل تسقط حضانة الأم إذا سافرت بالطفل دون إذن الأب؟,"إذا كان السفر لمسافة بعيدة تمنع الأب من ممارسة حقه في الزيارة والولاية، أو كان السفر بغرض الاستقرار الدائم دون موافقة الولي، فإن ذلك يُعتبر تعسفًا من الحاضنة وقد يؤدي إلى إسقاط حضانتها. ولكن إن كان السفر لضرورة علاج أو مؤقتًا مع إمكانية الرؤية، فقد لا تسقط الحضانة بل تُفرض ضوابط.",Custody and Visitation
1302,هل تنتهي الحضانة إذا امتنعت الأم عن رؤية الأب للطفل؟,"امتناع الأم المستمر عن تنفيذ أحكام الرؤية الصادرة من المحكمة يمكن أن يؤدي إلى إسقاط حضانتها بعد إنذارها أكثر من مرة، ويُعتبر إضرارًا بالطفل. لكن الإسقاط ليس تلقائيًا، بل يحتاج إلى دعوى وحكم.",Custody and Visitation
1303,هل يمكن للأب طلب الحضانة بعد سقوطها عن الأم لزواجها؟,"نعم، إذا سقطت حضانة الأم بسبب الزواج بأجنبي، تنتقل الحضانة للأب أو للجدة حسب الترتيب. وإذا طلّقت الأم من زوجها الأجنبي، وزال المانع، يمكنها التقدم بطلب استعادة الحضانة، وتنظر المحكمة في صلاحها.",Custody and Visitation
1304,ما الفرق بين إسقاط الحضانة وإنهائها؟,"الإسقاط ينتج عن فقدان أهلية الحاضن أو الإضرار، وهو جزائي بطبيعته. أما الانتهاء فيكون ببلوغ الطفل سن الاختيار أي إذا أتم المحضون (الخامسة عشرة) من عمره، فله الاختيار في الإقامة لدى أحد والديه، ما لم تقتض مصلحة المحضون خلاف ذلك. أو إذا أتم المحضون (ثمانية عشر) عاماً وهو انتهاء طبيعي للحضانة.",Custody and Visitation
1305,هل تسقط الحضانة عن الجدة؟,"الجدة كغيرها من الحاضنين، إذا فقدت شرطًا من شروط الحضانة مثل العقل أو الأمانة أو الصحة، تسقط حضانتها. وغالبًا ما يكون السقوط مؤقتًا في حالة المرض.",Custody and Visitation
1306,إلى من تؤول الحضانة إذا لم يطلبها أحد مستحقيها؟,"إذا كان سن المحضون لا يتجاوز العامين ولم يطلب الحضانة أحد مستحقيها، فتلزم بها الأم إن وجدت وإلا ألزم بها الأب. إذا تجاوز المحضون سن العامين ولم يطلب الحضانة أحد مستحقيها، فيلزم بها الأب إن وجد وإلا فتلزم بها الأم. وإذا لم يوجد أي من الوالدين، فللمحكمة اختيار من تراه صالحًا من أقارب المحضون أو غيرهم أو جهة مؤهلة لهذا الغرض.",Custody and Visitation
1307,ما هو السن الذي يكون للمحضون فيه حرية الاختيار في الإقامة لدى أحد والديه؟,"للمحضون حرية الاختيار في الإقامة لدى أحد والديه إذا أتم خمسة عشر عامًا، ما لم تكن مصلحته تقتضي غير ذلك.",Custody and Visitation
1308,من الأولى بالحضانة: العمة أم الخالة؟,"كون الحق في الحضانة بعد الطلاق وفقًا للترتيب الآتي: الأم، ثم أم الأم، ثم الأب، ثم أم الأب، ثم الأخت الشقيقة، ثم الخالة، ثم العمة. وبناءً على هذا الترتيب تكون الخالة مقدمة على العمة، مع مراعاة أن للمحكمة أن تقرر خلاف ذلك إذا اقتضت مصلحة المحضون.",Custody and Visitation
1309,ما هو عفش الزوجية؟,"هو الأثاث والمنقولات الموجودة في منزل الزوجين قبل الطلاق، وتُرفع دعوى عفش الزوجية بعد الطلاق للمطالبة باسترداد هذه المقتنيات أو قيمتها من قبل أحد الطرفين.",Divorce
1310,هل العفش من حق الزوجة بعد الطلاق شرعًا؟,"يعد العفش بعد الطلاق حقًا للمرأة إذا كانت قد اشترته بمالها الخاص، أو حصلت عليه عن طريق الهبة أو الهدية من زوجها أو من غيره. ويشمل ذلك المقتنيات الشخصية كالملابس والمجوهرات أو الأثاث أو الأجهزة الكهربائية أو مؤخر المهر إذا اشترطت ذلك في عقد الزواج.",Divorce
1311,هل يحق للزوج المطالبة بعفش الزوجية؟,حق للزوج رفع دعوى للمطالبة بعفش الزوجية الذي اشتراه بماله الخاص إذا كان في حوزة الزوجة وامتنعت عن تسليمه له.,Divorce
1312,كيف يتم إثبات عفش الزوجية؟,"تم إثبات ملكية عفش الزوجية بطرق الإثبات المنصوص عليها في النظام السعودي، مثل شهادة الشهود، أو فواتير الشراء، أو إقرار المدعى عليه. ويشترط حصر الطلبات ووصف العفش والمقتنيات بالتفصيل في صحيفة الدعوى.",Divorce
1313,ما هي إجراءات رفع دعوى عفش الزوجية فيناجز؟,"مكن للزوج أو الزوجة المطالبة بعفش الزوجية بعد الطلاق برفع دعوى أمام محكمة الأحوال الشخصية عبر منصة ناجز، وذلك بتسجيل الدخول عبر النفاذ الوطني، ثم اختيار قضاء، ثم صحيفة دعوى، ثم طلب جديد، ثم التصنيف الرئيسي أحوال شخصية، ثم التصنيف الفرعي دعاوى النكاح والفرقة، ثم نوع الدعوى عفش الزوجية، ثم تعبئة البيانات وإرفاق المستندات وتقديم الطلب.",Divorce
1314,هل الذهب من حق الزوجة بعد الطلاق قبل الدخول؟,"إذا كان الذهب جزءًا من المهر المثبت في عقد الزواج فيأخذ حكم المهر، أما إذا كان هدية مستقلة فيُنظر في نية الإهداء وظروف الحال عند النزاع.",Divorce
1315,في حال طلبت الزوجة الطلاق هل يحق لها المهر؟,"يختلف الحكم بحسب نوع الإنهاء؛ ففي الطلاق من الزوج بعد الدخول تستحق كامل المهر، وفي الخلع الأصل أن ترد المهر أو جزءًا منه، وفي الفسخ بسبب ضرر من الزوج قد لا تُلزم برده.",Divorce
1316,اذا طلبت الزوجة الطلاق قبل الدخول ماذا يحق لها؟,"إذا كان الطلاق صادرًا من الزوج قبل الدخول فلها نصف المهر المسمى، أما إذا كان الانفصال بطلبها على سبيل الخلع فيجوز الاتفاق على رد المهر كاملًا أو جزءًا منه.",Divorce
1317,هل يمكن إلزام الزوجة بإعادة المهر إذا طلبت فسخ النكاح دون سبب معتبر؟,"يتحدد ذلك بحسب الأسباب التي تستند إليها الزوجة في طلب الفسخ؛ فإذا كانت الأسباب معتبرة فيُحكم بفسخ النكاح مع إعفاء الزوجة من إعادة أي مبالغ للزوج، أما إذا خلت الدعوى من الأسباب المعتبرة فيكون الفسخ بعوض بحسب وقائع الدعوى وتقدير المحكمة والجهات المختصة.",Judicial Dissolution
1318,هل للزوجة الحق بطلب فسخ النكاح إن امتنع الزوج عن جماعها؟,"إذا امتنع الزوج عن جماع زوجته مدة تزيد على أربعة أشهر وكان الامتناع بلا عذر مشروع، فيمكن أن يكون ذلك سببًا للحكم بفسخ عقد الزواج من قبل الزوجة. أما إذا وجد عذر مشروع، مثل السفر لمصلحة مشروعة أو الارتباط بعمل مشروع، فتقدّر المحكمة أثر ذلك وفق الوقائع.",Judicial Dissolution
1319,ما إجراءات دعوى فسخ النكاح؟,"تمر دعوى فسخ النكاح أمام المحكمة بمحاولة الصلح بين الزوجين أولًا، ثم نظر الدعوى أمام القاضي الابتدائي إذا تعذر الصلح أو امتنع أحد الطرفين عن الحضور، ثم يصدر الحكم بعد سماع الدعوى والجواب والدفوع وما يلزم من تحكيم أو خبرة، مع إتاحة مدة الاعتراض النظامية.",Judicial Dissolution
1320,هل يمكن الاستئناف أو الاعتراض على حكم فسخ النكاح؟,"إذا كان الحكم الصادر من المحكمة أو القاضي الابتدائي غير صحيح أو اشتمل على أمور مغلوطة أو كان فيه ظلم لأحد الزوجين، فيحق للزوجة أو الزوج التقدم باعتراض على الحكم وفق الإجراءات والمدد النظامية.",Judicial Dissolution
1321,ما هي إجراءات استخراج صك إعالة للوالدين؟,"يتم الدخول على رابط الخدمات الإلكترونية، واختيار إثبات إعالة، وتعبئة الطلب، ثم التوجه للمحكمة مع خطاب من الجهة طالبة الإعالة، وشاهدين ومزكين. وإذا كان طالب الإثبات موظفًا فيلزم إحضار خطاب من مرجعه.",Alimony and Maintenance 
1322,هل لصك الطلاق صلاحية انتهاء؟,"لا، لا يوجد لصك الطلاق صلاحية انتهاء.",Divorce
1323,"أريد رفع قضية حضانة، ماهي الإجراءات وهل يتطلب محامياً؟","يتم رفع دعوى حضانة عن طريق محكمة الأحوال الشخصية، وبإمكان طالب الدعوى رفعها بنفسه أو توكيل غيره.",Custody and Visitation
1324,"صك الزواج الخاص بي قد تلف، ما هي الإجراءات اللازمة من أجل إخراج بدل تالف وما هي الأوراق المطلوبة؟",يتم التقدم للمحكمة التي يتبعها المأذون بطلب إصدار بدل تالف.,Marriage
1325,توثيق عقد النكاح بالنسبة للمقيم أين يكون بالضبط؟,توثيق عقد النكاح يكون لدى محكمة الأحوال الشخصية.,Marriage
1326,"أنا مطلقة منذ تسع سنوات ولم أذهب لاستلام صك الطلاق، فكيف أحصل عليه؟","إذا كان قد صدر صك الطلاق سابقًا، فتراجع المطلقة الدائرة التي أصدرت الصك لاستلامه.",Divorce
1327,هل تستطيع الزوجة إصدار صك طلاق بدل مفقود علماً بأن لديها صورة منه؟,"نعم، تستطيع الزوجة ذلك، وتراجع الدائرة التي أصدرت الصك.",Divorce
1328,إذا تم الطلاق والزوج بمنطقة والزوجة بمنطقة أخرى. كم المدة اللازمة لاستخراج صك الطلاق وإرساله للزوجة؟,"إثبات الطلاق يتم في يوم تقديم الطلب، ويسجل الزوج بيانات الزوجة ومكان إقامتها ورقم التواصل بها ويطلب إرسال الصك لمحكمة مكان إقامتها، أو تراجع الزوجة أقرب محكمة لتخاطب المحكمة التي صدر منها الطلاق لإرسال الصك.",Divorce
1329,هل سجل الأسرة يغني عن صك الإعالة؟ وماهي متطلبات تجديد صك الإعالة؟,"سجل الأسرة لا يغني عن صك الإعالة، ولا يوجد تجديد لصك الإعالة، وإنما يتم استخراج صك جديد.",Alimony and Maintenance 
1330,هل هناك حاجة إلى شهود عند إجراءات الطلاق؟,"لا يلزم إحضار شهود، ويكفي حضور المطلق وإحضار عقد النكاح.",Divorce
1331,"عندي بنات في حضانتي ولدي صك حضانة، فهل يكفي أم أحتاج لصك ولاية كي أستطيع إنهاء جميع الإجراءات التي تخصهم؟","الأصل أن صك الحضانة كافٍ لمراجعة الجهات وإنهاء الإجراءات الخاصة بالمحضون، وقد يستلزم الأمر صك ولاية للبيع والشراء.",Custody and Visitation
1332,أين تتم إجراءات فسخ عقد زواج؟,"تقدم دعوى فسخ النكاح لدى محكمة الأحوال الشخصية حسب الاختصاص، وإن لم توجد محكمة أحوال شخصية في البلد فتقدم الدعوى للمحكمة العامة.",Judicial Dissolution
1333,ماهي المستندات المطلوبة لتصديق وثيقة عقد النكاح؟,إحضار وثيقة عقد النكاح والهوية الوطنية.,Marriage
1334,هل الأم المطلقة هي الوصي الشرعي للابن القاصر إن كانت تملك صك حضانة؟,"ليست الحاضنة الوصي الشرعي، لكن للحاضن بعض الصلاحيات التي تذكر في صك الحضانة.",Custody and Visitation
1335,أريد عمل إثبات حضانة لم أجدها في الموقع؟,"يتم الدخول على رابط الخدمات الإلكترونية واختيار إثبات حضانة، ثم تعبئة النموذج والتقدم برقم الطلب إلى الدوائر الإنهائية بمحكمة الأحوال الشخصية.",Custody and Visitation
1336,أنا مقيم وأرغب في عقد قراني في المحكمة كيف الطريقة؟,"يتم الدخول على رابط الخدمات الإلكترونية واختيار عقد زواج، ثم تعبئة النموذج والتقدم برقم الطلب إلى الدوائر الإنهائية بمحكمة الأحوال الشخصية.",Marriage
1337,كيف يتم استخراج صك إعالة للمطلقة؟,"بعد الدخول على الخدمات الإلكترونية واختيار خدمة تقديم طلب للدوائر الإنهائية، يتم تعبئة النموذج الخاص بإثبات إعالة ثم التوجه به للمحكمة.",Alimony and Maintenance 
1338,صك الإعالة هل يحتاج موعداً؟ وماهي شروطه؟,"بعد الدخول على الخدمات الإلكترونية واختيار خدمة تقديم طلب للدوائر الإنهائية، يتم تعبئة النموذج الخاص بإثبات إعالة ثم التوجه به للمحكمة.",Alimony and Maintenance 
1339,هل الكفاءة بين الزوجين شر لصحة عقد الزواج؟,الكفاءة بين الزوجين شرط للزوم عقد النكاح لا لصحته.,Marriage
1340,هلل للأقارب الأحقية في الاعتراض على الزواج في حالة عدم تكافؤ أحد الزوجين؟,"لكل ذي مصلحة من الأقارب -حتى الدرجة الثالثة - يتأثر بانعدام الكفاءة الحق في الاعتراض على عقد الزواج، وتقدر المحكمة ذلك.",Marriage